:020000040800F2
:10000000000002203D480208F13E0208F33E0208CB
:10001000F53E0208F73E0208F93E02080000000023
:10002000000000000000000000000000F1300208A5
:10003000FB3E02080000000081310208FD3E02087C
:100040008D4802088D4802088D4802088D48020834
:100050008D4802088D4802088D4802088D48020824
:100060008D4802088D4802088D4802088D48020814
:100070008D4802088D4802088D4802088D48020804
:100080008D4802088D4802088D48020800000000D3
:100090000000000000000000000000008D48020881
:1000A0008D4802088D4802088D4802088D480208D4
:1000B0008D4802088D4802088D4802088D480208C4
:1000C0008D4802088D4802088D4802088D480208B4
:1000D0008D480208153F02088D4802080000000004
:1000E0008D4802088D4802088D4802080000000073
:1000F0000000000000000000000000008D48020821
:1001000000000000213F02088D4802088D480208C7
:1001100000000000000000000000000000000000DF
:100120008D4802088D4802082D3F0208393F020819
:100130008D480208000000000000000000000000E0
:10014000000000000000000000000000453F020821
:10015000513F02088D4802085D3F02088D480208A1
:100160008D4802088D4802080000000000000000D1
:10017000000000000000000000000000000000007F
:10018000000000008D480208000000000000000090
:080190008D4802088D480208A9
:1001A00010B5054C237833B9044B13B10448AFF3B1
:1001B00000800123237010BDA80100200000000072
:1001C000C07D020808B5034B1BB103490348AFF3D8
:1001D000008008BD00000000AC010020C07D0208C6
:1001E00010F8012B11F8013B012A28BF9A42F7D0E1
:1001F000D01A7047034613F8012B002AFBD1181AB6
:1002000001387047000000000000000000000000FE
:1002100001F0FF01102A2BDB10F0070F08D010F8B7
:10022000013B013A8B422DD010F0070F42B3F6D1BB
:10023000F0B441EA012141EA014122F007047FF0D4
:1002400000070023F0E80256083C85EA010586EA2B
:10025000010685FA47F5A3FA87F586FA47F6A5FA67
:1002600087F68EB9EED1F0BC01F0FF0102F0070273
:1002700032B110F8013B013A83EA010313B1F8D11E
:100280000020704701387047002D06BF35460338FF
:10029000073815F0010F07D1013015F4807F02BF38
:1002A000013015F4C03F0130F0BC0138704700BF89
:1002B00081F0004102E000BF83F0004330B54FEA17
:1002C00041044FEA430594EA050F08BF90EA020F84
:1002D0001FBF54EA000C55EA020C7FEA645C7FEA17
:1002E000655C00F0E2804FEA5454D4EB5555B8BF3A
:1002F0006D420CDD2C4480EA020281EA030382EAAB
:10030000000083EA010180EA020281EA0303362D3C
:1003100088BF30BD11F0004F4FEA01314FF4801C0F
:100320004CEA113102D0404261EB410113F0004F21
:100330004FEA03334CEA133302D0524263EB4303D8
:1003400094EA050F00F0A780A4F10104D5F1200E76
:100350000DDB02FA0EFC22FA05F2801841F10001D1
:1003600003FA0EF2801843FA05F359410EE0A5F1A5
:1003700020050EF1200E012A03FA0EFC28BF4CF0D6
:10038000020C43FA05F3C01851EBE37101F000458C
:1003900007D54FF0000EDCF1000C7EEB00006EEB99
:1003A0000101B1F5801F1BD3B1F5001F0CD3490823
:1003B0005FEA30004FEA3C0C04F101044FEA44527A
:1003C00012F5800F80F09A80BCF1004F08BF5FEA01
:1003D000500C50F1000041EB045141EA050130BDE1
:1003E0005FEA4C0C404141EB0101013C28BFB1F5F3
:1003F000801FE9D291F0000F04BF01460020B1FA3E
:1004000081F308BF2033A3F10B03B3F120020CDA10
:100410000C3208DD02F1140CC2F10C0201FA0CF0EE
:1004200021FA02F10CE002F11402D8BFC2F1200C53
:1004300001FA02F120FA0CFCDCBF41EA0C01904009
:10044000E41AA2BF01EB0451294330BD6FEA040452
:100450001F3C1CDA0C340EDC04F11404C4F120023D
:1004600020FA04F001FA02F340EA030021FA04F34F
:1004700045EA030130BDC4F10C04C4F1200220FAA6
:1004800002F001FA04F340EA0300294630BD21FAE4
:1004900004F0294630BD94F0000F83F4801306BFAA
:1004A00081F480110134013D4EE77FEA645C18BF9E
:1004B0007FEA655C29D094EA050F08BF90EA020F35
:1004C00005D054EA000C04BF1946104630BD91EA2D
:1004D000030F1EBF0021002030BD5FEA545C05D130
:1004E0004000494128BF41F0004130BD14F580046F
:1004F0003CBF01F5801130BD01F0004545F0FE41E3
:1005000041F470014FF0000030BD7FEA645C1ABF17
:10051000194610467FEA655C1CBF0B46024650EA4E
:10052000013406BF52EA033591EA030F41F400217A
:1005300030BD00BF90F0000F04BF0021704730B500
:100540004FF4806404F132044FF000054FF00001D5
:1005500050E700BF90F0000F04BF0021704730B596
:100560004FF4806404F1320410F0004548BF40426B
:100570004FF000013EE700BF42004FEAE2014FEAC0
:1005800031014FEA02701FBF12F07F4393F07F4F9B
:1005900081F06051704732F07F4208BF704793F09E
:1005A0007F4F04BF41F40021704730B54FF46074B1
:1005B00001F0004521F000411CE700BF50EA0102B4
:1005C00008BF704730B54FF000050AE050EA01025D
:1005D00008BF704730B511F0004502D5404261EBCD
:1005E00041014FF4806404F132045FEA915C3FF40E
:1005F000D8AE4FF003025FEADC0C18BF03325FEAAB
:10060000DC0C18BF033202EBDC02C2F1200300FA5B
:1006100003FC20FA02F001FA03FE40EA0E0021FA80
:1006200002F11444BDE600BF70B54FF0FF0C4CF46E
:10063000E06C1CEA11541DBF1CEA135594EA0C0F20
:1006400095EA0C0F00F0DEF82C4481EA030621EA5B
:100650004C5123EA4C5350EA013518BF52EA033596
:1006600041F4801143F4801338D0A0FB02CE4FF048
:100670000005E1FB02E506F00042E0FB03E54FF078
:100680000006E1FB03569CF0000F18BF4EF0010E70
:10069000A4F1FF04B6F5007F64F5407404D25FEA6C
:1006A0004E0E6D4146EB060642EAC62141EA55511F
:1006B0004FEAC52040EA5E504FEACE2EB4F1FD0C61
:1006C00088BFBCF5E06F1ED8BEF1004F08BF5FEADF
:1006D000500E50F1000041EB045170BD06F0004691
:1006E00046EA010140EA020081EA0301B4EB5C043E
:1006F000C2BFD4EB0C0541EA045170BD41F4801136
:100700004FF0000E013C00F3AB8014F1360FDEBF5A
:10071000002001F0004170BDC4F10004203C35DA36
:100720000C341BDC04F11404C4F1200500FA05F3B9
:1007300020FA04F001FA05F240EA020001F000425A
:1007400021F0004110EBD37021FA04F642EB0601D0
:100750005EEA430E08BF20EAD37070BDC4F10C04FA
:10076000C4F1200500FA04F320FA05F001FA04F2BE
:1007700040EA020001F0004110EBD37041F10001AA
:100780005EEA430E08BF20EAD37070BDC4F12005B5
:1007900000FA05F24EEA020E20FA04F301FA05F21D
:1007A00043EA020321FA04F001F0004121FA04F2C5
:1007B00020EA020000EBD3705EEA430E08BF20EA95
:1007C000D37070BD94F0000F0FD101F000464000CF
:1007D00041EB010111F4801F08BF013CF7D041EA51
:1007E000060195F0000F18BF704703F00046520055
:1007F00043EB030313F4801F08BF013DF7D043EA26
:100800000603704794EA0C0F0CEA135518BF95EADB
:100810000C0F0CD050EA410618BF52EA4306D1D162
:1008200081EA030101F000414FF0000070BD50EA81
:10083000410606BF1046194652EA430619D094EA0B
:100840000C0F02D150EA013613D195EA0C0F05D1F5
:1008500052EA03361CBF104619460AD181EA030149
:1008600001F0004141F0FE4141F470014FF0000001
:1008700070BD41F0FE4141F4780170BD70B54FF09C
:10088000FF0C4CF4E06C1CEA11541DBF1CEA13551C
:1008900094EA0C0F95EA0C0F00F0A7F8A4EB0504FE
:1008A00081EA030E52EA03354FEA013100F08880F5
:1008B0004FEA03334FF0805545EA131343EA1263BE
:1008C0004FEA022245EA111545EA10654FEA002673
:1008D0000EF000419D4208BF964244F1FD0404F52C
:1008E000407402D25B084FEA3202B61A65EB030588
:1008F0005B084FEA32024FF480104FF4002CB6EB45
:10090000020E75EB030E22BFB61A754640EA0C00C4
:100910005B084FEA3202B6EB020E75EB030E22BF04
:10092000B61A754640EA5C005B084FEA3202B6EB45
:10093000020E75EB030E22BFB61A754640EA9C0004
:100940005B084FEA3202B6EB020E75EB030E22BFD4
:10095000B61A754640EADC0055EA060E18D04FEA92
:10096000051545EA16754FEA06164FEAC30343EA32
:1009700052734FEAC2025FEA1C1CC0D111F4801FFF
:100980000BD141EA00014FF000004FF0004CB6E7F8
:1009900011F4801F04BF01430020B4F1FD0C88BF97
:1009A000BCF5E06F3FF6AFAEB5EB030C04BFB6EBA2
:1009B000020C5FEA500C50F1000041EB045170BD95
:1009C0000EF0004E4EEA113114EB5C04C2BFD4EBC2
:1009D0000C0541EA045170BD41F480114FF0000E46
:1009E000013C90E645EA060E8DE60CEA135594EAC2
:1009F0000C0F08BF95EA0C0F3FF43BAF94EA0C0FC5
:100A00000AD150EA01347FF434AF95EA0C0F7FF439
:100A100025AF104619462CE795EA0C0F06D152EA8D
:100A200003353FF4FDAE1046194622E750EA410671
:100A300018BF52EA43067FF4C5AE50EA41047FF482
:100A40000DAF52EA43057FF4EBAE12E74FF0FF3CE7
:100A500006E000BF4FF0010C02E000BF4FF0010CB8
:100A60004DF804CD4FEA410C7FEA6C5C4FEA430C31
:100A700018BF7FEA6C5C1BD001B050EA410C0CBF80
:100A800052EA430C91EA030F02BF90EA020F0020E2
:100A9000704710F1000F91EA030F58BF994208BF49
:100AA00090422CBFD8176FEAE37040F00100704706
:100AB0004FEA410C7FEA6C5C02D150EA013C07D15D
:100AC0004FEA430C7FEA6C5CD6D152EA033CD3D0A8
:100AD0005DF8040B704700BF8446104662468C46A2
:100AE0001946634600E000BF01B5FFF7B7FF0028D5
:100AF00048BF10F1000F01BD4DF808EDFFF7F4FFFE
:100B00000CBF012000205DF808FB00BF4DF808ED88
:100B1000FFF7EAFF34BF012000205DF808FB00BFAB
:100B20004DF808EDFFF7E0FF94BF012000205DF8CD
:100B300008FB00BF4DF808EDFFF7CEFF94BF012082
:100B400000205DF808FB00BF4DF808EDFFF7C4FF7B
:100B500034BF012000205DF808FB00BF4FEA410CC4
:100B60007FEA6C5C02D150EA013C0AD14FEA430CA7
:100B70007FEA6C5C02D152EA033C02D14FF00000E4
:100B800070474FF0010070474FEA410212F5001222
:100B900015D211D56FF47873B3EB625212D94FEAC4
:100BA000C12343F0004343EA505311F0004F23FAAE
:100BB00002F018BF404270474FF00000704750EA03
:100BC000013005D111F0004008BF6FF000407047C0
:100BD0004FF00000704700BF7BB972B90029BEBF5B
:100BE00000204FF0004106E008BF00281CBF6FF056
:100BF00000414FF0FF3000F0D3B9ADF1080C6DE9C2
:100C000004CE002909DB002B1ADB00F04DF8DDF8DB
:100C100004E0DDE9022304B07047404261EB41018A
:100C2000002B1BDB00F040F8DDF804E0DDE90223D7
:100C300004B0404261EB4101524263EB4303704711
:100C4000524263EB430300F02FF8DDF804E0DDE9E6
:100C5000022304B0404261EB41017047524263EB12
:100C6000430300F021F8DDF804E0DDE9022304B0DD
:100C7000524263EB4303704753B94AB9002908BF96
:100C800000281CBF4FF0FF314FF0FF3000F088B953
:100C9000ADF1080C6DE904CE00F006F8DDF804E0D3
:100CA000DDE9022304B070472DE9F047089D0F46A7
:100CB00004468C46002B48D18A42164661D9B2FAC6
:100CC00082F34BB1C3F1200201FA03FC20FA02F2D5
:100CD0009E4042EA0C0C9C404FEA164EB7B2BCFB59
:100CE000FEF1220C0EFB11CC42EA0C4201FB07F094
:100CF000904209D9B21801F1FF3C80F0EE80904299
:100D000040F2EB8002393244121AA4B2B2FBFEF078
:100D10000EFB102244EA024400FB07F7A74209D960
:100D2000341900F1FF3280F0DA80A74240F2D78018
:100D30003444023840EA0140E41B00211DB1DC408C
:100D40000023C5E90043BDE8F0878B4206D90DB109
:100D5000C5E9000100210846BDE8F087B3FA83F138
:100D6000002948D1BB4202D3824200F20781841A93
:100D700067EB030201209446002DE4D0C5E9004C46
:100D8000E1E7002A00F09280B2FA82F3002B40F0F3
:100D9000A8808A1A4FEA164E1FFA86FC0121200C01
:100DA000B2FBFEF70EFB172240EA02420CFB07F0F3
:100DB000904207D9B21807F1FF3802D2904200F2F0
:100DC000E2804746121AA4B2B2FBFEF00EFB1022DC
:100DD00044EA02440CFB00FCA44507D9341900F195
:100DE000FF3202D2A44500F2CB801046A4EB0C04E3
:100DF00040EA0740A2E7C1F120068B4022FA06FC38
:100E00004CEA030C07FA01F420FA06F3F7404FEA24
:100E10001C49234300FA01F81FFA8CFEB7FBF9F0D6
:100E20001C0C09FB107744EA074400FB0EF7A742AD
:100E300002FA01F20AD91CEB040400F1FF3A80F037
:100E40009B80A74240F2988002386444E41B9FB222
:100E5000B4FBF9F309FB134447EA044403FB0EFE19
:100E6000A64509D91CEB040403F1FF3780F082800A
:100E7000A6457FD9023B644443EA0040A4EB0E043C
:100E8000A0FB02E7BC427346B94663D360D05DB1B4
:100E9000B8EB030264EB090404FA06F622FA01F344
:100EA0001E43CC40C5E9006400214CE762084808B5
:100EB00042EAC1710B0C43EA00438AB242EA0342A0
:100EC000B3FBF6F1E407B4463746B6461F23B0FB42
:100ED000F6F0D21B41EA004161E7614614E7104693
:100EE00028E7C3F1200120FA01F29E4027FA01F120
:100EF0009F403A434FEA164E1FFA86FCB1FBFEF7BD
:100F00000EFB1710110C41EA004107FB0CF8884555
:100F100004FA03F43AD9711807F1FF3001D2884579
:100F20001FD8A1EB0801B1FBFEF808FB0CF70EFB84
:100F3000181192B242EA0142BA422FD2B21808F115
:100F4000FF31C6D2BA42C4D2A8F102013244C0E78E
:100F5000F0459CD2BEEB020367EB0C070138B946A3
:100F600095E7A6EB08084144B81EB1FBFEF808FB64
:100F70000CF7DCE73B467FE7504667E70846FBE6B1
:100F80003444023832E7023F32441BE7A1EB080148
:100F90003846B1FBFEF808FB0CF7C8E7414698E776
:100FA000704700BF03798B4228BF0431C91AC9B208
:100FB00041717047036810B504461B69984763790F
:100FC000003B18BF01231B1A5842584110BD0000B6
:100FD00038B5124C236800255D62294620461BF077
:100FE000A5FD294620461BF0EDF9226813699907F3
:100FF000FCD50A4800211BF0E5F922680546136973
:101000009B07FCD5002105481BF0DCF900210446B4
:1010100002481BF0F1FD601B38BD00BF70EA0120E3
:1010200010B5144B1A689403FCD59A6822F0030299
:1010300042F001029A60104A002414661A68920174
:10104000FCD45A6822F48002104358605A6822F097
:101050003F0211435960084B01221A66054A136882
:101060009B01FCD5936823F0030343F002039360D4
:1010700010BD00BF00380240000047427FB510217C
:101080000020FFF7CDFFFFF7A3FF134B134A1B68A8
:1010900003EB4303B3FBF2F398421AD91422002165
:1010A00001A825F004FD0223009368460C4B04932D
:1010B00019F096FC08B122F0D7FC0A4B0122C3F8C4
:1010C0003C2E08214FF4800007B05DF804EBFFF7D9
:1010D000A7BF1921F6E700BFDC00002080841E00B6
:1010E000000308000000474270B510210020FFF700
:1010F00097FF0F4D0F4E1F24FFF76AFF2B683268D2
:101100000D49B2FBF1F28242C3F3C4030BD243B1E7
:10111000013B2A6822F0F80242EAC302013C2A603D
:10112000EAD1184670BDFCD91F2BFAD00133F0E785
:1011300000380240DC00002040420F0013B5FFF7EA
:10114000D3FF044619F0EEFC17F09EF8114A13681D
:1011500023F0F80343EAC40313604FF0E0230022B6
:101160001A615A619A610C4B0193019B596862B6EE
:101170000A4B1A6822F003021A601A6842F0010250
:101180001A60019B1B6883F3088802B0BDE8104019
:10119000084700BF003802400000FF1F0038014030
:1011A00070B5FFF76BFF3448FFF704FF08B1FFF796
:1011B000C5FF0AF0A7FC31490AF0C6FC12F0E4FEB4
:1011C0002F4A304912F06AFF16F0C8FC03682E4916
:1011D0001B6A984707F094FD2C49002207F0F0FDA8
:1011E0002B48FFF7E7FE30B112F08CF80368BDE83A
:1011F00070401B681847274C274D0AF083FC0AF003
:10120000A7FC0AF07FFCD4F89022C168234BB3FB03
:10121000F1F3142A03F1060338BF14226068C4F8FE
:101220008C125B0093422CBFC4F89432C4F8942211
:1012300003681B6998470AF065FC4169204603F082
:10124000D1FF0AF05FFC8169204603F0D4FF0AF069
:1012500059FC0369003B18BF01232B7005F032FDD8
:1012600029780F4B002918BF2346194605F046FD83
:1012700000F0A6FDBAE700BFAC05002090040020F6
:10128000A8040020C80400209C050020B8EA012022
:10129000BC050020C8010020C401002060721400B9
:1012A000F404002000BEFEE7704700002DE9F84F6F
:1012B0006849DFF8FC91684EDFF8F8816748684BB1
:1012C000C9F800301022C9E902120822F260654A0A
:1012D000DFF8E4B1906001250024C8E902054FF46D
:1012E0008060C2E90034D0605F4AB160C2E9003476
:1012F000C2E902155D4AC9F80450C6E90035C8E9DB
:1013000000355B4B13605B4B94801046C2E902349E
:1013100015F008FD4FF06413CBF80430564B574FCF
:10132000CBF80030564BCBF808304FF005137B60FC
:10133000544BDFF888A13B6007F10C00524BBB60B7
:1013400016F08CF8514BCAF80030514BCAF8843073
:10135000504B514818604FF4F07250481C760321EE
:10136000C3E901124FF4A071C3E90312C3E909866E
:1013700059614B4EC180C3E907B92146494B0281EF
:1013800003604471C7600474C0F81240C0F816408E
:10139000C0F81A400571AAF88840FFF703FE4FF421
:1013A00000404023C6E900030A2342203372C6E905
:1013B0000347746112F0A4FD3B4B3C4AF060C3E963
:1013C000002A0422C3F860214FF4E132C3E9A324C8
:1013D0002222C3E9A52403F12402C3E90644C3E998
:1013E0002F44C3E95544C3E99A44C3E99C44C3E983
:1013F0009E44C3E9A7441C84A3F8C44083F8CF40AB
:10140000A3F8D04083F8D240A3F85C41A3F864412C
:10141000C3F8804283F88B42C3E9A9449A608622CC
:10142000C3E9032403F1C802C3F8AC209C8207225D
:10143000A3F8B840C3E9AB44C3E9AD44C3E9AF4442
:10144000C3E92C24C3F8C4429D7583F8BA40BDE8B3
:10145000F88F00BF00000240CC05002000040240CD
:10146000401C0308BC050020AC0500209C050020A2
:10147000AC1C030800EB0120E01C030880050020E1
:1014800014EA0120641C030878E80120301D0308D9
:1014900008EC0120C80400206CB40208A804002055
:1014A0009004002044B40208C80100205C9C02089B
:1014B000EC050020DC05002090050020F40400204D
:1014C00008B5074BD86810B1012112F021FD05487D
:1014D000054B40F80C3BBDE8084015F0C9BF00BF04
:1014E0009004002080050020641C03084FF00000D9
:1014F00070474FF0000070474FF0000070474FF00A
:10150000000070474FF00000704700F50050007E6B
:10151000003818BF012080007047000010B5074B4D
:10152000044640F8283B16F0A0F904F1140015F029
:10153000F8FF201D15F0F5FF204610BD4C9B02085A
:1015400010B50446FFF7EAFF20464C2112F0E0FCFC
:10155000204610BD15F00EBE38B570B30B784D782F
:10156000DBB900F5AA540834236820465B69984724
:1015700088B1236820465B6C984760B129462046B5
:1015800016F032FE3DB9236820465B6C984710B1D7
:10159000204616F038FE002038BD012B03D100F59F
:1015A000B5541834E0E7062BF5D1002DF3D00368CD
:1015B00000F6A8319B699847EDE70220ECE738B5C3
:1015C00000F2CC4504464FF0FF31284615F058FF95
:1015D000002384F8FD3384F85733D4F86C3328465D
:1015E000C4E9DC3315F071FF20461821BDE838400E
:1015F00005F0F1BC08B521F0D7F9BDE8084021F0AD
:10160000A9B8000010B5044615F056F8044B236045
:101610000023C4E9083384F82830E362204610BD73
:1016200078B9020810B5044615F046F8054B23605A
:101630000023C4E90833C4E90A334FF48033236339
:10164000204610BD80BA020810B5044615F034F8E3
:10165000094B23604FF0FF320023C4E90B234FF402
:101660008032A2630122A287C4E90833636384F84D
:101670003E30204610BD00BF20B9020810B5044618
:1016800015F01AF80A4B23606FF07F420023C4E97B
:101690000833C4E90A332263A38604F13800FFF754
:1016A000D3FF04F17800FFF7CFFF204610BD00BF45
:1016B0008C21030810B5034B0360044615F00EF8A7
:1016C000204610BD78B9020810B50446FFF7F2FFB6
:1016D0002046302112F01CFC204610BD10B5034BF3
:1016E0000360044614F0FAFF204610BD80BA0208D9
:1016F00010B50446FFF7F2FF2046342112F008FC33
:10170000204610BD38B5044614F0D6FF1C4B2360AC
:1017100000254FF47F420123C4E90D234FF000411F
:10172000C4E90F536FF00043C4E911134FF0FF33C6
:10173000E364C4E90855A56284F82C50256304F1DC
:101740005000FFF75FFF04F18000FFF76BFF04F12B
:10175000B400FFF767FF2946182204F1E80025F0DE
:10176000A6F91022294604F5807025F0A0F984F826
:10177000105112F009FCC4F81401204638BD00BF16
:101780009C9B020838B5094B094D0360044640F89C
:10179000785F14F0A3FF204640F8385F14F09EFFF6
:1017A000204614F09BFF204638BD00BF8C21030863
:1017B00020B9020810B50446FFF7E4FF2046B8211F
:1017C00012F0A6FB204610BD2DE9F8430446002682
:1017D00014F072FFC4E90866C4E90A662D4BDFF80D
:1017E000C0902360266304F1340504F5DA774FF0E6
:1017F000FF38284614F060FFC5F80090C5F828802F
:1018000085F82C6085F82D60C5E908663035BD4245
:10181000EFD104F5557628463435FFF703FFAE4285
:10182000F9D1354604F614162846B835FFF726FFD9
:10183000B542F9D1284614F03FFF0025164BC4F8F5
:101840001439C4F8345904F63810FFF717FF04F5BB
:101850001F60FFF713FF04F6A820FFF7D3FE04F67E
:10186000D82014F029FF0D4BC4F8D83AC4F8F85A20
:10187000C4F8FC5AC4F8005B84F8045BC4F8085B45
:10188000C4F80C5B12F080FBC4F8100B2046BDE8D6
:10189000F88300BF009D020828BA0208D0B90208E8
:1018A000C8B4020810B5094B044640F8B43BFFF732
:1018B00015FF04F18000FFF711FF04F15000FFF75E
:1018C000F9FE204614F00AFF204610BD9C9B02083A
:1018D00010B50446FFF7E6FF20464FF48C7112F076
:1018E00017FB204610BD00000A22002370B5C0E996
:1018F00005230446C0E90033C0E902330374C36121
:10190000203014F09DFD04F14C00FFF77BFE04F144
:101910007C0014F0D1FE284BE36704F19C00FFF734
:1019200081FE04F1D000FFF7EDFE04F5F470FFF73F
:10193000A5FE04F52870FFF7A1FE04F55670FFF729
:101940009DFE1E4B93E8070004F5826585E80700BD
:1019500004F21C4603F10C023C3310685168354612
:1019600003C508329A422E46F7D104F24C40FFF7E5
:1019700085FE04F20450FFF781FE12F005FB002300
:1019800084F8CC3584F8E435C4F8BC05C4F8C03517
:10199000C4F8C435C4F8C835C4F8D035C4F8D43553
:1019A000C4F8D835C4F8DC35C4F8E035C4F8E835F7
:1019B000C4F8EC35204670BDD0B90208D87D0208C5
:1019C000F8B5204B0360204BC0F8D83A044600F627
:1019D000D82014F083FE04F6A820FFF76BFE04F570
:1019E0001F60FFF7CFFE04F63810FFF7CBFE04F6BA
:1019F0001415164BC4F81439284614F06FFE04F57C
:101A00005576AE4204D0B83D2846FFF7BBFEF8E756
:101A100004F5DA75B54204D0343E3046FFF75EFE79
:101A2000F8E70B4E04F13407BD4205D045F8306DA0
:101A3000284614F053FEF7E7204614F04FFE2046E8
:101A4000F8BD00BF009D0208D0B9020828BA0208FC
:101A5000C8B402082DE9F041534B036000F5D0559E
:101A6000044605F5A360FFF78DFE04F5F350FFF77C
:101A700089FE04F5EB500C30FFF784FE04F5E550C9
:101A80001430FFF77FFE04F5DF501C30FFF77AFEBD
:101A900005F1E40004F58056FFF704FF05F1B000FE
:101AA000FFF71CFEDFF80C81C6F8908A04F5D450CD
:101AB000103014F013FE04F5D350FFF7FBFD3B4F3D
:101AC000C6F8347A04F5D15004F5BB55143014F03F
:101AD00005FE05F5E470FFF755FE05F58870FFF784
:101AE00051FE334BC6F8303804F5C150103014F0B5
:101AF000F5FD05F19C00FFF7F1FD04F5BE50C6F8B9
:101B0000DC871C3014F0EAFD05F14C00FFF7D2FD34
:101B1000C6F8807704F5BC5014F0E0FD04F5B5502C
:101B20001830FFF72FFE04F5B050FFF72BFE04F539
:101B3000A75604F5AA5008301436FFF723FE3046A6
:101B4000FFF7CCFD04F59D551C35B54204D0343E5D
:101B50003046FFF7C3FDF8E704F62C56B54205D032
:101B6000A5F58C752846FFF79DFEF7E704F6F840CB
:101B7000FFF7B4FD04F6C440FFF7B0FD04F549607B
:101B8000FFF7ACFD04F54660FFF794FD04F6A830BE
:101B9000FFF7F8FD04F19400FFF712FF2046FFF76E
:101BA000BDFC2046BDE8F081749B0208D8BA02084B
:101BB00020B90208D0B9020808B50248FFF74AFF69
:101BC00008BD00BF0006002010B50446FFF742FF25
:101BD000204642F2380112F09BF9204610BD10B5A4
:101BE0000446FFF7EDFE204640F6143112F090F95E
:101BF000204610BDF8B56D4B0446102240F8043B5A
:101C00002221002315F085FC00230822202104F165
:101C1000140015F07EFC04F50053183300256362B0
:101C20001423C4E90A53624B84F83050C4E90D34DC
:101C30004FF4C063A4F84430032384F846302046B0
:101C40005C4BA3645C4B84F83C50294640222564DD
:101C500040F84C3B24F02BFFC4E9235504F19400D9
:101C6000FFF7B2FD04F6A830FFF708FD04F5466063
:101C7000FFF7C8FC04F54960FFF7D4FC04F6C44044
:101C8000FFF7D0FC04F6F840FFF7CCFC04F59D56B6
:101C900004F62C551C36284605F58C75FFF732FDE9
:101CA000B542F8D104F5A756143628463435FFF767
:101CB000B9FCB542F9D12846FFF7B4FC04F5AA50A7
:101CC0000830FFF7DBFC04F5B050FFF7D7FC04F554
:101CD000B55004F5805618300025FFF7CFFC4FF4BF
:101CE000807304F5BB57C6F87C37C6F87057C6F842
:101CF0007457C6F8785704F5BC5014F0A1FB07F1EF
:101D00004C00FFF77FFC04F5BE501C3014F0D4FCEF
:101D10002A4BC6F8DC3707F19C00FFF783FC07F17C
:101D2000D000FFF791FC07F58870FFF7A7FC07F5D7
:101D3000E470FFF7A3FC12F027F9C6F8E00904F5F8
:101D4000D050C6F8E459C6F8E859C6F8EC5986F8F8
:101D5000F059C6F8F459C6F8F859C6F8FC59C6F84F
:101D6000005AC6F8045A86F8085AC6F80C5AC6F83B
:101D7000105A143004F50056FFF7B6FD03233371F3
:101D800012F002F9B06006F0BBFFF06004F09AFFB9
:101D9000306109F0B7FE86F82C507061C6E908552D
:101DA000C6E90C55B5622046F8BD00BF4C9B020841
:101DB0002B73010874820208749B0208D0B90208D0
:101DC00010B50A4C2368BFF35B8FDB070CD42046A9
:101DD00022F05DFD40B10648FFF70CFF054824F0F6
:101DE0004BFB204622F05FFD014810BDFC050020A2
:101DF00000060020B91B00082DE9F04F00F5005740
:101E000085B0BB680546D3F888400E46002970D0DF
:101E1000083C032294FBF2F4D3F88CB014F096FD46
:101E20000368DB689847804614F090FD0368DB6820
:101E3000984705F5AA5909F1080908EB480800EB8D
:101E400040004FF0010AABEB08032C49CDF808A085
:101E50000022CDE90040484616F028F8FFF7CAFBFB
:101E6000002301461A46484616F0C9F9484616F0BE
:101E700084F905F58058DEB1B8F95025CDF808A0F1
:101E8000B8F956351D49CDE9004305F5B056B8F906
:101E90004E350532304616F009F8FFF7ABFB00234C
:101EA00001461A46304616F0AAF9304616F065F992
:101EB000BB681249D3F8882001230293B8F956353C
:101EC000CDE9004305F5B5551835B8F94E35121B67
:101ED000284615F0EBFFFFF78DFB002301461A465D
:101EE000284616F08CF9284605B0BDE8F04F16F0EC
:101EF00044B904EBD4746410043C8DE7F784020801
:101F000000F5005300F5AA501B6993F87833022BB3
:101F10000CBF02490249083016F06FB880820208EF
:101F20008582020800F50052126992F87823012A8E
:101F300005D821B100F5AA50083016F05EB8FFF7B9
:101F4000DFBF000000F5005300F5B5501A6992F8A4
:101F50007833052B00F1180008D192F8FD334F2B90
:101F600002D1054916F049B80449FBE7002BF8D027
:101F7000092BF6D00249F5E7EF8D020889820208A5
:101F8000108B020800F50052126992F87823012A9A
:101F900005D121B100F5B550183016F02EB8FFF775
:101FA000D1BF70B500F148030446002553F8042F53
:101FB0008A4218D1D4F8903004EB8303D86C0368BC
:101FC0001B69984704F19400C4F89050294606F024
:101FD0006FFDD4F8903004EB8303BDE87040D86CFB
:101FE0000368DB6818470135102DDFD170BD000094
:101FF00070B504468AB004F5A955083503A804F560
:10200000A75621F0C7FA1436049B144A202128460B
:1020100024F07EFC29463046012213F0B8FF04F577
:10202000005304F580549B68D3F88820B4F9003538
:1020300003EBD37302EBD2725C10C4EB620414F0B6
:1020400049FC6FF07F430190009322461E232946EE
:10205000304613F01CFF0AB070BD00BF908202082A
:10206000D0F8903000EB830370B50446D86C036859
:102070000D461B699847C4F8905004F19400294616
:1020800006F016FDD4F8903004EB8304E06C03688E
:10209000BDE87040DB68184700F6A833994273B575
:1020A00004460D460BD190F8B83B43B100F50054FF
:1020B000206990F8533363B904F09CFF0BE004F1FE
:1020C00094039D420BD194F8C0102046FFF7C8FF3F
:1020D00001E004F0C9FF4FF0000002B070BDD4F879
:1020E000903004EB83032946D86C03689B699847BA
:1020F000C0B20928EFD104F5AA5308339D420BD191
:1021000004F50054206990F87833022B14BF812124
:10211000822104F060FFDEE704F5B55318339D42D9
:10212000D9D104F50054246994F87833052B21D1D2
:1021300094F8FD334F2B03D12046FFF740FACAE74E
:1021400004F2CC464FF0FF31304615F099F9D4F83F
:102150006C330025C4E9DC3384F8FD5384F857530D
:10216000304615F0B2F91049019501AA204605F054
:102170006DFDB0E7002BDFD0092BDDD004F2CC459C
:102180004FF0FF31284615F07BF9002384F8FD332A
:1021900084F85733D4F86C332846C4E9DC3315F09F
:1021A00094F919212046B4E7A6820208F7B504463F
:1021B00000F1940504F50056284606F0CCFA2822D2
:1021C0000821B368CDE9002100221146D3F88830F8
:1021D0000027284606F082FCC4F88C7014F040FBFF
:1021E00039460346634A284606F0F4FB624AD4F8AF
:1021F0008C10284606F08BFBD4F88C707B1CC4F83E
:102200008C3002F057FF04EB8707F864D4F88C7029
:1022100014F026FB3946594A0346284606F0DAFBF5
:10222000D4F88C707B1CC4F88C300AF055F904EBA0
:102230008707F864D4F88C7014F012FB3946034613
:102240004F4A284606F0C6FBD4F88C707B1CC4F8B5
:102250008C3001F085FE04EB87073369F86493F84E
:102260002934022B13D0D4F88C7014F0F9FA3946C3
:102270000346444A284606F0ADFBD4F88C707B1C1C
:10228000C4F88C300FF072F904EB8707F864D4F8C7
:102290008C7014F0E5FA39463B4A0346284606F0AE
:1022A00099FBD4F88C707B1CC4F88C300EF0AAFB20
:1022B00004EB8707F864D4F88C7014F0D1FA39462F
:1022C0000346324A284606F085FBD4F88C707B1C06
:1022D000C4F88C3004F000FA04EB87073369F86423
:1022E00093F829349BB9D4F88C7014F0B9FA3946B4
:1022F0000346274A284606F06DFBD4F88C707B1CF9
:10230000C4F88C300BF02CFC04EB8707F864D4F88D
:102310008C7014F0A5FA39461E4A0346284606F08A
:1023200059FBD4F88C707B1CC4F88C3010F056FC30
:1023300004EB8707D4F88C20B368F8640192282254
:10234000009200221146D3F88830284606F0C6FBDA
:10235000284606F071FC0023214628461A4606F05E
:1023600067FC4FF4FA61284603B0BDE8F04006F080
:10237000B2B900BFAA82020814000020AE8202088F
:10238000B7820208C2820208CF820208DC820208F9
:10239000EC820208F28202082DE9F04F8BB004466D
:1023A00009F0B0FB09F0D4FB04F500555FFA80F8A2
:1023B000AE6809F0A7FB416A003918BF0121304619
:1023C00011F08FFE2979A86812F0A3F9AB68B84A1A
:1023D000C3F88020D3F88C7014F0B8FA0368DB6877
:1023E0009847064614F03CFA0368DB689847AB68E8
:1023F000D3F888100691834614F032FA03689B687C
:102400009847059014F02CFA0268D2689047DDE9ED
:102410000531BA1E06EB4606A64F4FF0060904F535
:10242000466A921B4000002609FB1313A2EB4B02E5
:10243000CDE9017631460090504613F04BFB4FF446
:102440007A71504614F01BF904F5BB579A4A1037BD
:1024500011460223384609F0B3F921463346324685
:10246000384609F0A8F9286904F0FEFDAB68D3F8F6
:102470008820069214F0F4F903689B689847B4F931
:10248000663C0593834614F0EBF901688968884738
:10249000069A059B0121029104F6A83AB4F96E1C34
:1024A000019109FB00F0013A09FB1B2283490090CE
:1024B000504615F0FBFC334632465046214615F097
:1024C0009EFE3146504615F08FFE4FF47A7150460D
:1024D00014F0D5F8B4F96E3CB4F9662C03EBD37361
:1024E00002EB6303059314F0BBF90268D2689047CE
:1024F000814614F0B5F9059B6F4901906FF07F4B51
:1025000004F5496A0422A3EB5903CDF800B0504604
:1025100013F0BDFCB4F9943C059314F0A1F90368E1
:102520009B689847099014F011FA03689B689847D4
:10253000B4F96A1C0891069014F008FA0368DB6885
:102540009847079014F002FA8646DDE905030899DA
:10255000099A03449C46079B04F6C449023902EBDE
:102560008202CDE900BE6244CB1A4846524913F0BC
:102570008EFCB4F9AC2B079214F022FA03689B6826
:102580009847B4F9663C06900433059314F018FAA2
:10259000DDE906120190FF2004F6F84B00900B20B5
:1025A00000FB1122059B4449584613F070FC40F291
:1025B000E931504614F063F840F2EA31484614F02D
:1025C0005EF840F2EB31584614F059F82B462033B0
:1025D0000193432300933A4AE8682346214606F0D4
:1025E00010FC31462046FFF707FC2046FFF7DEFDD2
:1025F00004F59D5904F62C5609F11C0930460021BA
:1026000006F58C7600F04BFD4E45F7D114F062F9DB
:102610006FF07F430190009304F5A951002304F566
:10262000A7501A460831143013F031FC04F1480960
:102630000026D4F88C10B1422CD8B8F1000F34D059
:1026400001390B46C4F8903004F1940006F030FADA
:10265000D4F8903004EB8304E06C0368DB6898479F
:10266000B8F1000F0AD01749174A0223384609F07B
:10267000A7F842F21071384609F0A4F909F042FABD
:10268000C36913B1286904F0B5FC4FF000000BB02A
:10269000BDE8F08F59F8040FB4F9662C0368283AA6
:1026A0009B68282198470136C3E743464146C9E75E
:1026B0004040400080808000F7840208AA8202081F
:1026C0005915000844830208FB8202082DE9F041F5
:1026D00000F500550446286990F8781304F02BFBA8
:1026E0000022014604F5496013F051FC286990F876
:1026F000FD1304F028FB0022014604F6C44013F049
:1027000046FC296991F8F523134623F0800381F8EC
:10271000F533D20901F2FE3104F6F84013F037FC2C
:1027200004F62C570026F1B2286904F081FB01362B
:102730000146384600F0B3FC062E07F58C77F2D13F
:102740002B6993F8531304F6A838002963D00121AC
:10275000404615F049FD2B6993F8EF33002B0CBF71
:10276000FF214FF47F41404615F08AFC2B6993F816
:102770001B24002683F81B64002A39D004F5D050AE
:1027800004F5BB571430103700F09EFA384609F0B4
:1027900057F9D4F8903004EB8303D86C03681B69B5
:1027A000984704F66C3013F07AFF404615F0E5FCCC
:1027B0002046FFF7FBFC04F14808D4F88C30B34204
:1027C00035D8E06C0023C4F890300368DB68984784
:1027D0002B69D3F824349B060AD41A491A4A0223D7
:1027E000384608F0EDFF42F21071384609F0EAF879
:1027F000D4F8903004EB83041421E06C03685B6927
:102800009847A86800F5C150043014F0D8FF4FF085
:102810000000BDE8F081404615F0E6FC2B6993F816
:10282000EF33002B0CBF6FF07F41FF219BE758F87F
:10283000040FB4F9662C0368283A9B68282198474E
:102840000136BAE7DD8302084E8302080CB413B5E3
:10285000044628B121B105AB049A019324F000F994
:10286000204602B0BDE8104002B0704738B50446BB
:10287000B8B109B9002038BDD0F81C31426900F167
:10288000D00501FB0231284600F009FCA369002BAA
:10289000F0D0D4F81C21284653F8221000F046FC52
:1028A000E8E70220E7E7C0E900128360704741696A
:1028B0004B1E10B559420446594100F5F47015F00D
:1028C00093FC6169A1F10A025142514104F528705B
:1028D00015F08AFC6169A1F164004142414104F5AF
:1028E0005670BDE8104015F07FBC32B9012070472A
:1028F000484301339342FBD1704708460123F9E76F
:1029000037B504460D467C3013F0B9FE691C04F15E
:10291000200013F0B4FEA91C04F24C4013F0AFFEEB
:10292000E91C04F2045013F0AAFE06F0E9F905468A
:10293000FEF760FE04F5B86301460D4A0093284691
:10294000234606F0A8FA06F0DBF90546FEF752FE2C
:1029500004F5BB6301937F23014600932846054A93
:10296000234606F04EFA4FF0000003B030BD00BF22
:102970006D2800080B2D00082DE9F04F8BB01E4686
:102980000023CB4D079204460F4683612B68BFF3AB
:102990005B8F13F0010FDFF82CA30CD1284621F038
:1029A00076FF40B1D4F8BC352846D3F88830CAF851
:1029B000003021F078FF13F053FF6FF07F4304F1F4
:1029C0009C05009300231A4639460190284613F0CF
:1029D0005EFA28469DF85C1013F0BEFAB4F9A830F0
:1029E000DAF80010C91A082200234908284604F121
:1029F000200913F08DFE4946284613F003FE0121FD
:102A0000284613F03CFEDAF80030B4F9A670A3F1C2
:102A1000100813F09BFF0368DB689847169B02932E
:102A200004F1D00508370D2300EB80003A460193EE
:102A3000009043460821284600F062FA4FF47F4296
:102A40000421284600F01EFB13F080FF02220146FD
:102A5000284600F05DFCDDE91412284600F060FB1A
:102A60003146284600F01BFB13F070FF002603469A
:102A700005220799284600F061FC494684F8E06089
:102A8000284613F0BFFD0121284613F0F8FD04F29B
:102A90000C43069304F21C47A346B4F9DC3003222E
:102AA000083BB3FBF2F3059304F00CF9169A0546C4
:102AB0000A212046FFF719FF069A009052F8043FBA
:102AC000069239461022284604F01EFB3846FDF7D0
:102AD00091FB079B774AC0F11001384423F018FF9F
:102AE000059BB4F9D420043306FB0322B4F9DA3091
:102AF00009920833089313F029FF0168C9688847D1
:102B00000BF5F478059B0093012500EB8000DDE9CF
:102B10000832394601900295404615F0C7F9FEF794
:102B200069FD654A23460146404615F068FB0021D1
:102B3000404615F059FB0321404615F0E9FADBF851
:102B4000E83149469B6840469847DBF8E83129461A
:102B5000DB6840462E449847032E07F110070BF11F
:102B6000B80B9AD1169A022A28BF02220A212046BF
:102B7000FFF7BBFE6061B82000FB0240002629463B
:102B800000F5F47015F030FB02950196B4F9F231BE
:102B9000083304F14C070093DAF80030324631462E
:102BA000384612F097FF3846042112F0C3FF38462A
:102BB0004FF6FF7112F0D5FF3146384612F0E8FFAC
:102BC0004946384613F01EFD3146384613F057FD8E
:102BD000D4F8BC25B4F95A30D2F88C200093D21A1C
:102BE00002EBD272DAF800302A413146484613F03F
:102BF00062FCD4F8BC35D3F88C20009231463246C2
:102C000004F17C00D3F8883012F0D6FFD4F8BC353C
:102C100084F88C50D3F88CA013F098FE0368DB681E
:102C20009847D4F8BC35D3F8882002EBD27242FA28
:102C300005F7814613F08AFE0368DB68984704F2C3
:102C40004C48043F09EB490900EB4000CDE9007016
:102C5000AAEB0903324619490295404615F026F9B8
:102C6000FEF7C8FC23460146134A404615F0C7FA52
:102C7000D4F8BC35B4F95824D3F888100295B4F9C7
:102C80005A34CDE9002304F20457B4F952348A1AB5
:102C900038460B4915F00AF9FEF7ACFC064A014626
:102CA0002346384615F0ABFA30460BB0BDE8F08F3E
:102CB00038260020E98302080B2D0008ED83020866
:102CC000F08302083C26002010B5044606F018F8F0
:102CD00004F5B86106F000F906F012F804F5BB61DE
:102CE00006F0B3F804F1200013F0D9FC04F17C00E5
:102CF00013F0D5FC04F24C4013F0D1FC04F2045064
:102D000013F0CDFC4FF0000010BDF8B504460028CC
:102D10004CD000F24C458D4203D000F204578F4254
:102D200019D16B1A5D425D4125742046FFF7CCFF37
:102D3000D4E9000548B1A2682346294614F0A1FA57
:102D40002046FFF7B4FD0020F8BD002DF8D0A068A4
:102D50002146A847F4E700F5F473994202D1012314
:102D60006361EDE700F52873994201D10A23F7E783
:102D700000F55673994201D16423F1E70B784E7840
:102D800053B93146284615F02FFA002ED8D12946DE
:102D90002046FFF7BAFFD3E7012BD1D131463846A1
:102DA00015F022FA002ECBD13946F1E70220CBE70D
:102DB000B0F904007047B0F906007047B0F9080098
:102DC0007047B0F90A007047B0F90C007047B0F9CD
:102DD0000E007047007C7047017470472DE9F34185
:102DE000089E04461D46B0F90630B0F90400301ABA
:102DF0000090EB1A04F1500090460F4612F089FC47
:102E0000B4F90420B4F90630B21A0092EB1A424623
:102E1000394604F1B40012F0A2FF94F810317BB1EE
:102E2000B4F90420B4F90630B61AEB1A4246394612
:102E300004F18000089602B0BDE8F04112F08FBFA7
:102E400002B0BDE8F0812DE9F341089E04461D461D
:102E5000B0F90430B0F90600301A0090EB1A04F112
:102E6000500090460F4612F0A9FCB4F90620B4F9C0
:102E70000430B21A0092EB1A4246394604F1B4000B
:102E800012F007FF94F810317BB1B4F90620B4F9C1
:102E90000430B61AEB1A4246394604F1800008960F
:102EA00002B0BDE8F04112F0F4BE02B0BDE8F0811E
:102EB00010B50446052919D8DFE801F0030F1818EA
:102EC00003160B4904F1500012F062FE23682046FD
:102ED000DB6CBDE8104000211847006A20B1D4E93E
:102EE0000912234614F0CDF90021EBE710BD00BF15
:102EF0008080800010B103689B681847704700000D
:102F00002DE9FF470446DDE90C651F464FF0FF3011
:102F1000E0643818A18001440E9B2181711EE2807B
:102F20000A446281EA1AC4E90E23A781E6810121DD
:102F300000204FF00A0C83426BDC216404F58070A2
:102F4000002B6AD0009310211346374A23F0E0FC8F
:102F5000013504F1E8094846FDF74CF9A8420CD0C8
:102F600004F1E70100239D4294BF002201220133B6
:102F70005201182B01F8012FF5D1002501232A4613
:102F80002946CDE9015300963B4604F1500012F06A
:102F9000A1FD13F0DBFC04F1B4086FF07F47494654
:102FA00001902B462A464046009712F070FFD4E964
:102FB0000E3203EB0209D4F8D800B4F90CA009F1E1
:102FC0000109AA4218BF09F10109FFF793FFB4F9FB
:102FD000C2305FFA89F9F61A00FB19A106EBD67622
:102FE0002B4672104908404613F092FB13F0AEFCDA
:102FF0002B46CDE900700D4904F180002A4612F0FD
:1030000046FF2368DB6C2946204604B0BDE8F04744
:1030100018470CFB01F101308DE713461021044ADB
:1030200023F076FC95E700BFF7830208F7840208D7
:1030300008840208C36F994210B5044609D0503085
:1030400012F078FD23682046DB6CBDE810400021BB
:10305000184710BD10B5036FC0E90C12044690F874
:103060002C00002818BF114699420AD004F15000E4
:1030700012F077FD23682046DB6CBDE8104000218C
:10308000184710BD38B515460446FFF7D3FF29464B
:1030900020464FF47F42BDE83840FFF7DBBF436C6A
:1030A00099420A46B8BF1A46836C9A42A8BF1A468C
:1030B000C36C934273B5044630D0C56BC26400F54F
:1030C000807300F1E801B4305DB90092182212F06B
:1030D000A0FF23682046DB6C00219847012002B046
:1030E00070BD266C92FBF6F506FB1522002AB8BFD0
:1030F0005242CDE90052182212F08BFFE36C002BF4
:10310000E7DA226C93FBF2F3002BE2D1A36B012BE5
:10311000C2BF1B192D2283F8E620DAE70020DEE784
:10312000C0E91112C16CFFF7BABF000037B5044601
:1031300000F1B40500910E4B00F1E8011822284679
:1031400012F067FFB4F9C230B4F90E20B4F90C10D4
:10315000D21AB4F9C03002EBD272C91A521000234D
:103160004908284603B0BDE8304013F0D1BA00BF8B
:10317000EA8302082DE9F041D0E90E531D44002BEB
:1031800018BF013590F81031013B0446042B00F2C2
:10319000AA80DFE803F03A3303618600B0F90C60DF
:1031A000D0F8D800FFF7A6FEB4F9C230B4F90E206B
:1031B000D21AB4F98C30B11EC91A94F8E6306B43B8
:1031C00000FB131102EBD27200235210490804F1E4
:1031D000B40013F09DFAB4F9BC50D4F8A400B4F9CB
:1031E000BE7004F18006023510B10368DB689847B1
:1031F0003A1A00232946304613F08AFA23682046FB
:10320000DB6CBDE8F04100211847B0F9C230B0F9DD
:103210000E20B0F90C10D21AB0F98E30D21AB0F9D3
:103220008C3002EBD272C91A521000234908803048
:1032300013F06EFAD4F8D800B4F90C60FFF75AFE18
:1032400094F8E630B4F98A206B4300FB1361002345
:10325000490804F1B400CFE7B0F90C60D0F8D80009
:10326000FFF748FEB4F9C230B4F90E20D21A94F830
:10327000E6306B4300FB136102EBD2720023521065
:10328000490804F1B40013F043FAB4F98C30B4F9EE
:103290000C10B4F9BE20C91A4908002304F18000BB
:1032A000AAE7B0F90C60D0F8D800FFF723FEB4F914
:1032B000C230B4F90E20D21A94F8E6306B4300FB0A
:1032C000136102EBD27200235210490804F1B400DA
:1032D00013F01EFAB4F9BC00B4F98C10B4F9BE2096
:1032E0000023411ADAE7B0F90C60D0F8D800FFF7F4
:1032F00001FEB4F9C230B4F90E20D21A94F8E630C7
:1033000002EBD2726B4300FB1361521000239FE764
:1033100070B500F1B40604461546304612F000FEC2
:10332000E9B2304612F018FE2046FFF723FF23686B
:103330002046DB6CBDE870400021184770B500F1F5
:10334000800604460D4680F810211946304612F0DA
:10335000E7FD29463046002212F019FE2046FFF70D
:1033600009FF23682046DB6CBDE870400021184748
:1033700090F82C308B4210B5044611D0D0E90C23C4
:1033800080F82C1000290CBF11461946503012F05D
:10339000E8FB23682046DB6CBDE81040002118479D
:1033A00010BDC0E908128362704710B5D0B109B9E9
:1033B000002010BD0379052B0ED84FF48C725343B7
:1033C000C2188468D2F8942103F5A47301FB042188
:1033D0001844FFF764FEEBE7D0F8E83E00F69C6087
:1033E0001944F6E70220E4E72DE9F041044605F030
:1033F00087FC04F5935105F06FFD04F5A47504F105
:10340000100700264FF48C782B6828461B699847D4
:10341000FEF7D6FC08FB06F303F62C5203441044D7
:10342000D3F82C3D1B699847D5F8903605F5D26046
:103430001B6998473B6838461B6901369847062E3A
:1034400005F58C7507F13407DED140F6B47541F20D
:10345000DC16635960191B69B8359847B542F8D135
:1034600004F69C6013F01BF904F6686013F017F97A
:1034700004F5905004F580541C3013F010F9D4F882
:10348000500203681B699847D4F8540203681B690B
:1034900098474FF00000BDE8F081000010B50446E9
:1034A00003F039FC034B08B1987810BD94F8282438
:1034B000985CFAE7D09C020800F580532DE9F04FA4
:1034C000D3F85C32D3F81C34062B8FB028BF062308
:1034D0000233B2FBF3F2A2F108030D1D059304467B
:1034E00013F034FA0368DB689847059B00EB800013
:1034F000984207D213F02AFA0368DB68984700EB7A
:1035000080030593059B089508330B9300232646FB
:1035100004F11008069304F5805BDBE99630D3F8DC
:103520008890D0F81C34069A062B28BF06239A42AE
:1035300006F58C7708F1340AC0F0F68004F58E5851
:1035400004F58F5708F11C08173704F6B4760025E8
:103550004FF0030A4FF00109DBF85C3293F828249E
:10356000D3F81C34002A14BF39464146DBF85822F0
:103570000791062BD2F8882092FBFAF205FB02F2A3
:1035800028BF062304320692013B4FF48C7253434A
:1035900003F5A47023442044D3F848319B6B98472B
:1035A000059BCDF808900193DBF85832D3F88830AA
:1035B00093FBFAF3083BDDE90621009300F10803D1
:1035C000304614F073FCFEF715F8002301461A4646
:1035D000304614F014FE01353046032114F098FDF6
:1035E000032D08F1090807F10C0706F1B806B3D15D
:1035F00013F036F903689B689847DBF85832B4F942
:10360000BEAFD3F88880064613F02AF903689B689A
:103610009847A8F110034FF00A0808FB06F10522AD
:10362000002604F69C67CDE901260AF1080A059AEE
:10363000009208FB1033524638460C31FFF760FC0D
:10364000FF2204213846FFF71DFD13F07FF9022207
:1036500001463846FFF75CFE42F2107238460121FF
:10366000FFF75EFD4FF496713846FFF718FDDBF863
:103670005C3293F82824A14B53F822A013F066F98A
:103680002A46034651463846FFF758FEFDF7B2FF7B
:103690003346014632463846FFF783FE84F8AC9E37
:1036A00013F0DEF804F668656FF07F473346324664
:1036B000019093490097284612F0E9FB2846022121
:1036C00012F04AFCB4F9AA3EB4F9A21E03EBD3737C
:1036D00001EB6301B4F9763E03EBD372A1EB620216
:1036E00033460421284613F013F804F58350C4F838
:1036F000088001210C3014F077FDB4F94C51B4F975
:103700004E8113F023F90835CDE9007008F108085F
:1037100004F590507B4943462A461C3012F0B7FB13
:1037200030460FB0BDE8F08F9DF81830079319466A
:10373000FFF7B4FEA9F10803072206F5A47501926C
:1037400003EBD373059A02905B1028460092062182
:10375000089A99FBF1F1FFF7D3FBFF2204212846D9
:10376000FFF790FC13F0F2F8022201462846FFF71B
:10377000CFFD0799DBF85C0203F05AFB01462846AF
:10378000FFF78DFCDBF85C325F4A93F8283452F87F
:10379000239013F0DBF84946034603222846FFF73F
:1037A000CDFDFDF727FF00231A4601462846FFF707
:1037B000F8FD3B6B012128469B6C98473B6B2846E4
:1037C0005B6B98473B6B09909B6B28469847059B22
:1037D0000A90A3F10409DBF85832D3F888203B6B38
:1037E0000D925B6B2846984707990C90DBF85C02BA
:1037F000FFF754FEDDE90C320A9902904FEA5909AD
:10380000D31A0822CDE90092A1EB0902099906F525
:10381000FB66083B30460431FFF772FB3B4A02214E
:103820003046FFF72FFC13F091F801220146304695
:10383000FFF76EFD00213046FFF731FCDBF85C320C
:10384000314A93F8283452F8239013F043F80322B6
:10385000034649463046FFF771FD0799DBF85C02E5
:1038600003F04FFA064612F0FBFF6FF07F43009320
:1038700000231A4631460190404612F008FB02210F
:10388000404612F069FB5AF8343CDE693B6B28462F
:10389000DB6A98475AF8343C8146DB6B40469847D0
:1038A00000EBD07009EBD9734FEA6009C9EB6301F3
:1038B0003B6B07911B6B284698473B6B81461B6C03
:1038C000284698475AF8343C00EBD0701B6C09EB43
:1038D00060054046984700EBD070A5EB60020023DE
:1038E00040460799B047069B0B9A01330693089B05
:1038F00013440893D0463E460FE600BFE09C020802
:1039000010840208F7840208EC9C02088080800082
:103910002DE9F04F04468BB000F1100A06464FF037
:10392000000900F58058D8F85C32D3F81C34062B17
:1039300028BF0623994506F58C753AD340F6B47531
:1039400041F2DC1663596019DB686521B835984788
:10395000B542F7D1642104F69C6012F090FE642118
:1039600004F6686012F08BFE04F5905065211C305F
:1039700012F085FED8F8500203686621DB6898478C
:10398000D8F8540203686621DB68984705F0B8F957
:103990000546FDF72FFE04F5935301460093284694
:1039A0003D4A234605F077FA4FF000000BB0BDE822
:1039B000F08FFEF705FA4FF48C7303FB09F30593C0
:1039C00003F62C57D5F8C036049006F5FB6B074478
:1039D000DB6A584698472B6B069006F5A4761B6B5E
:1039E00030469847D5F8C0360790DB6B5846984765
:1039F000D5F8C0260990126C584690475FFA89F1B5
:103A00000890D8F85C02FFF749FD089A099B0290DC
:103A10000821019100923846DDE90612FFF770FA9D
:103A20001E4A02213846FFF72DFB12F08FFF0122BC
:103A300001463846FFF76CFCD8F85C3293F828242E
:103A4000174B53F82210069112F044FF032203464D
:103A500006993846FFF772FC2B6B6421DB68304611
:103A60009847DDE9043213446421D3F82C3D3846ED
:103A7000DB689847D5F8C0366421DB68584698471C
:103A8000DAF800305046DB686421984709F10109F3
:103A90000AF1340A2E4646E7AB33000880808000E6
:103AA000EC9C02081F4B70B50446036000F5905073
:103AB0001C30FDF713FE04F589500430FDF762FE5B
:103AC00004F583500C30FDF75DFE04F6B470FDF78D
:103AD00059FE04F6686504F69C60FDF7E3FE28468F
:103AE000FDF7FCFD04F5FB66AE4205D0A5F58C752F
:103AF0002846FDF7D7FEF7E704F5A475B54205D0D3
:103B0000A6F58C763046FDF7CDFEF7E704F11006FA
:103B1000B54204D0343D2846FDF7E0FDF8E72046E5
:103B200070BD00BFF49B020808B50248FFF7BAFF5A
:103B300008BD00BF4426002010B50446FFF7B2FFC1
:103B4000204641F2782110F0E3F9204610BD0179BA
:103B500005292DE9F84398BF0021044688BF0121BB
:103B600000F69C60FFF704FC04F5A476002504F53C
:103B700080594FF6FF77E9B2D9F85C02D6F84C804D
:103B800003F056F94FF47F42404514BF3946FF21F8
:103B90003046FFF75FFA2179A1EB050CDCF100015B
:103BA00041EB0C0130460135FFF7E2FB062D06F52F
:103BB0008C76E0D1A1684B1E5942594104F6B4708D
:103BC00014F012FBA168A1F10A02514204F58350DE
:103BD00051410C3014F008FBA168A1F1640041428E
:103BE000414104F589500430BDE8F84314F0FCBAB3
:103BF0002DE9F04700F580570446D7F85C3293F87A
:103C0000292400F59050022A00F11C0034D193F8C9
:103C1000F0132F4D2F4B0022914218BF1D4629460D
:103C200012F0B5F903F04EF8237B90F87863B342B5
:103C300002D0032B23D02673FEF7C2F82649FEF7E5
:103C400071F9FEF7BDF82549FEF79CF90025A0465D
:103C50002E46D7F85C02D0F81C34062B28BF06236A
:103C60009D4208F58C7923D316B12046FFF76FFFEC
:103C70004FF00000BDE8F08719490022D0E7012E7F
:103C8000D9D104F5A4780025D7F85C02D0F81C340B
:103C9000062B28BF06239D42CDD2E9B203F0C8F817
:103CA00001464046FFF7FBF9013508F58C78EBE754
:103CB000E9B2D9F87CA003F0BBF8AAEB000108F543
:103CC000FB60FFF7ECF93043C6B20135C846C0E7E8
:103CD0001F84020816840208268402082A84020827
:103CE000F784020800F6B4739942F7B5044608D188
:103CF0000123A36000252046FFF729FF284603B0D3
:103D0000F0BD00F583530C33994201D10A23F0E74B
:103D100000F589530433994201D16423E9E700F5A2
:103D20008055D5F850328B4214D1D5F85C0290F80A
:103D30007833012B44D10193D4F8E83E64225343F5
:103D40000093D4F8C433D4F8AC22D4F8941104F01E
:103D500003F9CFE7D5F854328B421FD1D5F85C3246
:103D600093F87833012B2BD100F5A4770026D5F8F2
:103D70005C02D0F81C34062B28BF06239E42B9D221
:103D800097F82C3033B1F1B203F052F801463846BF
:103D9000FFF785F9013607F58C77E8E700F69C63B5
:103DA000994202D106232371A4E700F5A4720023EF
:103DB0009142F8D00133062B02F58C72F8D199E7C5
:103DC000092598E72DE9F84F604B0360062303713E
:103DD0000A23836000230646037300F1100400F5F4
:103DE000A47520463434FDF71DFCAC42F9D106F52C
:103DF000FB65204604F58C74FDF784FCAC42F8D1D9
:103E000006F66865204604F58C74FDF77BFCAC4231
:103E1000F8D12046FDF706FC06F69C60FDF772FC23
:103E200006F58E58DFF830B1DFF830A106F6B4742D
:103E300008F11C080025204612F03EFC6FF07F437D
:103E400023630127C4F800B084F8345084F8355057
:103E5000C4E90855C4E90A5504F138004FF0FF39A8
:103E600012F02AFCC4F838A0E566A4F8705084F873
:103E7000727084F8735084F8747084F8755084F804
:103E80007650C4E91655C4E9199504F1780012F08A
:103E900013FCC4F878A0C4F8AC50A4F8B05084F86F
:103EA000B27084F8B35084F8B47084F8B55084F8D4
:103EB000B650C4E92655C4E92995B8344445BAD169
:103EC000234B06F5805404F5EE7203F118071868C9
:103ED0005968154603C50833BB422A46F7D11988ED
:103EE0009B78AB701B4B298004F2F71203F124017D
:103EF00053F8040B42F8040B8B42F9D106F59050AD
:103F00001C30FDF78FFBFDF75BFF00F5AA50083072
:103F1000C4F85002FDF754FF00F5B5501830C4F84E
:103F2000540210F031F8C4F8580202F0CBFE00231E
:103F300084F86C32C4F85C02C4E99833C4E99C3359
:103F4000C4F868323046BDE8F88F00BFF49B020821
:103F5000147E02082F7E02088C21030820B9020873
:103F600010B50A4C2368BFF35B8FDB070CD42046E7
:103F700020F08DFC40B10648FFF724FF054822F0F1
:103F80007BFA204620F08FFC014810BD402600201F
:103F900044260020293B0008A0B190F89830052B5A
:103FA00006D800EB8300436E0B4443660020704745
:103FB00000F5805393F8F430002BF7D0036E0B44D8
:103FC0000366F3E7022070472DE9F843044604F046
:103FD00097FE04F59C511C3104F5805604F07CFFDB
:103FE000201D12F05CFBD6F89003FEF76DFE04F185
:103FF000A40804F66C074FF4EE7540F66C0963599B
:1040000060191B699847D8F8003040461B699847EB
:104010003B6838461B6905F58C7598474D4508F196
:10402000340807F1B807EAD140F6A85541F28807ED
:10403000635960191B69B8359847BD42F8D104F639
:10404000BC4012F02CFB04F6745012F028FB04F56F
:104050008650083012F023FB04F58F5012F01FFB3E
:1040600004F59050143012F01AFB04F596500C3001
:1040700012F015FBD6F8840303681B699847D6F83D
:10408000880303681B699847D6F88C0303681B698B
:104090009847FDF795FE0021FDF7AEFE4FF00000BA
:1040A000BDE8F88310B5044602F035FE044B08B1B4
:1040B000986810BD94F8282453F82200F9E700BF4F
:1040C000D49C02082DE9F04F044685B00D4604F556
:1040D0008056FDF775FEFDF713FFFDF771FEFDF746
:1040E00031FFD6F8983393F82924022A0CD193F89B
:1040F000F013C248C24B0022914218BF1846014635
:1041000004F6745011F043FF04F5EE78002709E03F
:10411000F9B202F08DFE01464046FEF7C0FF0137BE
:1041200008F58C78D6F89803D0F81C34062B28BFF5
:1041300006239F42ECD307F0E5FC806A002876D086
:1041400094F89810052971D8D4F89C30002B6DDDB7
:10415000D6F8980302F0EBFE94F898100746D6F8CC
:104160009803FFF79FFFC217A7FB003107FB02115F
:10417000A3FB0507A34A002305FB0171FCF77CFDA7
:10418000002854DDD4F894201318C4F89430D4F8DF
:104190009C309A4202DD0344C4F8943004F1600379
:1041A0004FF0000853F8047F002F00F0188100281A
:1041B000D4F89C203DDD94F89830434539D1D4F8AB
:1041C000943093FBF2F39F4203DC5B42BB42B8BFE7
:1041D0003B4690FBF2F0451C002B61D01F464FF090
:1041E000010BD6F8980302FB07F9B8F1000F05D1CF
:1041F00090F82934022B08BFC9F100095FFA88F34F
:104200001946039302F087FD04EB880A7E494EF6B7
:104210006023002818BF0B46DAF87C1000290CDA5E
:10422000002F0DDB0121CAF87C1017E000200023CD
:10423000B2E74FF0000B5D46D3E739D0002F3DDDEC
:1042400004F05EFD436FD4F89C10142B38BF142388
:104250004B433C214B430A21B3FBF1F30021009176
:104260004A46D6F898035FFA88F103F0B1FD5FFA89
:1042700080F9BBF1000F0BD0D4F89430D4F89C1027
:1042800087EAE772A2EBE77201FB1233C4F89430BD
:10429000B9F1000F15D1DAF86430DF1BCAF8647089
:1042A000BD4280F2958004EB8808C8F8645093E022
:1042B000002FCCBF01214FF0FF31B4E74FF0FF31A9
:1042C000B1E70023CAF86430D6F8983393F8113474
:1042D00004F590551435002B00F088804B49284692
:1042E00013F08BFED6F8983393F8103404F59657F4
:1042F0000C37002B7CD04649384613F07EFED4F8AC
:10430000A0004FF47A7113F092FAD8B1D6F898332E
:10431000D3F80834002BACBF00204FF0604040EAD7
:10432000E30003F007023B4BC11753F822200023A0
:10433000FCF752FC04F5865808F1080881B24046A3
:10434000FEF7ADFE236EDBB1D6F81421D4F89C1035
:1043500004F5865001FB03210830FEF7A0FE002380
:10436000236613F062FAC4F8A000D6F8980390F818
:1043700010342BB190F81124D6F8141104F038F948
:10438000D6F8983393F8EF3304F6BC4804F66C047F
:10439000002B45D0D6F8983393F8783303F0FD031B
:1043A000012B42D1404613F0E8FE2046B83413F00A
:1043B000E4FEA045F9D1384613F0DFFED6F8983375
:1043C00093F810342846002B41D013F0F1FE40E062
:1043D0006D42BD423FF767AF4FF0000974E708F147
:1043E0000108B8F1060F7FF4DDAEF5E70A4976E77C
:1043F0000A49384613F001FEA4E700BF1F840208F3
:1044000016840208808D5B0080F52000328402084B
:1044100036840208349C0208338402083B84020874
:1044200007F070FB8368032BB4D0D6F89003FEF737
:104430004BFC404613F0BCFE2046B83413F0B8FEE7
:10444000A045F9D1384613F0B3FE2846BDE713F076
:1044500094FE484605B0BDE8F08F00BF10B5044695
:1044600002F059FC044B08B1986810BD94F8282458
:1044700053F82200F9E700BFEC9C02082DE9F04F49
:10448000D04B5B688FB003F03F03CDE909120F1DDD
:1044900004460B9312F05AFA0368DB6898470A9BAC
:1044A0001D1F04F580532D1AD3F89833D3F81C340C
:1044B000062B28BF06230233B5FBF3F5A5F108034D
:1044C000049312F043FA0368DB689847049B00EBFF
:1044D0008000984207D212F039FA0368DB689847E7
:1044E00000EB80030493049B089708330C9304F6B5
:1044F0006C0307930023069304F58053264604F1CA
:10450000A4080593059B069AD3E9E530D3F888B053
:10451000D0F81C34062B28BF06239A4206F58C7768
:1045200008F13409C0F05C8104F5845A04F6A859F6
:104530000AF1080A002704F580564FF48C7BD6F860
:104540009433D3F88810D6F89833D3F81C34062B5C
:1045500028BF0623013B0BFB03F303F5EE70234456
:104560001439D3F8DC3189089B6B059120449847B6
:104570000599049B0A1D7A434FF00108CDE9001309
:10458000043200F1080351464846CDF8088013F084
:104590008DFCFDF72FF8002301461A46484613F01C
:1045A0002EFE4846032113F0B3FD47444846002140
:1045B00013F01AFE042F09F1B8090AF10C0ABED152
:1045C000414604F6187013F00FFECDF80880B4F9D8
:1045D000EA310193B4F9E0317B49083B04F6BC4968
:1045E0000093B4F9E2313A46484613F05FFCFDF718
:1045F00001F8002301461A46484613F000FEB4F9BC
:10460000E091B4F9E2B112F0A1F96FF07F4A09F13B
:1046100008090BF1080B01905B464A4604F67450FA
:104620006949CDF800A011F032FCD6F89433DDE9E9
:104630000921D3F888304FF0000B0A440521CDE959
:10464000011B04F586590499009103EBD37309F11A
:10465000080943FA08F3043A063B521A4846394619
:10466000FEF74EFC3946FF224846FEF70BFD12F0DE
:104670006DF9022201464846FEF74AFED6F8983305
:104680004846B3F82E14FEF70AFDD6F8983348468C
:10469000B3F82C24B3F82E14FEF742FD12F056F9AD
:1046A0004A49034603224846FEF748FEFCF7A2FFAC
:1046B0005B465A4601464846FEF773FE414686F879
:1046C000D8804846FEF754FE12F040F904F58F59A1
:1046D000CDE900A05B465A4648463D4911F0D7FB5C
:1046E000B6F9CE20B6F9CC105B4608320831484600
:1046F00012F00EF8049BB6F9D020CDF80880019393
:10470000B6F9D4303349043B03EBD37343FA08F3CF
:1047100004F5905909F114090093B6F9CE30053229
:10472000484613F0C3FBFCF765FF5B4601465A465B
:10473000484613F064FD049BB6F91C22CDF80880AE
:104740000193B6F92032009304F5965909F10C094A
:10475000B6F91A3220490532484613F0A7FBFCF798
:1047600049FF5B4601465A46484613F048FD0B9BFD
:104770001A4ACDE9018304F1380529232821009341
:1047800028465B4622F0C4F8B4F9B29DB6F9CE6073
:1047900012F0DCF80368DB689847804612F0D6F820
:1047A000A6EB0906A6EB0806CDE900A009EB560327
:1047B000201D3A46294611F06AFB58460FB0BDE865
:1047C000F08F00BF00380240F784020845840208D9
:1047D00049840208338402083B8402085184020899
:1047E0009DF818A05146FEF759FE08220192049A3E
:1047F000009206F5EE760622ABF108030290114610
:1048000030469BFBF1F19B0093FBF2F3089AFEF715
:1048100077FBFF2204213046FEF734FC12F096F8B5
:10482000022201463046FEF773FD00213046FEF7B6
:1048300036FC059B5146D3F89803FFF70FFE8346DD
:1048400012F084F85946034603223046FEF776FDFF
:10485000FCF7D0FE00231A4601463046FEF7A1FDC4
:10486000D7F8C43030469B6C01219847059B5146D0
:10487000D3F8980302F045FA824611F0F1FF6FF089
:104880007F43009300231A4651460190404611F0A1
:10489000FEFA0221404611F05FFB59F8343CDB6917
:1048A0001D46D7F8C4303046DB6A984759F8343C87
:1048B0008346DB6B4046984700EBD0700BEBDB7315
:1048C0004FEA600BCBEB630BD7F8C43030461B6B61
:1048D0009847D7F8C43082461B6C3046984759F841
:1048E000343C00EBD0700AEB600A1B6C40469847E2
:1048F00000EBD070AAEB6002594600234046A8475F
:10490000D7F8C43030465B6B9847D7F8C43082463E
:104910001B6B30469847059BD3F89433D3F8881027
:10492000D7F8C4300D915B6B834630469847D7F873
:10493000C4208046126C304690470D99A1EB0808C0
:10494000A8F108030122CDE901020E49079800935E
:104950000AF104025B4613F0A9FAFCF74BFE0023B0
:104960001A460146079813F04AFC069B0C9A01333D
:104970000693089B13440893079BB8330793C846D4
:104980003E46BFE541840208264B70B504460360ED
:1049900000F596500C30FCF7F5FE04F590501430FD
:1049A000FCF7F0FE04F58F50FCF798FE04F58650F6
:1049B0000830FCF777FF04F58455083504F6A8564F
:1049C000B54204D0B83D2846FCF7DCFEF8E704F613
:1049D000745004F6BC45FCF781FE2846FCF7D2FE75
:1049E00004F66C06AE4204D0B83D2846FCF7CAFE79
:1049F000F8E704F5EE75B54205D0A6F58C7630469D
:104A0000FCF750FFF7E704F1A406B54204D0343DAB
:104A10002846FCF763FEF8E7201DFCF75FFE204602
:104A200070BD00BF189C020808B50248FFF7ACFF34
:104A300008BD00BFC038002010B50446FFF7A4FF32
:104A4000204641F2B4310FF063FA204610BD10B594
:104A50000021044600F6A85013F0C6FB04F566607A
:104A6000002113F0C1FB04F61870002113F0BCFB09
:104A700004F57D600021BDE8104013F0B5BB0000D7
:104A80002DE9F04F00F5845500F5855687B00446B2
:104A90000835143600F6A858002700F58059002381
:104AA0002B606B60AB6094F89810D9F898030529D7
:104AB0005CD890F82834002B14BF4FF00E0A4FF04A
:104AC0000A0A02F028F9002818BF4FF0120A07F06E
:104AD00019F8BA445FFA8AFA00EB8A00D9F898B359
:104AE0004368736094F8981005935846FFF7DAFA14
:104AF00094F898108246D9F89803FFF7AFFC94F821
:104B000098100490D9F8980302F005F9049A059BCF
:104B10000290CDE900A229460C22584602F070FB13
:104B20006B1E002213F8011F20292FD10C2303FB39
:104B30000743134441F288020A219954D8F80030FF
:104B40006421DB684046984798F8343013B17368A5
:104B5000C4F89C300137042F05F10C0506F104065A
:104B600008F1B8089BD107B0BDE8F08F67B1336892
:104B70000A225343002273600292064A01920122E4
:104B8000009229460C22C9E70123F3E701320C2ADF
:104B9000C8D1D3E7708402082DE9F74F04460121FC
:104BA000043011F06CFD04F5EE7604F66C0704F1A8
:104BB000A408B1464FF0000BBA4604F58055D5F86D
:104BC0009833D3F81C34062B28BF06239B4577D394
:104BD000062384F898303046002106F58C76FEF7DF
:104BE000C7FBB245F7D12046FFF74AFF302200212C
:104BF00004F1640021F05BFF00232366D5F89833AD
:104C000093F82934022B09D1652104F6745011F070
:104C100036FD632104F6BC4011F031FD04F58656E3
:104C200008366421304611F02AFD00213046FEF797
:104C30009FFB652104F58F5011F021FD04F5905084
:104C40006421143011F01BFD04F5965064210C30E2
:104C500011F015FDD5F89833B3F82A34DB070FD5DA
:104C6000FDF7AEF80121FDF7C7F82249D5F8880312
:104C700013F0C3F9D5F8880303686621DB68984709
:104C8000D5F8840303686621DB689847D5F88C0360
:104C900003686621DB68984704F032F80546FCF7A4
:104CA000A9FC04F59C531C33014600932846124A84
:104CB000234604F0F0F84FF0000003B0BDE8F08F99
:104CC000D9F800306421DB6848469847D8F80030AE
:104CD0006421DB68404698473B683846DB686421BE
:104CE00098470BF1010B09F58C7908F13408B837B6
:104CF00065E700BF74840208993F00082DE9F04F72
:104D000000F580558BB0D5F884338B4204460E46AF
:104D100000F02081D5F88C338B4200F01B81D5F850
:104D200088338B420BD100238B49D5F89803099324
:104D300009AA02F08BFF00200BB0BDE8F08F00F64F
:104D4000BC4399420DD1D5F8980390F8F03323B1C4
:104D500000238249099309AAEBE78149099309AA2B
:104D6000E7E7D5F890338B420AD11A7C002AE2D0CB
:104D7000D3F81C21197BD5F8980303F057FADAE72A
:104D800000F596530C3399420ED1D5F8980390F85C
:104D9000103413B103F07CFCCDE790F81124D5F862
:104DA000141103F025FCC6E700F590531433994223
:104DB00011D000F6A857B94216D000F56667B9427F
:104DC00021D000F61877B9421FD000F57D67B942AF
:104DD0001DD1032509E0D5F8980390F8111481F04E
:104DE000010103F035FCA6E70025204605F22E451B
:104DF000FFF72DFE0121384613F0F6F954F825305F
:104E0000C4F89C3097E70125EFE70225EDE700F5B0
:104E1000EE7700F66C0AB9464FF00008B14540F055
:104E2000908099F82C305FFA88FB002B3FD0D5F8A2
:104E30009033D5F898030493594601F062FF05902A
:104E4000D5F89803474B90F82824594653F8222068
:104E5000D9F84C3007920693FEF720FB0221CDE9EA
:104E60000201414B4149CDE90013DDE90632DDE99C
:104E70000401FDF781FDD5F890B3FCF7BBFB0023DF
:104E800001461A465846FDF70EFDD5F8900342F24A
:104E90001071C0F80C80FDF733FD08F10108B8F17E
:104EA000060F09F58C790AF1B80AB7D119E004F6B2
:104EB0006C0AB8464046002108F58C78FEF758FA8F
:104EC000D045F7D104F5865000210830FEF750FA9E
:104ED00048460121FEF74CFA84F898B02046FFF7C7
:104EE000CFFD04F5865808F10808B0457FF423AFDC
:104EF000D5F89803D0F81434642B0DD0992102F022
:104F00006AF8D5F8980390F810342BB190F8112472
:104F1000D5F8141103F06CFB01214046FEF728FA86
:104F2000062384F8983004F66C053846002107F50E
:104F30008C77FEF71DFAAF42F7D12046FFF7A0FDB0
:104F4000F9E65645A9D1D5F898035FFA88F103F040
:104F50003FF9A2E70920EFE6798402087D84020880
:104F600081840208EC9C020880969800806967FFA3
:104F70004F4B70B5044640F8043BFCF753FB00254B
:104F80002822002104F1380021F091FD29462566F0
:104F9000182204F1640021F08AFD2946182204F148
:104FA0007C0021F084FD062384F898300123C4E9B5
:104FB0002735C4F8945004F5EE7604F1A40528468C
:104FC0003435FCF72FFBB542F9D104F66C062846C0
:104FD00005F58C75FCF796FBB542F8D104F6BC4696
:104FE0002846B835FCF74AFBAE42F9D13046FCF70B
:104FF00045FB04F67450FCF715FB04F5845604F6E3
:10500000A85508362846B835FCF738FBAE42F9D12A
:1050100004F580553022002105F1880021F047FD7C
:105020001022002105F1B80021F041FD04F5865061
:105030000830FCF767FB04F58F50FCF7F3FA04F532
:1050400090501430FCF71AFB04F596500C30FCF726
:1050500015FBFCF7B5FE00F5AA500830C5F884032F
:10506000FCF7AEFE00F5B050C5F88803FCF7A8FECB
:1050700000F5B5501830C5F88C03FCF7A1FE00F51B
:10508000D0501430C5F890030EF07EFFC5F894039D
:1050900001F018FE002385F8A833C5F89803C5E988
:1050A000E733C5E9EB33C5F8A433204670BD00BF34
:1050B000189C020810B50A4C2368BFF35B8FDB070E
:1050C0000CD420461FF0E3FB40B10648FFF750FF29
:1050D000054821F0D1F920461FF0E5FB014810BD3D
:1050E000BC380020C0380020294A000880EA01208E
:1050F000082241F2210103B2002BB5BF81EA43032C
:10510000400098B280B2013AF5D17047F8B5044634
:105110009DF81850617021460220A270207001F89D
:10512000035F002295420FD82F1D4FF6FF70012616
:10513000A15D0136FFF7DAFFBE42F9D3E0552C44FA
:10514000000A6071A81DF8BD985C01F8010F0132DA
:10515000E8E7002380F88B3240680368DB68184773
:1051600007B503688DF807101B6A01220DF10701CE
:10517000984703B000BD90F8203023B190F8C400E8
:1051800080F00100704701207047704710B54FF460
:10519000327104460EF0BCFE204610BDD0F88C22C1
:1051A000084BB3FBF2F3D0F890220633142A4FEAEF
:1051B000430338BF142293422CBFC0F89432C0F886
:1051C000942270476072140070B50546C0F88C12C6
:1051D0000C46FFF7E3FF6868036821461B69BDE8DA
:1051E00070401847142928BF1421012938BF012114
:1051F000C0F86011704708B5B1F5FA6F28BF4FF4D9
:10520000FA61C0F89012FFF7C9FF08BDD0E99A23F0
:1052100093420BD0034493F866310B70D0F86C3294
:105220000133DBB2C0F86C32002070472320704796
:1052300038B5D0F860214B69934204460D460CD234
:1052400001334B6112F0F1FA012328616B76D4F837
:105250009C320133C4F89C3238BD00230B830B7B96
:105260000133DBB2012B38BF01230B73D0F8C032FE
:105270000133C0F8C0328B7B13B1012380F8643155
:1052800094F88B32002BE7D0002384F88B32D4F8CB
:10529000C4320133C4F8C432012384F86531DBE73A
:1052A00038B50B7E05460C466BB112F0BEFA236989
:1052B000C01AD5F89432984205D321462846BDE855
:1052C0003840FFF7B5BF38BD0023C0E99A33C0E9C5
:1052D0009F3380F8CF30C0F8543180F85D31A0F8AA
:1052E000643103840375A0F8C43080F8B83080F8C6
:1052F0008B32704710B50446406803689B68984736
:1053000002462046FFF7E0FF104610BD30B50446C8
:105310004068036885B05B6A9847002841D0D4E9AB
:105320009F23934224D003EB4303234404F52175C8
:1053300093F8722293F870128DF80F2093F871226F
:105340000123009328460DF10F03FFF7DFFED4F889
:105350008032024660680133016803F00303C4F839
:1053600080320C6A2946234605B0BDE83040184714
:1053700094F8C53053B16068D4F8B420D4F8AC10B8
:10538000002384F8C53003681B6AEDE794F82120F8
:105390003AB1606884F82130036822691B6AA16809
:1053A000E2E705B030BD2DE9F3410D7E06460C461F
:1053B0009DF820009046FDB96768811DB9421DD84F
:1053C0000090217B2068FFF7A1FE01236361A060AC
:1053D00084F80D8012F029FA40F201132061238332
:1053E000D6F8983201333046C6F89832FFF78EFF70
:1053F000284602B0BDE8F0812420FAE70320F8E750
:1054000070B50E7E054666B162B10A7B9A4208D13C
:105410000132D2B2012A4FF0000338BF01220B76CD
:105420000A7370BDFFF704FF2846BDE87040FFF720
:105430006DBFF0B4D0E99F45651B05F00305032D52
:105440009DF8107021D004EB44060644650086F8F0
:10545000702286F8711207B11F782B1903440329B3
:1054600083F872720CBFD0F8B032D0F8B43204F1C5
:10547000010404F003040CBF01330133C0F87C4283
:105480000CBFC0F8B032C0F8B432F0BCFFF73EBF7A
:10549000D0F86C32D0F86802013B181AC0B27047DD
:1054A00070B59E1804461D46FFF7F2FF86421BD8D2
:1054B0004DB1D4F86832E01801331825DBB280F81A
:1054C0006651C4F868320A440AE0D4F8683211F828
:1054D000015BE0180133DBB280F86651C4F8683232
:1054E0009142F2D1012070BD0020FCE730B5B0F848
:1054F0005A21B0F858319A4285B0044610D0D0F8FD
:10550000B8320133C0F8B8320022012300938DF87D
:105510000F200DF10F030421FFF78BFF05B030BD05
:1055200090F8D1100123994280F88B321DD0CB1E08
:10553000012BF3D890F8D230012B64D0002303293B
:105540000BBFD4F8A002D4F8A402013001300BBF85
:1055500001220022C4F8A002C4F8A402022B55D1F3
:1055600094F8D03004F1AC0156E090F85D3190F839
:10557000D0507BB190F85C21AA420BD1D0F8AC326C
:105580008DF80F100133C0F8AC3200910DF10F030C
:105590000321C1E794F8650194F8D22004F1D30106
:1055A00020BB4BB194F85C310133DBB2012B38BF27
:1055B00001235B1B18BF01232046FFF771FF012366
:1055C0008DF80F30A0B1002284F86521D4F8A8220C
:1055D00084F85D311A44C4F8A82284F85C512A4644
:1055E000009303210DF10F03204695E70346E3E7FF
:1055F000D4F8BC220132C4F8BC22042100932A460C
:105600000DF10F03F0E790F8D33098E7012B09D1A3
:1056100094F8D03004F10801204605B0BDE83040D0
:10562000FFF7EEBE03293FF479AF237D002204F19A
:1056300008012046FFF7E4FE94F8B830002291E715
:1056400090F8CF3070B504460D46062B55D8DFE8EC
:1056500003F0040E182234484C00022906D14FF6FC
:10566000FF73A0F85831012384F8CF3070BD80F863
:10567000D010B0F85801FFF739FD0223A4F8580103
:10568000F2E780F8D110B0F85801FFF72FFD03239F
:10569000A4F85801E8E780F8D210B0F85801FFF7F5
:1056A00025FD0023802DA4F85801C4F85431DBD81F
:1056B000002D0CBF05230423D6E7D0F854618319CD
:1056C000013683F8D310C0F85461B0F85801FFF7E1
:1056D0000DFD94F8D230A4F858019E42C6D305239C
:1056E000C2E7A0F85A110623BEE7B0F85A3143EAE0
:1056F0000123A0F85A31FFF7F9FE0023B4E713B5F0
:10570000002304468DF80630606803680DF1060139
:105710005B699847C0B2F8B104F108012046FFF771
:10572000BFFD04F1AC012046FFF7BAFD94F86431E7
:105730006BB115238DF80730012200230DF107010D
:105740002046FFF7ADFE10B1002384F864312046F7
:10575000FFF7DCFD02B010BD9DF806102046FFF7F4
:105760006FFFD1E738B504460D46FFF7C8FF29465D
:105770002046BDE83840FFF749BDF8B50E4607465C
:105780001546FFF7BCFF96B90220F8BD01342B681F
:10579000A34206D931193846FFF738FDC0B20028B8
:1057A000F4D0002C2C600CBF23200020EDE7002457
:1057B000EDE773B50E4605461446FFF7A0FFB6B1F8
:1057C000631E7F2B15D8012C0AD100943346022288
:1057D00005F1AC012846FFF7E6FDC0B202B070BD8E
:1057E000E4B200943346012205F10801F2E70220F9
:1057F000F4E70320F2E74FF00000704738B50446A5
:10580000FCF7DEFA0546FCF7F3FB05F5A75004F5B7
:10581000815542F210711430183510F030FF4FF4FA
:10582000FA6128460DF0F7F963681BB90121284693
:105830000DF06AFC236829469B69204698474FF083
:10584000000038BD10B50446FCF7BAFA00F5A750C1
:10585000143010F024FF04F50053D3F8FC01FDF7D9
:1058600033FA04F5FE501C3005F0B7FE04F5815004
:1058700018300DF0DFF94FF0000010BD70B500F1E9
:1058800015030546002413F8012F62B10134152CCD
:10589000F9D103231734E41A2C4405F11706B44256
:1058A00006D100201DE0032C34BF00230323F1E7C1
:1058B00014F8013D2E2BF2D1A07820F05BFF732865
:1058C000EDD101F0FFF990F829345BB9607820F050
:1058D00051FF6D2806D1287AC0F3001080F0010036
:1058E000C0B270BD01F0EEF990F82934022B04D15A
:1058F000607820F03FFF6C28EDD001F0E3F990F8DC
:105900002934032BCBD1E6E72DE9F04385B00446DB
:105910008846154600F581560EF036FB28230222F4
:10592000CDE900321836D0F88830424600213046A2
:105930000DF0BFF910F05AFF002319462D4A0090D0
:1059400030460DF014FB10F051FF2B4A009000235D
:10595000012130460DF00BFBFBF74CFE0023014606
:105960001A46304604F5C2570DF0F1FB1C3704F51A
:10597000A15304F5FE521C333E461C322121C6E9D8
:1059800000313C36964203F12103F8D1FBF732FE99
:1059900004F58059194B0093014622463046184BB6
:1059A00005F024FD04F50054B9F946309844D4F8C4
:1059B0003032D3F8884010F0C9FF0368DB6898479D
:1059C000B9F94630CDF80080083DED1AA5EB400549
:1059D000002320223946CDE90145304605F0F0FD8F
:1059E0003046002105F02AFE4FF0000005B0BDE86A
:1059F000F08300BF8B8E020885840208E15E0008F8
:105A00009160000810B50446FBF7F4FDA04205D1F3
:105A1000BDE810400021283011F05BBF10BD10B56B
:105A20000446FBF7E7FD844206D104F1280000217B
:105A3000BDE8104011F085BF4FF00D0010BD000013
:105A4000204B2DE9F041044603601F4BC0F8C033E2
:105A50001E4FDFF8808000F5707004F5647510F05B
:105A60003DFEC4F89073284610F038FE04F5F87631
:105A7000AE4205D045F8348D284610F02FFEF7E7EA
:105A8000DFF8548004F59875B54205D046F8308D9E
:105A9000304610F023FEF7E704F17006B54205D05A
:105AA00045F8307D284610F019FEF7E72046084BF0
:105AB00040F8443F10F012FE204610F00FFE204642
:105AC000BDE8F0813CAD0208D0B9020878B90208FF
:105AD000D8BA020880BA0208C8B40208F8B51A4B4E
:105AE000036000F5FE55044605F5A670FBF74AFE77
:105AF00005F19400FBF746FE04F50053134A1A62C1
:105B00001846203010F0EAFD04F58053104AC3F81F
:105B1000EC2F04F5FF500C3010F0E0FD04F5C256F8
:105B20000C4F1C351C36B54206D03C3D284640F88B
:105B3000087F10F0D3FDF6E704F581501830FFF729
:105B40007FFF2046F8BD00BF8C9C020878B9020890
:105B5000D8BA020880BA020808B50248FFF7BEFFAB
:105B600008BD00BF784C002010B50446FFF7B6FF13
:105B7000204642F238210EF0CBF9204610BD10B578
:105B80000446FFF75DFF20464FF479710EF0C0F92F
:105B9000204610BD08B500221146083003F099FADE
:105BA0000AF030FFBDE808400AF010BB13B5044608
:105BB000FFF7F0FF606818B10EF0A8F900236360EA
:105BC0000022114604F1080003F07AFA10F00EFEEC
:105BD0000023009004F58150054A194618300DF055
:105BE000C6F9FCF7EDF802B0BDE81040FCF700BACA
:105BF0008B8E020838B50D460446FFF7D7FF0749DC
:105C000028460EF081F9606008B100230370FCF7AC
:105C1000D7F8FCF7EDF9606838BD00BF4C260308E3
:105C200070B50D460646FFF7B5FF0AF0EBFE2946B4
:105C30000AF044FC2A680446014606F1080003F015
:105C400048FA204670BD0000F7B51446002501AAA9
:105C50000830089F01951E4603F067FA20BB00201C
:105C600003B0F0BD3B2B08BF013201310191019916
:105C70000B780D2B1BD9BA42F4D30B78202B0A4694
:105C800001F101011AD0092B18D00D2B05D842F2D1
:105C9000014121FA03F3DD07E1D4013AA519AC4231
:105CA0000ED1002EDCD016E02A460F4DDFE745FA74
:105CB00003F3DB07E1D5BA42D7D3DEE70191DCE796
:105CC00012F8013F0D2B0AD842F20141D940C90711
:105CD00007D500232370002305F8013CC0E73B2BC8
:105CE000F7D004F8013BDAE7FEDBFFFF2DE9F341D3
:105CF0000024009405460E4617469846FFF7A4FF79
:105D0000044630B943463A46314605F1080003F0EF
:105D100083FB204602B0BDE8F08137B5022500952F
:105D20001446FFF791FF00B9207003B030BD37B5BE
:105D3000069D023500951446FFF786FF08B904B1A9
:105D4000207003B030BD73B505460E460024002315
:105D500000941A4631462846FFF7E9FF10B920465D
:105D600002B070BD0134F2E7F7B51646002401AA6F
:105D700008301F46019403F0D8F9054648B90025BC
:105D8000284603B0F0BD3B2900F1010008BF0134F3
:105D90000190019801780A2906D00D2904D019B183
:105DA000BC42F0D30D2904D842F20143CB40DB07BB
:105DB000E5D420F067FB3060E2E710B5012314461C
:105DC000FFF7D2FF08B90123236010BD07B50023F8
:105DD00001AA0193FFF7F1FF18B10198B0FA80F022
:105DE000400903B000BD00002DE9F04F95B0054615
:105DF0001822002108A820F05AFE0DF118091822D7
:105E000000210EA820F053FE0024012305F5C257FF
:105E100005F5FE56D5F880A00694C9F80440049311
:105E20001C371C36A346544542D01F2C01D11F21DC
:105E30004CE005AA214605F10800CDF814B003F0A6
:105E400057F9182308AA21462846FFF74FFF214695
:105E50002846FFF7BBFF804680B1059B00930EAA42
:105E6000182321462846FFF762FF0EAB394608AAE1
:105E7000304605F0C1FA01343C37D4E704AA214684
:105E80002846FFF79AFF08234A4621462846FFF78F
:105E900044FFCDE90198049B009305F50050059B54
:105EA000D0F8340218220EA901F0AAF90346DDE762
:105EB0001F2CBCD03C2303FB045101F5C2511C3103
:105EC000054B064A304605F097FA611C304605F04E
:105ED000B5FB15B0BDE8F08FF78402088D84020889
:105EE00010B5044690B100F58052126F5AB9D0F83F
:105EF0008020914205D2083004F034F92046FFF7A3
:105F000073FF002010BDFFF751FEFAE70220F9E70A
:105F10002DE9F04100F5815518358D429AB00446BF
:105F200079D100F580573B6F012B60D1FBF762FB05
:105F3000FFF775FD1DF0B6FB4449454800221AF0F5
:105F400065FBD8B1002504F5A1522B461C32002177
:105F5000202B47D104F5FE54FBF74CFB1C34FFF714
:105F600051FD2946204605F069FB6421204605F0D5
:105F7000B3FB4FF000001AB0BDE8F08135490DA821
:105F80001AF0ADFF05460028DCD104F5C3560436EF
:105F900002A90DA81BF004F800BB9DF81E30EBB160
:105FA00002A8FFF76BFC0028F2D0029B01930DF1D1
:105FB0001E03009356E902123046274B013510F0BC
:105FC00028F8202DB04606F13C06E1D1234BD7F846
:105FD000A42FD7F8A01F404610F01BF80DA81AF008
:105FE000C7FFB0E703EB431001331154B0E7436838
:105FF00000F5FE541C3453B1FFF7F6FE6421204631
:1060000005F06AFB002128460DF07EF8B1E7204636
:1060100005F0E3FAADE700F50052D2F8FC318B420F
:106020000CD11A7C002AA4D0D3F81C21D9680830DE
:1060300003F06DF82046FFF7D7FE9AE7D2F8F83163
:106040008B4296D1FFF7A6FD93E700BF24E1012024
:10605000ECDE01208584020896840208A5840208EB
:1060600010B503231446FFF77FFE08B9014B2360E8
:1060700010BD00BF806967FF10B504231446FFF709
:1060800073FE08B9014B236010BD00BF80969800D5
:106090002DE9F0430D46A9B00446002800F0F78131
:1060A00000F580531E6F002E40F0E3804368002B04
:1060B00061D0D0F880308B426FD100F50055D5F813
:1060C000343293F87833012B08D810A91096FFF7D3
:1060D000A7FD074680B9B64A022301E0B54A02236C
:1060E000B549D5F8F80105F06BFBD5F8F80142F297
:1060F000107105F067FC3EE00834204604F096FD80
:1061000000283CD005F0FEFC036A33B3FBF772FABB
:10611000FFF785FCA949AA4832461AF077FAC0B9B8
:10612000A849A9480A221AF0ADFA90B90AF06AFC07
:1061300005690AF067FC006910B1FAF75BF80646DA
:10614000A1481BAB324629461AF071FC9E481AF052
:106150009DFDFBF74FFAFFF755FCFBF731FE0546B7
:106160000AF050FC01462846FBF71BFF00221146AF
:10617000204602F0AEFF002029B0BDE8F0838E4932
:10618000D5F8F80102233A4605F01AFBD5F8F801D4
:1061900042F2107105F016FCE8E700F1080801234F
:1061A00006AA404604F508590793069602F0A0FF98
:1061B00020234A4629462046FFF798FD07AA29468C
:1061C0002046FFF7FAFD079FA7B9069B2946013332
:1061D00020460693FFF7B7FD069A9042D8BF3A468D
:1061E00029464046D8BF069702F091FF2046FFF7A8
:1061F000FBFDC0E710AA2946204604F50858109672
:106200001B9608F12008FFF72BFF1BAA2946204602
:10621000FFF732FF1023424629462046FFF77DFD57
:106220000A23092F21DC0123CDE902631B9B019383
:1062300004F50057109B00934246069BD7F8FC01DB
:106240004946FCF799FBD7F8FC61FBF7D3F900232B
:1062500001461A463046FCF726FBD7F8FC0142F20D
:106260001071C560FCF74CFBC0E7013697FBF3F7F4
:10627000D7E756491BA81AF032FE0746002800F05F
:10628000848000251D22002107A820F010FC002D8D
:1062900000F0F8804C4F4E4A0DF156031D2107A81F
:1062A00020F036FB012207A938461AF0EBF9054623
:1062B000002840F0E780D7F80C8008F1010631464D
:1062C0002046FFF797FC002800F0D78005AB324648
:1062D0006168059538461AF0E3FA6268059BD55463
:1062E00020B9059DA5EB08035D425D4104F1080856
:1062F00032466168404602F0E3FE002606A92046C9
:106300000696FFF78DFC0746002800F09F80002DC1
:1063100000F09C80404604F009FE0546002879D034
:1063200004F5A0520DF155001B32334610F8011F41
:1063300002F8011F21B12E2902D001331F2BF5D104
:10634000E11841F21C470026CE5510F04FFA04F533
:10635000815518353346E2193146009028460CF035
:1063600006FE2046FFF740FD04F5FE5064211C3078
:1063700005F0B2F9284631460CF0C6FE2046FFF77C
:1063800009FC11481AF082FCF5E610A91BA81AF0C6
:1063900007FEF8B99DF85660EEB110A8FFF76EFA47
:1063A00006460028F1D0AF4215D00137EDE700BF17
:1063B000BB840208F8840208BA8B020824E1012099
:1063C000ECDE012023850208BCDC01208584020864
:1063D0002D85020800261BA81AF0CAFD002E3FF4E6
:1063E00050AF1F2D3FF64DAF109B2A4A009321213D
:1063F0000DF1560307A820F08BFA3C2305FB03435D
:1064000041F65C0207A89958F9F7EAFEB0FA80F560
:106410006D0937E704F5005604F5085839461F2280
:10642000404620F06BFB022342461B49D6F8F80198
:1064300086F81F5205F0C4F9D6F8F80142F210713F
:1064400005F0C0FA2046FFF7B1FB9AE72046FFF7B8
:10645000ADFB124A124904F500540223002D08BF77
:106460000A460D49D4F8F80105F0AAF9D4F8F80164
:1064700042F2107105F0A6FA83E70A4A04F50054C7
:106480000223EEE7084A04F500540223E9E702205C
:1064900072E600BF96840208BA8B0208BB84020829
:1064A000E284020838850208618502082DE9F84F68
:1064B000814B036000F58157002405467F4BC46182
:1064C000183705F58056C0E90144C0E90344C0E926
:1064D0000544C0E91E44C0E92044C0E92444C0F892
:1064E0008840C0F88C30384610F0E6F8744BB3633F
:1064F000744B34666FF07F42C6E91923724BC6E9CC
:106500001644C6E91B34C6E91D4407F144000FF0E8
:1065100097FF05F5855405F58B58083408F10808F0
:1065200020463034FBF76EF84445F9D105F5915912
:10653000DFF89CB109F108094FF000084FF0FF3A6D
:10654000204610F0B9F8C4F800B0C4F828A084F8C8
:106550002C8084F82D80C4E9088830344C45EFD174
:1065600005F59E5BDFF86C910BF1080B4FF0000A0C
:1065700020464FF0010810F09FF8C4F80090A4F8EE
:1065800030A084F8328084F833A0C4E908AAC4E9B2
:106590000AAA04F1340010F08FF8C4F83490A4F87B
:1065A00064A084F8668084F867A0C4E915AAC4E9E9
:1065B00017AA68345C45DBD107F56470FBF722F855
:1065C00005F59F50183010F077F8404BC6F8F833B7
:1065D0000DF0DAFC4FF48462C6F81804002106F2CC
:1065E0003C4020F064FA05F5C25705F5FE5A1C3709
:1065F0000AF11C0A0024C7E9004407F1080010F062
:106600005BF8C7F808903C8787F83A8087F83B40EA
:10661000C7E90A44C7E90C443C375745EBD1C6F8F3
:10662000DC4FC6F8E04FC6F8E44FC6F8E84F07F174
:10663000100006F580560FF003FFC6E9064407F187
:106640004400FAF7DFFF346507F17800FBF716F82E
:1066500007F59870FBF712F80DF096FCC6F8C40128
:1066600005F50056C6E97244C6E97644C6E97844A1
:10667000C6E97C44C6F8D04186F8D441C6F8E84162
:1066800086F8EC41FBF79CFB00F5BB501030C6F8D8
:10669000F801FBF795FB00F5D0501430C6F8FC016B
:1066A0000DF072FCC6F8300200F00CFBC6F83402A4
:1066B0002846BDE8F88F00BF8C9C020890D00300EC
:1066C0003CAD02088080800040404000D0B9020804
:1066D000C8B4020880BA020810B50A4C2368BFF398
:1066E0005B8FDB070CD420461EF0D1F840B1064882
:1066F000FFF7DCFE05481FF0BFFE20461EF0D3F872
:10670000014810BD744C0020784C0020595B0008F3
:1067100013B50446C06C03689B68984700238DF846
:106720000730E06C03680DF107015B699847C0B260
:106730000028F6D04FF0000002B010BD10B5064B97
:106740000360044600F2CC4010F092FE2046FAF7B7
:10675000E5FE204610BD00BFB09C020808B5024807
:10676000FFF7ECFF08BD00BFB46E002010B5044673
:10677000FFF7E4FF20464FF4D8610DF0C9FB204637
:1067800010BD08B528B905F0BDF98068C31E584290
:10679000584108BD0028ACBF00234FF0604343EAD6
:1067A000E000704738B5124A00F0070352F8232082
:1067B000FFF7F0FF91424FEAE07517D0A1FB00040C
:1067C000002301FB0541FAF707FAB0F1004F0A4632
:1067D00071F1FF31BCBF4FF000404FF0FF32B0F11C
:1067E000004F72F10002A8BF6FF0004038BD00BF3B
:1067F000349C020870B50246FFF7CCFF02F0070296
:1068000001F00706B24204464FEAE0750AD2B31A15
:10681000114803F0070350F8233003FB05F0A4FBF5
:10682000034505440846FFF7B5FFB2424FEAE0735F
:106830000AD9921B084902F0070251F8222002FBF4
:1068400003F1A0FB02030B44AB4208BFA04214BFFC
:106850000120002070BD00BF349C020870B50446C2
:10686000C06C03685B6A9847E0B9D4F84834002BE1
:1068700000F0A88094F8EF03FFF783FF002840F0B2
:10688000A18004F2CC454FF0FF31284610F0F8FD0E
:10689000D4F87423D4F84834934224BF5A1CC4F863
:1068A000742364E0D4F8485475BB94F850303F2BFF
:1068B00017D194F85633002B00F0818010F0B5FF0B
:1068C000C4F85803E06C84F8565303681B6A01222D
:1068D00004F150019847C0B20728C6D024286ED1D1
:1068E000C3E704F150054FF4807204F24C4128468E
:1068F00020F004F9E66C2846F9F77CFC3368024680
:106900001B6A29463046E5E794F8EF03FFF739FFA5
:106910000028AAD094F85733002BA6D194F8FD3361
:10692000002BAED104F150054FF4807204F24C41BB
:10693000284620F0E3F8E66C2846F9F75BFC33685C
:1069400002461B6A294630469847C0B290B904F205
:10695000CC454FF0FF31284610F092FD012384F81A
:10696000573310F062FFD4F84834C4F86403C4F815
:10697000703321E007283FF478AF24283FF475AF47
:1069800004F2CC454FF0FF31284610F079FD562334
:10699000D4F8742384F8FD33D4F84834C4F8703341
:1069A000934228BF5A1C94F8F53328BFC4F87423C7
:1069B00043F0200384F8F533284610F086FD0024C8
:1069C000204670BD04F5896100230122204610F0A5
:1069D00085FCC4B2012010F037FFF1E738B59DF80F
:1069E000105004461946104645B110F1805241F14D
:1069F0000003B2F1005F73F1000315D2B0F1704FE4
:106A000071F1FF33BCBF4FF070404FF0FF31B0F178
:106A1000805F71F10001A8BF6FF0704005F00705BD
:106A200045EAC005256038BD0A220023013DFAF77A
:106A3000D3F8EDB2D8E72DE9F74F84460C4600298C
:106A400056D00A78202A0B4601F10101F9D02D2AEF
:106A500001D02B2A2ED12D3AD2F1000E4EEB020E90
:106A6000013300211F4608460D460A460B464FF0EB
:106A70000A0AB84617F8019BB9F1000F20D0A9F116
:106A800030065FFA86FBBBF1090F16D808B1062D58
:106A90000ED8B2F1805F73F100011ADAA2FB0A216D
:106AA0000AFB0313B21843EBE67390B10135EDB264
:106AB0000146DEE74FF0000ED3E7B9F12E0F04D008
:106AC00049B9084603B0BDE8F08F0028F8D101208D
:106AD000CFE70121CDE7BEF1000F02D0524263EBB8
:106AE000430360460095FFF779FFA8EB0400E9E750
:106AF0000846E7E7F7B50646006800F00704FFF729
:106B000049FE0246C7170846FFF744FE01F0070595
:106B1000AC4201464FEAE07313D22C1B104804F03C
:106B2000070450F82440A4FB022004FB0700521A7B
:106B300060EB03032C4600943046FFF74FFF03B091
:106B4000F0BD09D9651B064805F0070550F825502A
:106B5000A5FB011005FB0303521A67EB0303EAE7E9
:106B6000349C0208F8B5504B0446102240F8043B10
:106B70002221002310F0CDFC00238422202104F1E7
:106B8000140010F0C6FC04F589636362474BC4E946
:106B90000D344FF40073A4F84430454BA364454BC7
:106BA0002360454B002501260327C4E9D535C4E9F8
:106BB0000A56C4E9DB6584F83C6018222946C4E91A
:106BC000D755C4E9D95584F83050256484F8467007
:106BD000E564C4F85053C4F8745304F55F701FF0B3
:106BE00066FF1822294604F565701FF060FF182221
:106BF000294604F56B701FF05AFF1822294604F548
:106C000071701FF054FF4FF44073C4F828341822F9
:106C1000A4F81A642946C4E9F95584F8EF5384F8B6
:106C2000F153A4F8F253C4F80854C4F80C54C4F84F
:106C30001C7484F82054C4F82454C4F82C5404F56B
:106C400086601FF034FF04F2CC4010F007FC1B4BB1
:106C500004F59A6203F1080618685968154603C5D9
:106C60000833B3422A46F7D118689B882860AB8066
:106C7000134D0FCD04F59C660FC60FCD0FC695E8DA
:106C8000070086E8070005F10C01502204F20C50C1
:106C900020F087F84FF4B27205F15C0104F25C5009
:106CA00020F07FF82046F8BD4C9B02082B730108AA
:106CB00077850208B09C02083F3F0100547E02081D
:106CC000647E020810B50A4C2368BFF35B8FDB07B4
:106CD0000CD420461DF0DBFD40B10648FFF742FF13
:106CE00005481FF0C9FB20461DF0DDFD014810BD21
:106CF000B06E0020B46E00205D670008C16410F023
:106D000039BAD0F81C349942A8BF062101F51A718E
:106D100000EB4100704702290BD9D0F81C3499428E
:106D200007DA90F820040339C9B2C84000F0010026
:106D30007047002070470B2928BF002101F59C7186
:106D400050F821007047582928BF582100EB8100D6
:106D5000D0F85C05704700002DE9FF47D0F81C34DF
:106D6000994205460F465FDA00F2CC484FF0FF31FA
:106D7000404610F085FB07F1DF02930055F82290A2
:106D800095F8EC23002A48D02B4448469C69FFF72D
:106D900001FD02464FEAE07A2046FFF7FBFC04F0D3
:106DA000070109F007068E4204464FEAE07323D23A
:106DB0008E1B1E4806F0070650F82660A6FB022030
:106DC00006FB0A00121943EB00030E4603A80096C7
:106DD000CDF80C90FFF702FE39462846FDF762F920
:106DE00001460398FFF7DEFC0446404610F06DFBB9
:106DF000204604B0BDE8F0870DD9711A01F00701F3
:106E00000A4850F82100A0FB044100FB0313A2181C
:106E10004AEB0303DAE71218FAE739462846FDF78A
:106E200041F901464846DDE70024E1E7349C0208C9
:106E3000D0F81C349942F7B504460D462ADA00F220
:106E4000CC464FF0FF31304610F01AFB05F1DF025F
:106E5000930054F8227094F8EC2372B1294620462E
:106E6000FDF720F901463846FFF79CFC0446304602
:106E700010F02BFB204603B0F0BD234401A8996914
:106E80000197FFF737FE29462046FDF70BF901462B
:106E90000198E9E70024EDE7F8B5D0F81C349942F1
:106EA00004460D4617DA00F2CC464FF0FF3130466B
:106EB00010F0E6FA29462046FDF7F4F805F1EB0755
:106EC000014654F82700FFF76DFC0446304610F0E9
:106ED000FCFA2046F8BD0024FBE7D0F81C349942A8
:106EE00073B504460D4620DA00F2CC464FF0FF3170
:106EF000304610F0C5FA05F1E50304EB830254F8BF
:106F000023109269019201A8FFF7F4FD294620465B
:106F1000FDF7C8F801460198FFF744FC04463046E7
:106F200010F0D3FA204602B070BD0024FAE705291C
:106F300038B504460D4616D801F58673642150F81D
:106F40002300FFF72FFC294602462046FFF7E3FE09
:106F500038B994F8283423B10A235A43FE23B2FBEC
:106F6000F3F2104638BD0022FBE790F85723D0F823
:106F7000703322B9994202D190F8FD0370479942CB
:106F800034BF54205520704770B500F2CC460446FB
:106F90000D4630464FF0FF3110F072FA2946204678
:106FA000FFF7E3FF60B9D4F86833D4F86043A34235
:106FB0002CBF00240124304610F087FA204670BD13
:106FC000542806D1D4F87433AB4202D8D4F86433D1
:106FD000EBE70024EFE700B5A3B000238DF808101D
:106FE000012201A901938DF8093010F077F923B03F
:106FF00000BD000038B5044604F084FD027A8AB969
:1070000018484FF4005111F0D3FC94F8F83323F0F2
:10701000010384F8F833012384F85333872384F879
:10702000543338BD04F06EFD037A012B0ED194F871
:107030005353002DE9D18B212046FFF7CCFF10F0F0
:10704000F4FB84F85653C4F85803DEE704F05AFD05
:10705000037A022BD9D1034800224FF4005111F0DA
:10706000A7FCE4E70008024070B5044604F04AFDBE
:10707000057A0DBB234801224FF4005111F098FC12
:1070800084F8535304F2CC464FF0FF31304610F0F1
:10709000F7F9D4F86C330025C4E9DC3384F857538E
:1070A00084F8FD53304610F010FA94F8F83365F385
:1070B000000384F8F83324E004F024FD037A012B64
:1070C0000DD194F8533333B194F8EF331BB18B21C6
:1070D0002046FFF780FF002384F85333D2E704F003
:1070E00011FD037A022B06D1064801224FF400510C
:1070F00011F05EFCE5E704F005FD94F85333002B36
:10710000C0D070BD0008024037B5B3F1004F0D4646
:107110000698114618D0002B43DA1C4642F2107232
:107120009042C4F1000455D12D4B42F21070B4FBD3
:10713000F0F200FB1244CDE900242A4A28461FF051
:10714000E7FB284603B030BD274CE7E7274BECE7C9
:10715000264B4FF47A70B4FBF0F200FB1244CDE9F9
:107160000024234AEAE70A280ED1B4FBF0F200FB20
:107170001244CDE900241D48194A30EA230028BFF3
:10718000104603461B4AD9E7154A1848009430EACE
:10719000230028BF10460346174A28461FF0B8FBB5
:1071A000CFE742F2107290421C46CFD0B0F57A7F02
:1071B000CED06428D7D1B4FBF0F200FB1244CDE965
:1071C00000240A48064A30EA230028BF1046034636
:1071D0000A4AB3E7B0F57A7FEBD1014BB9E700BFBC
:1071E000B98402088085020801000080F784020843
:1071F0008C850208A4850208B085020898850208DB
:107200002DE9F341DDE908769DF8288000970C46CA
:107210001546FFF779FFB8F1000F10D0012F0EDDF2
:107220002E2120461FF04BFC074640B12046F8F7C0
:10723000E1FF431E23440021BB420FD814D04EB1BE
:107240002046F8F7D7FF0A4B0A4A0096291A20442D
:107250001FF05EFB204602B0BDE8F0811A78302AAC
:10726000EDD103F80119E7E700221A70E7E700BF44
:10727000139B0208468602082DE9F0410F46054699
:107280003A2138461FF01BFC98B3002300F8013B5D
:107290001FF0F8F8C4B205F2DC48002658F8041FC5
:1072A0003846F8F79DFF08B9F6B203E001360B2E19
:1072B000F4D1002695F87833B34203D195F87923B9
:1072C000A24218D073B9012285F81A2495F8FD233B
:1072D000562A01BFD5F86C2385F85733C5E9DC225F
:1072E00085F8FD3385F8786385F879430120BDE89A
:1072F000F0810446CFE70020F9E737B50C46114688
:107300006AB1002301A80193FFF795FB019D216855
:107310002846FFF76FFA00B1256003B030BD104674
:10732000FBE710B510460C460AB9002010BD1FF04F
:10733000A9F823689842F8D020600120F6E7000001
:1073400070B50E4604463D2130461FF0B8FB054699
:1073500068B1002305F8013B701C1FF093F820284A
:1073600022DC152804DC0A283BD00D2849D070BD4A
:1073700016380A28FBD801A353F820F01D74000822
:107380006F7300086F7300086F7300086F73000855
:107390006F7300086F7300086F730008377400087C
:1073A000517400086B74000873280ADC6D28DEDD58
:1073B0009E3004EB80012A462046BDE87040FFF76E
:1073C0009CBFB0F5BC7FD2D1284694F820641FF052
:1073D00059F88642CBD028461FF054F884F8200490
:1073E0000BE02846D4F824641FF050F88642BED043
:1073F00028461FF04BF8C4F82404012384F81B34FA
:10740000B5E728461FF03EF894F82834003818BF36
:1074100001208342ABD084F82804EEE72846B4F874
:107420002A641FF02FF88642A1D028461FF02AF8C0
:10743000A4F82A04E1E72846B4F82C641FF026F8E3
:10744000864294D028461FF021F8A4F82C04D4E7F3
:107450002846B4F82E641FF019F8864287D02846D3
:107460001FF014F8A4F82E04C7E728461FF00AF806
:1074700002283FF67CAF94F8293483423FF477AF7B
:1074800084F82904B9E700BF2DE9F041002506463C
:107490000C4690462F46D6F81C34AB4202DC3846E8
:1074A000BDE8F08108EB850122463046FFF725FF55
:1074B0003843C7B22C2120461FF001FB0028EED034
:1074C000441C0135E7E72DE9F047054686B00C4638
:1074D0001822002168461FF0EAFAD5F81C8408F14A
:1074E000FF33052B4FF000066F468CBF00230123AE
:1074F000A5F8F263FBB1B04520DC2378303B012BCB
:1075000019D863785D2B16D1A678A6B905F56A7AE5
:10751000B146B04525DC95F8F63369F3041385F8D8
:10752000F6332378A3F131025342534185F8F33304
:10753000012385F8F23306B0BDE8F087214607EB5A
:107540008600FFF778FA0028F5D0235C0136B045B5
:10755000D4BF3A212C21591A22184B424B41541CBA
:10756000C8E757F826105AF8040FFFF743F957F801
:107570002630CAF8003049EA00095FFA89F9013675
:10758000C7E710B500F565720446FFF77DFF94F874
:10759000ED23C30043EA421394F8F42303F02803D5
:1075A00022F02802134384F8F43310BD2DE9F04192
:1075B00005460E46D9B32C2130461FF080FA4FF015
:1075C00000080446074648B107F8018B2C213846CD
:1075D0001FF075FA044608B104F8018B324605F530
:1075E00077712846FFF79DFE28B195F8F63343F0F2
:1075F000020385F8F6333A4605F578712846FFF719
:1076000090FE28B195F8F63343F0040385F8F6337D
:10761000224605F214412846FFF783FE28B195F86B
:10762000F63343F0080385F8F633BDE8F0810C46E5
:107630000F46D3E72DE9FF4105460E4600295AD0F3
:107640002C2130461FF03BFA4FF000080446074655
:1076500048B107F8018B2C2138461FF030FA044658
:1076600008B104F8018B324605F579712846FFF719
:1076700044FE28B195F8F53343F0020385F8F5335D
:107680003A4605F581612846FFF737FE28B195F89F
:10769000F53343F0040385F8F533224605F20C4137
:1076A0002846FFF72AFE28B195F8F53343F0080382
:1076B00085F8F533E4B902A800940022002302946F
:1076C000FFF78CF90299D5F80C04FFF793F878B11D
:1076D00000230094002203A80394FFF77FF9039B83
:1076E000C5F80C3495F8F53343F0080385F8F53305
:1076F00004B0BDE8F0810C460F46B4E7F8B500F5DC
:10770000A875B54904462846F8F76AFD064658B9F3
:1077100094F857333BB110F088F884F85763C4F8F5
:10772000680384F8FD63F8BD94F850313C2B40F0B9
:107730006D810123A94984F8563304F251101FF0DA
:10774000F1F90546F8B101462046FFF795FD28B14D
:1077500094F8F43343F0020384F8F43394F8FC33E0
:1077600063B194F87833052B08D094F8F5330022F0
:1077700062F3041384F8FC2384F8F533974900205E
:107780001FF0D0F905460026374623E0944905222C
:1077900028461FF0A1F900283BD194F8EC3343B9F7
:1077A000012384F8EC3394F8F43343F0080384F8AD
:1077B000F43304F55F72691D2046FFF765FE94F807
:1077C000F43360F3820384F8F433844900201FF01B
:1077D000A9F90546002DD9D187B994F8FE33002BBD
:1077E00094F8F5331ABF84F8FE730122002262F385
:1077F000C71384F8F533002384F8F133D4F85833F1
:10780000C4F8E863C4F8603310F00FF8C4F85C0300
:1078100089E77449052228461FF05EF930B994F8CB
:10782000EC33002BC5D084F8EC03BCE76E4903228F
:1078300028461FF051F920B9E91C2046FFF7FAFE4F
:10784000C3E76A49022228461FF046F970B9AA1C0C
:1078500004F579712046FFF750FD0028B5D094F863
:10786000F53343F0020384F8F533AEE760490422B0
:1078700028461FF031F920B9291D2046FFF781FE67
:10788000A3E75C49032228461FF026F9014628B9E0
:107890000A22E81C1EF05CFF064696E756490322C2
:1078A00028461FF019F9034640BB04F2FD320235A9
:1078B00004F207401F4615F8011F12F801CF8C454E
:1078C0001EBF94F8F51341F0800184F8F51317708A
:1078D000297851B13E2908D0502911700CD0702957
:1078E00008BF43F001038242E5D1002284F8072457
:1078F00084F8F133012768E70123F4E73F490222C6
:1079000028461FF0E9F858B9AB78A3F1310043429B
:10791000434184F8F03394F8F53343F04003A2E791
:107920003749022228461FF0D7F840BB0023A4F8AD
:10793000183484F8103494F8F43343F040030235DB
:1079400084F8F433012240F2011115F8013B002BB9
:107950003FF43BAF4D2B0CD006D8432B0CD0462B1D
:10796000F3D184F81824F0E7532BEED1A4F81024B7
:10797000EBE784F81924E8E7A4F81014E5E72149B7
:10798000032228461FF0A8F820B9E91C2046FFF77B
:107990000DFE1AE71C49042228461FF09DF8002816
:1079A0007FF413AF2A7994F8EF33A2F131014A4200
:1079B0004A419A4209D083F0010384F8EF3394F8E6
:1079C000F43343F0010384F8F43394F8F83343F0CC
:1079D000010384F8F833F8E6B68502080A8F020836
:1079E000B9850208BF850208C5850208C985020855
:1079F000CC850208D1850208D585020813840208C7
:107A0000D9850208DC850208E08502085B2B58D185
:107A100004F251155049042228461FF05DF830B990
:107A200004F255112046BDE8F840FFF74CBD4B4924
:107A3000042228461FF050F868B904F5717204F268
:107A400055112046FFF720FD94F8F63360F34513F7
:107A500084F8F63367E62846414904221FF03CF8D3
:107A6000054600287FF45FAE04F25516324604F254
:107A70001C412046FFF755FCD4F81C34002B1CDCBD
:107A80000123C4F81C343A2130461FF018F80028AE
:107A90003FF449AED4F81C2404F59A64AA427FF757
:107AA00042AE10F8013F002B3FF43DAE5D2B3FF49A
:107AB0003AAE04F815300135F0E7062BE3DD062376
:107AC000DFE7242B05D129462046BDE8F840FFF723
:107AD00037BC2449062228461EF0FEFF064690B910
:107AE0000FF0A3FEC4F8680304F5AB701EF0CAFCE7
:107AF00094F8F53384F8FD0343F0200384F8F5335C
:107B000084F857630FE61849062228461EF0E4FF62
:107B100060B904F5AB701EF0B5FC94F8F53384F849
:107B2000FC0343F0100384F8F533FCE50F4904220D
:107B300028461EF0D1FF00287FF4F5AD94F8F43309
:107B400084F8780323F0030343F0030384F8EF037E
:107B500084F8F433E7E500BFE5850208EA8502080A
:107B6000EF850208F4850208FB85020802860208F8
:107B7000F7B5002604468DF807600127E06C03681E
:107B80000DF107015B699847C3B205460BB103B01D
:107B9000F0BD9DF80720182A04D0B4F85033B3F58F
:107BA000FE7F04D9A4F8506384F85273E6E7152ADF
:107BB0000FD10FF03AFE562384F8FD3394F8F533D5
:107BC000C4F8680343F0200384F8F53384F857536E
:107BD000D4E70A2A01D00D2A1BD194F852232AB1E6
:107BE000002384F85233A4F85063C7E7002BFAD07F
:107BF000234404F2CC4583F850214FF0FF3128464E
:107C00000FF03EFC2046FFF779FD28460FF05DFCA3
:107C1000E9E7591C2344A4F8501383F85021ADE739
:107C200070B5044600F2CC464FF0FF3130460FF0FD
:107C300027FCD4F86C536B1C012B38BF0123C4F80C
:107C40006C3330460FF041FC284670BD70B50446D9
:107C5000A2B090F8EF030D461646FEF792FD88B1EC
:107C600094F8783373B12046FFF7DAFF6A1E01906B
:107C70000DF107017F3512F8013F01F8013F23B1F3
:107C8000AA42F8D10D2022B070BD1A4601A92046A3
:107C90000FF024FB019B3360C0B2F4E713B5044638
:107CA000FFF766FF0FF0C1FDD4F85C33C01AB0F5E2
:107CB000967F81BF002384F87833012384F85633FC
:107CC00094F8EF03FEF75DFD10B194F8783343B9F3
:107CD00094F857332BB1562384F8FD33002384F8EE
:107CE000573303F00FFF037A012B1DD194F8533360
:107CF000FBB194F8EF03FEF744FDD0B994F8F833E4
:107D0000DB0758D58B212046FFF765F90FF08DFD75
:107D100094F8F833C4F85803002262F3000384F89F
:107D2000562384F8F83304E003F0ECFE037A022BC8
:107D3000DCD094F8EF03FEF724FD78B194F81A3400
:107D400063B1214901AA2046FFF780FF1F4901AA1C
:107D50002046FFF77BFF002384F81A3494F8EF03E2
:107D6000FEF70FFD18B394F8563303B30FF05DFD23
:107D7000D4F85833C01A642819D9E06C03685B6AD8
:107D80009847A0B10FF051FD0023C4F8580384F8C0
:107D90005633E06C94F8543384F855330368012269
:107DA0001B6A04F2553198473F2384F854334FF04F
:107DB000000002B010BD0FF038FDD4F85833C01ADF
:107DC000B0F5967F9ED8B4E7078602080B860208B6
:107DD0002DE9F0411E46D0F81C349942AEB004465D
:107DE0000D46174652DA90F8EF03FEF7CAFC00285A
:107DF0004ED094F8783303F0FD03012B48D1204690
:107E0000FFF70EFF29460D902046FFF790F810B1BE
:107E1000864228BF064629462046FCF743F90DF165
:107E200014083B460090102241462046FFF76CF9AB
:107E300009AF642300931022334639462046FFF7EA
:107E400063F99DF8D000134B134A94F8281405F5F4
:107E50001A75002818BF1A4604EB4505CDE9002520
:107E60000E4B0F4ACDE90287002918BF13460EA812
:107E70000C4A80211EF04CFD00231A460DA9204615
:107E80000FF02CFAC0B22EB0BDE8F0810320FAE763
:107E90000D20F8E7178602081B8602080F860208E5
:107EA000138602081F8602082DE9F0411E46D0F80D
:107EB0001C349942AEB004460D46174642DA90F89B
:107EC000EF03FEF75EFC00283ED094F8783303F011
:107ED000FD03012B38D12046FFF7A2FE29460D9065
:107EE0002046FCF7DFF80DF114083B460090102205
:107EF00041462046FFF708F909AF6423009310229A
:107F0000334639462046FFF7FFF805F51A7594F811
:107F100028240E490E4B04EB4505002A18BF0B46DA
:107F2000CDE901870B4A009580210EA81EF0F0FCD8
:107F300000231A460DA920460FF0D0F9C0B22EB08A
:107F4000BDE8F0810320FAE70D20F8E71386020868
:107F50000F8602082F8602082DE9F0430446B5B0CB
:107F600090F8EF03884617461D46FEF70AFC0028E6
:107F700000F08F8094F8783303F0FD03012B40F07C
:107F800088802046FFF74CFE444E94F82834139026
:107F900056F8233000930DF10C0943461022494650
:107FA0002046FFF7B1F894F828340DF11C0856F874
:107FB0002330009310223B4641462046FFF7A4F8A9
:107FC00094F828340BAF56F82330009310222B4638
:107FD00039462046FFF798F86423009310223C9B13
:107FE0000FA92046FFF790F89DF8F4002C4B2D4A7E
:107FF00094F82814002818BF1A4600922A4B2B4ADE
:1080000014AE002918BF13463046294A80211EF0BD
:108010007FFCD4F81C34002B3DDD04F59A637721F6
:10802000244ACDF800900DF159001EF071FCD4F8EF
:108030001C3400F10905012B06EB0500C5F1800198
:1080400016DD04F2D2431B4ACDF800801EF060FC1E
:10805000D4F81C340544022B06EB0500C5F1800161
:1080600006DD144A009704F2D4431EF051FC054487
:10807000114A0FABC5F1800170191EF049FC0023B5
:108080001A4613A920460FF029F9C0B235B0BDE851
:10809000F0830D20FAE70925EAE700BFD49C020827
:1080A000178602081B8602080F860208138602083C
:1080B0004386020846860208678602082DE9F043D7
:1080C0000446BBB090F8EF030E4617469846FEF7FD
:1080D00058FB002869D094F87833013B022B64D810
:1080E0002046FFF79DFDDFF8E49094F828341990BE
:1080F00059F82330009309AD334610222946204613
:10810000FFF702F894F828340DAE59F823300093A5
:1081100010223B4631462046FEF7F6FF94F82834FD
:1081200011AF59F8233000931022434639462046B8
:10813000FEF7EAFF0DF15408642300931022429BDE
:1081400041462046FEF7E0FF9DF81001184B194A02
:108150009DF80CC194F828140596002818BF1A46FB
:10816000154B16480092BCF1000F18BF184604F2D8
:10817000D243CDE9035304F59A63CDE90103104AD4
:10818000104BCDE90678002918BF13461AA80E4AED
:1081900080211EF0BDFB00231A4619A920460FF0CE
:1081A0009DF8C0B23BB0BDE8F0830D20FAE700BFF8
:1081B000178602081B8602084B8602084F860208B3
:1081C000138602080F86020853860208D49C020810
:1081D00030B5D0F81C349942A3B004460D461EDADF
:1081E00090F8EF03FEF7CDFAD8B194F87833012B6D
:1081F00017D12046FFF714FD05F51A730A4A0190BE
:1082000004EB4303802102A81EF082FB00231A46E0
:1082100001A920460FF062F8C0B223B030BD0320A0
:10822000FBE70D20F9E700BF6C860208F0B5D0F837
:108230001C349942A9B004460D46164633DA90F82C
:10824000EF03FEF79EFA80B394F87833012B2CD11C
:108250002046FFF7E5FC294607902046FBF722FF62
:1082600003AF00903346102239462046FEF74CFFFC
:1082700005F51A7594F828240D490E4B019704EB67
:108280004505002A18BF0B4600950B4A802108A817
:108290001EF03EFB00231A4607A920460FF01EF8E9
:1082A000C0B229B0F0BD0320FBE70D20F9E700BF05
:1082B000138602080F8602087C8602082DE9F04327
:1082C0001E46D0F81C34AFB099429DF8DC700446CD
:1082D0000D4691465CDA90F8EF03FEF752FA00285B
:1082E00058D094F87833012B54D12046FFF798FCEE
:1082F00029460D902046FBF7D5FE0DF114084B469C
:108300000090102241462046FEF7FEFE0DF12409A2
:10831000642300931022334649462046FEF7F4FEBC
:1083200094F828241C4B1D4905F51A75002A08BF2E
:108330000B46E6B104EB4505194ACDE90035194B6A
:10834000CDE90289002F08BF13468021164A0EA8E6
:108350001EF0DEFA00231A460DA920460EF0BEFFDD
:10836000369B0D9A1A60C0B22FB0BDE8F08304EBC3
:108370004505CDE900350A4A0A4BCDF80880002FA3
:1083800008BF13468021094A0EA81EF0C1FAE1E792
:108390000320E9E70D20E7E7138602080F860208AD
:1083A0001B860208178602088F8602089E8602082E
:1083B0002DE9F0439846D0F81C34AFB099429DF8AF
:1083C000DC9004460D4617464ADA90F8EF03FEF7B4
:1083D000D8F9002846D094F87833012B42D12046B2
:1083E000FFF71EFC29460D902046FBF75BFE05AE0D
:1083F0003B460090102231462046FEF785FE09AF2D
:10840000642300931022434639462046FEF77CFE43
:1084100094F82834144A154905F51A7504EB4505F6
:10842000002B08BF1146CDE9016700950B46B9F155
:10843000000F13D00E4A80210EA81EF069FA002307
:108440001A46A4F8F2330DA920460EF047FF369BDA
:108450000D9A1A60C0B22FB0BDE8F083054AEAE772
:108460000320F8E70D20F6E70F86020813860208BE
:10847000AA860208BD8602082DE9F0411E46D0F802
:108480001C349942AEB004460D46174645DA90F8C2
:10849000EF03FEF776F9002841D094F87833012BEA
:1084A0003DD12046FFF7BCFB29460D902046FBF747
:1084B000F9FD0DF114083B4600901022414620467C
:1084C000FEF722FE09AF642300931022334639469B
:1084D0002046FEF719FE05F51A7594F8282411496F
:1084E000114B04EB4505002A18BF0B46CDE9018767
:1084F0000E4A009580210EA81EF00AFA00231A46A3
:10850000A4F8F2330DA920460EF0E8FE349B0D9A34
:108510001A60C0B22EB0BDE8F0810320FAE70D204A
:10852000F8E700BF138602080F860208D08602080B
:1085300070B50446A8B090F8EF030D46FEF721F998
:1085400050B394F87833012B26D12046FFF768FB0F
:1085500094F82824114B079053F82230009303AE6F
:108560002B46102231462046FEF7CEFD94F82824F3
:108570000B490C4B0096002A18BF0B4608A80A4A64
:1085800080211EF0C5F900231A4607A920460EF0E7
:10859000A5FEC0B228B070BD0D20FBE7D49C020838
:1085A000138602080F860208E386020810B5044607
:1085B000A2B090F8EF03FEF7E4F8A0B194F8783396
:1085C000012B10D12046FFF72BFB0849019002A890
:1085D0001EF0DFFB00231A4601A920460EF07EFEA6
:1085E000C0B222B010BD0D20FBE700BFEF8602082D
:1085F00070B50446A4B090F8EF030D461646FEF79A
:10860000C0F8E8B194F87833012B19D12046FFF770
:1086100007FB0C4A0C4B039025EAE575002E08BFBA
:1086200013468021094A009504A81EF071F9002321
:108630001A4603A920460EF051FEC0B224B070BD08
:108640000D20FBE7F7860208F4860208FA86020886
:1086500038B5044690F8EF030D46FEF792F8A8B13E
:1086600094F87813012911D194F8103453B1D4F847
:108670000804FEF797F82A4681B22046FFF7B8FFB4
:10868000C0B238BD84F811540320FAE70D20F8E792
:1086900010B50446A2B090F8EF03FEF772F8A0B14F
:1086A00094F87833012B10D12046FFF7B9FA084926
:1086B000019002A81EF06DFB00231A4601A9204676
:1086C0000EF00CFEC0B222B010BD0D20FBE700BFC3
:1086D0000287020870472DE9F04704460D460DF069
:1086E000CEFF6E1C2946814604F614100DF0C7FF1C
:1086F000314604F638100DF0C2FF314604F51F6014
:108700000DF0BDFF04F1340627464FF00008236B3F
:10871000434502D84846BDE8F087E26A33684245DF
:1087200007F5DA7A0ED1DB68294630469847D7F844
:10873000B4312946DB685046984708F101083036C5
:108740003437E4E71B6930469847D7F8B4315046D0
:108750001B699847F1E7F8B504460DF0A0FF054600
:1087600004F614100DF09BFF04F638100DF097FF7F
:1087700004F51F600DF093FFE26A302303FB024013
:1087800002FB0333234434305B681B699847E36A78
:108790003422534303F5DA7023442044D3F8B43130
:1087A0001B69984704F6A8200DF079FF04F555766B
:1087B0000027236BBB4201D82846F8BD33683046FA
:1087C0001B6998470137B836F3E72DE9F0410E46AB
:1087D000044600283ED000F638139942C56A18D1E5
:1087E0000DB16B1EE36204F6A8200DF01AFF18B15C
:1087F000236820461B6998472368618ADB68204606
:108800009847E36AAB4201D0206AE8B90020BDE88E
:10881000F08100F51F63994210D000F555780027CC
:10882000236BBB42DFD9464504D12368E7621B694D
:1088300020469847013708F1B808F1E7036B013B80
:10884000AB42D0D96B1CCDE7D4E9091223460EF018
:1088500018FDDBE70220DAE770B50446D8B10B78E3
:10886000022B11D100F6381504F6D8204E780DF001
:10887000D8FE58B9314628460FF0B6FC36B929461D
:108880002046FFF7A2FF01E0042B01D0002070BDBD
:1088900000F51F65E8E70220F9E7012970B50446F5
:1088A00026D1B0F90E10B0F904300B4493421FDA10
:1088B000B0F908305B1A93421ADD00F6A82630465C
:1088C0000DF0AFFE054650B1236820461B6998475E
:1088D0002368618ADB682046BDE87040184730464F
:1088E000618A0DF0CCFE04F55576236B9D4200D3D2
:1088F00070BD3368618ADB683046013198470135C5
:10890000B836F2E710B103689B68184770472DE945
:10891000F04F0C46072C85B00546114657D8302637
:10892000664306F1340880442E4440460CF03AFC7D
:10893000736BB5F90EB0DA690192DB6BB5F90C9087
:108940004046984734235C4304F5DA772C442F449F
:10895000D4F8B4318246DB6B384698470390786A86
:10896000FFF7D0FF726B0290126CB5F90E504046C3
:108970009047039B0299A9EB4B099A442D1AA9EB46
:10898000010105EBD575A1EB0A016A100BEB510152
:10899000019D00234046A847D4F8B431D3F81C9079
:1089A000736B40465B6B98470646786AFFF7AAFFF1
:1089B000D4F8B43105461B6B38469847002302466D
:1089C00071193846CC4605B0BDE8F04F604705B098
:1089D000BDE8F08F2DE9F04F072987B004460D461A
:1089E000174698465ED8002A5CD04FF0340B0BFB3C
:1089F00001FB01930BF5DA766FF07F430644009399
:108A0000A344002339461A4630460DF040FADBF8FD
:108A1000B421B4F90E90B4F90C00D3690593A0EB1E
:108A2000490AD26B30469047DBF8B431AAEB00001C
:108A300000EBD07009EB600A1B6CB4F90E90304665
:108A40009847A9EB000000EBD0704210514600237C
:108A50003046059EB047B4F90E2001230293A2F1DF
:108A600008030193B4F90C30B82606FB0546A3EBC6
:108A7000420305FB022506F55576009339462B1D6A
:108A800030460FF013FA414630460FF00CFBF8F772
:108A9000B1FD064A01462346304607B0BDE8F04F17
:108AA0000FF0ADBB07B0BDE8F08F00BFCB8700086B
:108AB000C36A8B4210B504460ED0036B8B420BD9B0
:108AC0000368C1625B69984730B12368618ADB68DB
:108AD0002046BDE81040184710BD00002DE9F04FBA
:108AE00085B0DDE90EA91E4603680F469B6C012187
:108AF000044690469847731E0AF1FF3239B212B20B
:108B00001BB26FF07F40A18023816281A4F80680B0
:108B1000A681A4F80EA0CDE9002004F614100DF0F3
:108B200070F8B4F90E303D495A1ECDE900320125E6
:108B300004F6381B0295B4F90630B4F904205846FF
:108B40000FF0B4F90DF08CFE014658460FF0ABFA69
:108B5000F8F750FD23460146314A58460FF04FFBC7
:108B6000B4F90E20B4F908100295531ECDE9002384
:108B700004F51F6BB4F906308A1A584629490FF0DC
:108B800095F90DF06DFE014658460FF08CFAF8F796
:108B900031FD23460146224A58460FF030FB00F0D3
:108BA000AFF88346F8F726FD04F6F8230193142363
:108BB00001460093584623461B4A00F022F91B4BFE
:108BC000B4F90A2002950193D4F8103BB4F90E10C1
:108BD000D3F88C305B1A0093B4F90C30B4F904105C
:108BE0002A4404F6A8200CF075FF84F8B85A3346DE
:108BF000394604F6D820CDF800A042460CF0DCFF40
:108C00004B46082B28BF08230021204684F8E85A49
:108C1000236305B0BDE8F04FFFF74ABFD38E0208CB
:108C2000CB87000843840208598800084040400070
:108C3000C0E90812836270472DE9F7430026B0F9B6
:108C4000B65A036BB5FBF3F5044600F55578374685
:108C5000A5F10809236BBB4202D803B0BDE8F0833D
:108C6000B4F9AE2AB4F90E10B4F90C30CDF8009076
:108C7000043232444046A3EB41030FF06DF9013753
:108C80002E4408F1B808E5E7034B044AD3F81C3337
:108C90001361034A1361704718B5020814000020DD
:108CA0000000002010B5054B044640F85C3B0EF078
:108CB000DFFB2046F8F732FC204610BDB0A90208C1
:108CC00008B50248FFF7EEFF08BD00BF7875002029
:108CD00010B50446FFF7E6FF2046CC210BF018F94B
:108CE000204610BD10B50446C06C10B1216D13F0C4
:108CF00011FB0EF08EFD20664FF0000010BD00004D
:108D000070B5274E3568BFF35B8F15F0010545D16F
:108D100030461BF0BCFD002840D0224C224B2046A0
:108D2000102240F8043B02212B460EF0F2FB2A46AB
:108D300029462B4604F114000EF0EBFB1B4BE562B9
:108D4000C4E90D348023A4F84430022384F846306B
:108D5000174BA36404F15C00164B2360C4E909556A
:108D6000C4E91355C4E9155584F8305084F83C50D3
:108D700025640EF073FB10496567542204F17800F6
:108D8000C4E91855C4E91B55C4F867501EF009F82A
:108D90000A481DF071FB30461BF085FD014870BD8F
:108DA00074750020787500204C9B02082B73010815
:108DB000D58E0208B0A9020844800208C18C0008C0
:108DC000C0E913120EF0D6B910B50C468988206898
:108DD0000FF0E8FDA3791B1A58425841237A8342C9
:108DE0000AD0627A824209D1E379082B02D1227239
:108DF000012010BD0133E3710020FAE76072002307
:108E0000F9E770B5059C054605F15C069DF8100074
:108E1000A360C4E9001220734FF0FF3130460EF01A
:108E20002FFB6B6D3BB9C4E904336C653046BDE87C
:108E300070400EF04ABB1A469442F7D01269002ADD
:108E4000FAD15C61C4E90432EFE770B5054600F180
:108E50005C060C4630464FF0FF310EF011FB6B6D97
:108E6000A34208D123696B653BB100225A6104E03B
:108E7000A3420AD01B69002BFAD10023C4E90433B2
:108E80003046BDE870400EF020BBD4E904321361D7
:108E9000002BEBD1F1E770B5049C054600F15C06B0
:108EA000C4E90012A3604FF0FF3130460EF0E8FA3B
:108EB000AB6D3BB9C4E90433AC653046BDE87040E6
:108EC0000EF003BB1A469442F7D01269002AFAD179
:108ED0005C61C4E90432EFE770B5054600F15C0659
:108EE0000C4630464FF0FF310EF0CAFAAB6DA3428C
:108EF00008D12369AB653BB100225A6104E0A3426B
:108F00000AD01B69002BFAD10023C4E90433304690
:108F1000BDE870400EF0D9BAD4E904321361002BD9
:108F2000EBD1F1E70C2303FB010090F880007047C0
:108F30000C2303FB0103084493F8803090F864206D
:108F40009A421ABF80F86430012000207047C36C39
:108F50001B68586A0B68C01AC0F3C03202FA80F06E
:108F6000401003EB40030B60704700002DE9F84F01
:108F7000044600F17806002500F15C074FF0010A75
:108F800031462046FFF720FF30B34FF0FF3138461F
:108F90000EF076FA636D0AFA05F2D3B1197B11422D
:108FA00066D03846D3E90089D3F808B00EF08DFAC0
:108FB000327A344B02EB450203EB4203B8F1000F67
:108FC00050D119465846C8474FF0FF3138460EF089
:108FD00057FA38460EF079FA0135072D06F10C06DE
:108FE000CED104F16C012046FFF7B1FF064680B3F5
:108FF0000EF01BFC236F86EAE677C51AA7EBE6772F
:109000000EF013FCBD4234BF0125B5FBF7F54FF45C
:109010007A73B3FBF5F304F15C05206763674FF0E7
:10902000FF3128460EF02CFAA36D7BB1D3E900780E
:109030002846D3F808900EF048FADFB93146484682
:10904000C0474FF0FF3128460EF01AFA28460EF0BE
:109050003CFA04F1600001210EF0F8FB4FF0000033
:10906000BDE8F88F5A46494640460EF00AF9ABE78C
:109070001B6992E733464A46414638460EF001F9ED
:10908000DFE700BF2800002050B90029B4BF6FF00F
:109090007E037F23642202FB0131FE2391FBF3F167
:1090A0000846704750B10029B4BF6FF03103322336
:1090B000FE2202FB0131642391FBF3F10846704765
:1090C0000023994208BF1A46C0E91D3341608260FF
:1090D0007047002914BF13460023036100239A42FE
:1090E00018BF9942C160436114BF0120002070473E
:1090F00000290ADB836F8B4207DD0C2303FB010091
:10910000D0F8983013600120704700207047002984
:1091100009DB836F8B4206DD0C2303FB0100C0F8E3
:1091200098200120704700207047002917DB836FCB
:109130008B4214DD0C2303FB0100D0F890100B468A
:1091400011F8010B0A280AD00D2808D040B12F28A9
:10915000F5D108782F28F2D159782F2901D0002095
:1091600070470233184613F8011B2029FAD0092949
:10917000F8D00D2904D842F20143CB40DB07EED4EE
:109180001060012070470000F8B50446C0680D4625
:1091900000284FD0216900294CD0002A4AD03B4AF0
:1091A000002312F83360AE4203D001331C2BF8D1F8
:1091B0002B461B2BA8BF1B2302EBC30200255368C1
:1091C0006561334A1DF0A4FBE36861695A5C581875
:1091D00012B1226991422FDBD4E900250023AA4273
:1091E00001D02E785EBB26692A4A711A1DF090FBC9
:1091F000E1686369CA5C002A39D161682B469942EB
:109200001A7803D20A2A01D00D2A36D1093AD2B2ED
:10921000172A05D8204921FA02F2D20700D50133D6
:109220009D426269E06803D321690139914226DCDD
:10923000002383540020F8BD01316161C5E76F78D8
:109240000D2F05F1010609D1B24203F101030CD043
:10925000AF780A2F00D1AE1C3546C0E70A2F01D1E6
:109260000133F9E7002FF7D1FAE71546BBE722698A
:109270009342C2DA01336361BBE7013BBFE7511C94
:10928000616113F8011B8154CAE700BFE4A9020819
:10929000EA830208DE8E020813008000F0B5C76F73
:1092A00085B001ADC72F85E80E00064606DD012218
:1092B0000F21FFF769FF002005B0F0BD0C2404FB6F
:1092C000070495E807009034013784E80B00F7673E
:1092D0000120F1E7026F10B5541E002C046705DA77
:1092E00001220B21FFF750FF002010BD632C02DD8F
:1092F00001220A21F6E702F2A73250F822300B6071
:109300000120F2E7026F632A08B5034605DD01225A
:109310000A21FFF739FF002008BD02F56A7001320B
:1093200043F820101A670120F6E713B5C7290DF19D
:10933000080C0CE90C000CD80C2202FB01010120E6
:10934000D1F89420032A08BFDBB2C1F8983002B0EC
:1093500010BD01220321FFF717FF0020F7E7C729FF
:1093600008B5034608D80C2000FB0130D0E92501E0
:1093700082E80300012008BD01220321FFF704FF5A
:109380000020F8E700F1170212F8013F03B9704717
:109390000368013B0360F7E7F8B5094E0D4600246A
:1093A00056F83400037806EBC4070BB9184604E0FE
:1093B0002946F6F715FF08B93879F8BD0134EFE70B
:1093C000C4AA0208F8B50A4E0D4600240C2707FB74
:1093D00004F3F05803781BB94FF0FF342046F8BD72
:1093E0002946F6F7FDFE0028F8D00134EFE700BF6C
:1093F0003CAB020810B507480C461DF060FB38B9BD
:109400000D2C04D842F20160E04000F0010010BDD4
:109410000120FCE7EB8E020800292DE9F047074602
:1094200015461E4610DB836F8B420DDD0C239146E3
:109430004FF0000803FB0104B04507DB002EC2BF5C
:10944000AD19002305F8013C00200CE0D4F8903061
:1094500013F808A038465146FFF7CCFF28B1002387
:1094600089F800300120BDE8F08709F801AB08F168
:109470000108E1E7D0F884306FF0004293422DE913
:10948000F047044604D0002B14DD013BC0F88430C3
:109490000023874AA4F86830E366237625682B7892
:1094A000093BDBB2172B03D822FA03F3DB0709D4FD
:1094B000804951E001221A21FFF766FE002630465E
:1094C000BDE8F08701352560E8E7A6F10903DBB2C6
:1094D000172B27D92F2E2CD0774831461DF0EFFAC5
:1094E000002850D17548314604F118071DF0E7FAFD
:1094F000002860D03E2E5CD8202E5CD9213E1D2E47
:1095000059D8DFE806F05F585858B2B7585858A8ED
:109510009A58A158AD5858585858585858585858EB
:1095200058645A8B41FA03F3DF07D5D4013525601F
:1095300012E06B782A2B17D12B461A782A2A1D465F
:1095400003F1010306D16A782F2A01D10235EEE733
:109550002360F2E7002AFBD12E78002EB5D141F22C
:109560000103A4F8683016E02F2BB5D15448AA1C8B
:109570002260154612F8013B0D2BF9D840FA03F38F
:10958000DE07F5D4E8E7002301356376267625600B
:10959000072384F86830012694F86830002B8ED1B8
:1095A000237641F20103A4F86830324616212046A2
:1095B00082E77C2E63D03D4618E06B783D2BFAD1D4
:1095C000052360E06B783D2BF5D106235BE06B78DB
:1095D0003D2B61D03C2B61D0013501230022256059
:1095E000237604F11905627684F8683094F868A04F
:1095F000BAF1000FCFD12668324896F80080414674
:109600001DF05DFA814600285ED085F80080236851
:109610000133236085F801A00123BAE76B783D2B65
:109620003ED03E2B3ED00323013523760023256018
:10963000637604F119050123D6E76B782B2B33D021
:109640003D2BB8D10B231EE06B782D2B2ED03D2B5C
:10965000B1D10C2317E06B783D2BACD10D2312E078
:109660006B783D2BA7D10E230DE06B783D2BA2D15B
:109670000F2308E06B78262B9DD1102303E06B7835
:109680007C2B98D111230235237663760023256045
:10969000A37604F11A05CEE70223F4E70723F2E7E5
:1096A0000423F0E70823EEE70923ECE70A23EAE7BF
:1096B00013008000ECFF7FFFFD8E0208008F020880
:1096C000FEDBFFFF0C8F0208B8F1220F4CD1731C98
:1096D000E666236072780D2A26D842F20143D34011
:1096E000DA0721D5014601222046FFF74DFD4E46FF
:1096F00042F2014823681A78222A09D03EB1E91BB8
:109700004E2913DD012213212046FFF73DFD0026DF
:1097100023681A78222A04BF0133236000232B70A8
:10972000062384F8683037E70126E1E75C2A18D180
:109730005A786E2A04D1013323600A2305F8013BCD
:1097400023685A1C22605B780D2BD3D828FA03F3C8
:10975000DB07CFD5012200212046FFF715FD0026AB
:10976000C8E705F8012BEBE7A8F13003092B23D953
:1097700040461CF0F7FF00284DD0E666D4F8008084
:10978000204698F80010FFF735FE064600B3012684
:1097900026E0EB1B4E2B08DD012213212046FFF7AC
:1097A000F3FC00232B700323BBE708F101032360C4
:1097B00098F8003005F8013BD4F80080204698F86E
:1097C0000010FFF717FE06460028E2D00126E8E762
:1097D000EB1B4E2B17DD012213212046FFF7D4FC93
:1097E000052384F8683000232B7094F86830052B2B
:1097F0007FF4D2AE39462046FFF7CEFD84F86900EB
:1098000058B104238DE708F10103236098F8003074
:1098100005F8013BB2E70126E5E7022381E700BF37
:10982000C36F2DE9F041A3EB0108002304460F4666
:10983000037631BBFFF71EFE02460C2505FB0845EB
:109840000026BE4211DA237E292B0ED062B12046BB
:10985000FFF710FE94F86930D91E0129024612D98B
:1098600009212046FFF790FC0022E36F4644B342F3
:109870002AD005212046FFF787FC00221046BDE8CC
:10988000F0810122D9E7032BC5F8943004BF95F885
:109890009830C5F8983018B12046FFF7EBFD024626
:1098A00094F86830022B04D000212046FFF76CFCAE
:1098B0000022E36EC5F890301AB12046FFF7DAFDBA
:1098C000024601360C35BCE7237E292BD6D00C216D
:1098D000D0E72DE9F843002790F869900446B84690
:1098E0003E463D462046FFF7C5FD48B194F8693035
:1098F000102B07D1012200212046FFF745FC002054
:10990000BDE8F883237E282B0BD10136B8F1000F78
:1099100027D045BBA6B9B9F10D0FF1D184F86990F4
:10992000EEE7292B01D1013EF0E77B2B0DD101356C
:10993000B8F1000F20D1DDB9002EECD00746A846C3
:10994000731CCFD101221146D6E77D2B01D1013DF9
:10995000DCE73B2BDAD1002ED8D1002DDBD08046BE
:10996000C0E7002FE7D16A1CEAD101220721C3E733
:1099700007464FF00008F6E74746E1E7002938B50B
:10998000044607DB83688B4204DD43685A185B5C3E
:10999000222B06D0012204212046FFF7F5FB0020F0
:1099A00038BD05680260FFF765FD94F86830062B46
:1099B00005D0024604212046FFF7E6FB0020256083
:1099C000EEE7000038B500230446C1E90033FFF795
:1099D00051FD237E282B024601D00C2109E058B10D
:1099E0002046FFF747FD94F86830062B024605D065
:1099F0000E212046FFF7C8FB00200AE00028FBD01C
:109A0000E5683DB92046FFF735FD237E292B024648
:109A1000E3D138BDD4E90410084A091A04F1180347
:109A200028441CF075FFE1686369CA5C002AE9D02C
:109A300022699342E6DA01336361F5E70B9B020882
:109A40002DE9F04106464C1E551E14F8018F304694
:109A50004146FFF7CFFC15F8017F20B1394630466B
:109A6000FFF7C8FC20B9B845EFD00120BDE8F08170
:109A70000020FBE72DE9F843476F05460E4600241A
:109A800000F51F684FF00C09A74204DC4FF0FF34CB
:109A90002046BDE8F88309FB04F3314658F803205B
:109AA0002846FFF7CDFF0028F2D00134ECE7F8B5E7
:109AB000C46F05460E46013C0C27002C03DA4FF01C
:109AC000FF342046F8BD2B6F002B0ADD03F2A733CD
:109AD00055F82330A34204DDAB6FA34201DC5C1ECA
:109AE000EDD407FB04533246D3F890102846FFF715
:109AF000A7FF0028E5D0013CDFE737B50546CDE9F3
:109B00000023FFF7D4FFDDE900230146284603B018
:109B1000BDE83040FFF709BC38B504461546FFF7ED
:109B2000C6FF2A4601462046BDE83840FFF717BC6D
:109B3000F7B590F86830013B04460E46052B00F25D
:109B40008880DFE803F06A035786866300F1180512
:109B50002946FFF737FC411C16D00C2358433E4BD7
:109B60000430C2181B585268511004EB6200D2072F
:109B700048BF6258314648BFD35898470546002D24
:109B80003ED1002003B0F0BD29462046FFF772FF0A
:109B9000013004D03146204601F001F8EEE72946B5
:109BA0002046FFF784FF3246014607462046FFF76E
:109BB000D6FB054618B12046FFF75CFC0546227E21
:109BC000A2F10903012B11D885B196E80300092AF7
:109BD000CDE900010CBF013101F1FF310191DDE957
:109BE000002339462046FFF7A0FBC7E72046FFF7D2
:109BF000C9FBC4E704230B6018301CF043FC706001
:109C0000204603B0BDE8F040FFF734BC06234268AD
:109C10000B60C36E9B1A4B60F2E7037E272B03D0C9
:109C2000292B16D10120ADE703230B6003681A78B6
:109C30004A601A7822B15A1C02605A78272A05D045
:109C400001220E212046FFF79FFA9AE702330360B4
:109C5000D6E701220021F5E73CAB020838B5037EC8
:109C6000282B04460D4619D1FFF704FC024628B103
:109C700001222946204600F008FB0246237E292BBC
:109C800005D00C212046FFF77FFA002038BD002ABE
:109C9000FBD02046BDE83840FFF7ECBBBDE83840BC
:109CA000FFF746BF2DE9F341047E0A2C05460E4618
:109CB00003D8082C0CD800242EE0A4F12102D2B243
:109CC0000C2AF8D841F20143D34013F00103F2D03B
:109CD0002846FFF7CFFBA4F10903012B1BD8C0B125
:109CE00005F1180800236A4641462846009301936F
:109CF000FFF712FF68B1019B092C0CBF013303F180
:109D0000FF330193DDE9002341462846FFF7F5FEC6
:109D100010B9002009E018B131462846FFF79EFF30
:109D20002D2C05D173685B42736002B0BDE8F081F1
:109D3000212CFAD17368B3FA83F35B09F4E70000CE
:109D40002DE9F34104460D46FFF7ACFF40F22147F1
:109D5000267EA6F12503DBB20A2B3ED827FA03F3B1
:109D6000DB073AD5002838D02046FFF783FB94F86C
:109D70006830012B80460BD1217E19481CF09FFED4
:109D8000014628B942462046FFF7FEF90020DFE7EA
:109D9000B8F1000FFAD069462046FFF783FF00288C
:109DA000F4D02A2E0BD02F2E0ED0252ED0D1019AF2
:109DB00062B16B6893FBF2F102FB113302E06B6856
:109DC000019A53436B60C3E7019A12B90122102133
:109DD000D9E76B6893FBF2F3F4E702B0BDE8F081DA
:109DE000D0A90208F7B504460D46FFF7A9FF277E64
:109DF0002B2F01D02D2F25D120B32046FFF73AFB82
:109E000094F86830012B06460BD1217E0E481CF0D9
:109E100056FE014628B932462046FFF7B5F9002024
:109E2000E5E7002EFBD069462046FFF789FF0028B2
:109E3000F5D02B2F6B68019A01D1134400E09B1AD7
:109E40006B60D4E703B0F0BDD6A902082DE9F34159
:109E500006464FF000080C46CDE90088FFF7C2FF28
:109E6000377E0546394626481CF029FE18B315B33F
:109E70003046FFF7FFFA337E292B02460CD14146CC
:109E80003046FFF781F90025013F052F13D8DFE8A1
:109E900007F00B161D242B310028F4D069463046FC
:109EA000FFF7A0FF0546EFE76368019A9342ACBF56
:109EB000002301236360284602B0BDE8F081636897
:109EC000019A9342CCBF00230123F3E76368019A10
:109ED0009342D4BF00230123ECE76368019A9342C5
:109EE000B4BF00230123E5E76368019A9A1A53423D
:109EF0005341DFE76368019A9B1A18BF0123D9E732
:109F0000DCA902082DE9F34190F86830022B0446E1
:109F10000D460AD0002329462046CDE90033FFF73D
:109F200095FF002866D100203CE000F11801FFF702
:109F3000BEFD411C0746EDD02046D4F86C80FFF7EB
:109F400099FA267E3D2E03D0A6F10B03042B47D8A9
:109F5000002842D02A4639462046FFF700FA00285A
:109F6000E1D000232046CDE90033FFF783FA024613
:109F700020B169462046FFF7C5FF02460B3E019B14
:109F8000042E06D8DFE806F00311141721006968D3
:109F90000B446B60002AC6D095E80C003946204679
:109FA000FFF7C3F902B0BDE8F0816968CB1AF0E7AA
:109FB00069684B43EDE723B910212046FFF7E4F829
:109FC000B1E7696891FBF3F3E3E7002BF4D069682C
:109FD00091FBF3F003FB1013DBE7C4F80080A2E76A
:109FE000C4F8008000289ED02046FFF743FA0028DE
:109FF00099D08FE7267EA6F11003012B14D82046B6
:10A00000FFF738FA18B169462046FFF77BFF112E9B
:10A010006B6806D01BB1019B003B18BF01236B602E
:10A02000C0E701990B43F7E73F2EBBD16E68002EC6
:10A0300000F081802046FFF71DFA18B1294620461E
:10A04000FFF760FF237E3A2B05D00246052120460C
:10A05000FFF79AF8002000252F462E460CE02046F8
:10A06000FFF708FA237E3F2B22D013D8292B19D0D3
:10A070003A2B1FD0282B13D0237E3B2B03D02C2B25
:10A0800001D07D2B19D146EA07032B438AD0002843
:10A09000E5D148E77B2B09D07D2BEDD1013FEBE7E4
:10A0A0000136E9E7013E721CE6D17BE70137E3E7C1
:10A0B0000135E1E7013D6B1CF6E7002BE7D171E7C5
:10A0C0002046FFF7D7F9237E3F2B30D021D8292B0C
:10A0D00028D03A2B2DD0282B22D0002E05DA02468C
:10A0E00001212046FFF750F80020002F05DA024634
:10A0F00005212046FFF748F8002046EA08013943C9
:10A10000237E1BD0E3B10028DAD13A2B3FF40BAF0A
:10A1100016E07B2B08D07D2BDFD108F1FF38DCE780
:10A120000136DAE7013ED8E708F10108D5E7013743
:10A13000D3E7013FD1E7B0460127DEE73A2B02D053
:10A140000246052139E700283FF4EDAE2046FFF72F
:10A1500091F900283FF4E7AE29462046FFF7D2FEEA
:10A1600020E7000037B5204BC0F884300D1E0446B0
:10A1700013DB836FAB4210DD0C2303FB0503D3F825
:10A1800090300360FFF776F994F86830022B0246AE
:10A1900006D000212046FEF7F7FF002003B030BDB7
:10A1A0000028FAD000232046CDE90033FFF762F9FA
:10A1B000237E3D2B0AD10028EFD02046FFF75AF925
:10A1C0000028EAD069462046FFF79CFE0028E4D02C
:10A1D0000C2202FB0544019BD4F89420032A08BFFB
:10A1E000DBB2C4F89830D9E790D0030070B586B0E0
:10A1F0000446FFF73FF9002394F86960059303AD27
:10A20000024618B12046FFF735F9024694F8683047
:10A21000022B0BD000212046FEF7B6FF0020237E44
:10A220002C2B28D148B300230593EBE7002AF5D067
:10A23000E36E03932046FFF71DF9237E3D2B11D1DA
:10A240000028EBD000232046CDE90133FFF712F9B7
:10A2500018B101A92046FFF755FE029B032E08BF47
:10A26000DBB205930028D9D0049695E80E0020466D
:10A27000FFF714F8D3E73B2B05D002460621204612
:10A28000FEF782FF002006B070BDD0F880300133A9
:10A290000A2B70B504460D461646C0F880300ADD1C
:10A2A00001221921FEF770FF0020D4F88030013B15
:10A2B000C4F8803070BD037E13B901220221F1E79A
:10A2C0003B2B0BD102220023C1E900230120ECE744
:10A2D0002046FFF7CFF818B129462046FFF712FEB7
:10A2E000237E2C2BE1D1002EDFD00028F0D1DBE73C
:10A2F00070B504460D461646FFF7BCF810B90021AC
:10A30000084670BD294632462046FFF7BEFF01468B
:10A310000028F4D02046FFF735F8F1E7F0B5284BD8
:10A3200004460E4693E8070087B003AD002785E892
:10A33000070037602046FFF79DF8237E282B024652
:10A340000FD00C212046FEF71FFF0022237E292B71
:10A3500004D00C212046FEF717FF0022104607B05C
:10A36000F0BD0028F1D02046FFF784F8237E292B8A
:10A370000246EBD00028E8D02046FFF703F8002281
:10A3800001A92046CDE90177FFF7B2FF029B0593B3
:10A3900048B90022336801333360237E2C2BD5D19A
:10A3A000002AECD1D1E795E80E002046FEF776FFB3
:10A3B0000028EED02046FFF75DF80246EAE700BF2E
:10A3C0009880020837B500F18805034695E8030038
:10A3D0000122CDE9000169461846FFF789FF0346CF
:10A3E000DDE9000185E80300184603B030BD38B54B
:10A3F00004460D46FFF73EF8237E282B02461BD06D
:10A400000C212046FEF7C0FE0020237E292B05D01C
:10A4100002460C212046FEF7B7FE0020E368C3B1D8
:10A42000D4E90421013A914213DA20B16A685A54FE
:10A4300063690133636138BD0028E5D000222946F5
:10A440002046FFF755FF0028DED02046FFF712F820
:10A45000DBE70020EFE70000F7B502230446002603
:10A46000C1E90036FFF706F8237E282B05461CD0ED
:10A4700002460C212046FEF787FE35460026237E45
:10A480002C2B06D125B12046FEF7F4FF054678B9FE
:10A490000025237E292B05D02A460C212046FEF7D5
:10A4A00073FE0025284603B0F0BD2C232376E5E794
:10A4B00094F86830012B19D1237E292BE9D020464E
:10A4C000FEF760FF69460022CDE90066FFF710FF46
:10A4D000054600283AD0E068E0B1009B023B042B1F
:10A4E0002FD8DFE803F0170E202E2500062BE6D12B
:10A4F000E7687FB1D4E904101A4A04F11803091A75
:10A5000005E0D4E904179DF80430174AC91B384404
:10A510001CF0FEF9E268EAB9002DB0D02046FEF743
:10A52000A9FF0546ABE7D4E90417019B0F4AEDE705
:10A5300001992046FFF722FA40B1D4E90410E768F8
:10A54000DAE7012209212046FEF71EFE0025E1E799
:10A55000013363616369D15C0029DDD021698B42DD
:10A56000F6DBD9E7EA8302081C8F02081F8F020876
:10A5700010B50446FFF770FFE36873B1D4E9041225
:10A5800001398A4209DA38B1511C61610A219954B2
:10A59000E26863690021D15410BD0020FCE700008F
:10A5A0002DE9F04304468BB00025CDE90355CDE9F4
:10A5B00005550F46FEF75EFF237E282B024617D077
:10A5C0000C212046FEF7E0FD0022237E2C2B1DD01F
:10A5D00005212046FEF7D8FD0025237E292B23D018
:10A5E0002A460C212046FEF7CFFD00252E462CE002
:10A5F0000028E9D02A4603A92046FFF779FE002863
:10A60000E2D02046FEF736FF0246DEE7002AE3D01E
:10A61000002205A92046FFF76BFE0028DCD020466B
:10A62000FEF728FF0546D8E7002DDFD0069B002661
:10A630000A22092B2CDC012B01D1092E05DD012278
:10A6400005212046FEF7A0FD0025E168C1B1BDB19E
:10A650006269DDF81880049B01EB020C2169B8F1F6
:10A66000010FA1EB020E1CD1224A714660461CF07C
:10A670004FF9E1686369CA5C12B12269934236DB23
:10A68000022200232846C7E900230BB0BDE8F0836F
:10A6900093FBF2F102FB1133002BD0D10B460136B4
:10A6A000C7E7DFF85C90D9F80000D9F8041007AAD2
:10A6B00003C2B9F80810118083EAE372A2EBE372D7
:10A6C000049292FBF8F108FB1122CDE900120A4A2C
:10A6D0000A4931EA230128BF114630360B4607AA42
:10A6E000714660468DF823601CF012F9C1E7013312
:10A6F0006361BFE71F8F0208B9840208F78402086C
:10A70000228F020838B504460D46FEF7B3FE237EBD
:10A71000282B02460ED00C212046FEF735FD0020E6
:10A72000237E292B13D002460C212046FEF72CFD58
:10A73000002038BD0028F2D0002229462046FFF72D
:10A74000D7FD0028EBD02046FEF794FEE8E700286E
:10A75000EED06B68002BB8BF5B426B60E9E770B569
:10A7600004460E46FEF786FE237E282B02460FD0B7
:10A770000C212046FEF708FD0025237E292B15D04D
:10A780002A460C212046FEF7FFFC0025284670BD16
:10A790000028F1D0002231462046FFF7A9FD00280D
:10A7A000EAD02046FEF766FE0546E6E7002DECD02F
:10A7B000706800280BDDF5F7CDFE41EC100B1AF0A8
:10A7C00077F851EC100BF6F7DFF97060DEE7002048
:10A7D000FBE70000D0F88030092BF7B5044606DD12
:10A7E00001221921FEF7D0FC002003B0F0BD013397
:10A7F000C56FC0F8803000262046FEF73BFE78B3D8
:10A8000094F86820022A06D0237EA3F109010129C9
:10A8100001D9282B13D10027012269462046CDE912
:10A820000077FFF732FD237E3B2B44D00246062102
:10A830002046FEF7A9FC00203DE00646DCE7072A9B
:10A8400010D17D2B39D026B12046FEF79BFDFFF7B6
:10A85000C1FF94F869300D3B032B2ED90028ECD1B1
:10A8600000202AE094F86930033B0D2B23D801A285
:10A8700052F823F0ADA80008ADA80008D7A800083A
:10A88000DFA80008F7A80008EFA80008E7A800085C
:10A89000FFA80008B7A80008B7A80008C9A80008C2
:10A8A000B7A80008B7A8000837A800082046FEF798
:10A8B00069FDFFF79BFC002ECBD1D4F88030E56713
:10A8C000013BC4F8803090E72046FFF77BFD0D2365
:10A8D00084F86930EFE7204600F0EEF9EBE7204618
:10A8E000FEF7F7FFE7E7204600F00FFAE3E7204620
:10A8F00000F042FADFE7204600F006F8DBE72046EA
:10A9000000F098F8D7E700BF2DE9F74F0446002381
:10A91000CDE90033C76FFEF7ADFD237E282B02463D
:10A9200001D00C2114E0B0B12046FEF7A3FD90B198
:10A9300094F86930033B012B12D82046FEF722FD24
:10A94000FFF754FC38B1237E3B2B0FD001220621A8
:10A950002046FEF719FC0020E76703B0BDE8F08F42
:10A96000012269462046FFF790FCEBE7D4F800800F
:10A970004FF001092046FEF77DFD0028EBD00122B3
:10A9800069462046FFF781FC0028E4D0009B022B9B
:10A99000237E08BFCDF804903B2BD7D1D4F800A07C
:10A9A00001262046FEF766FD237E282B054606D1AC
:10A9B000013694F86930102B06D12A46B1E7292BCD
:10A9C00008BF06F1FF36F4E716B1002DE9D1C2E762
:10A9D000002DC0D0019B7BB12046D4F800B0FFF71A
:10A9E000F9FE94F8692002F0FD020D2A034604D115
:10A9F00018B1C4F800B001962B46019A2AB9002B71
:10AA0000A9D02046FEF765FFA6E7002BA3D0C4F827
:10AA100000A02046FEF72EFD10B9C4F800809AE78A
:10AA2000012269462046FFF730FCC4F80080002868
:10AA3000A0D190E72DE9FF47002269460446FFF7C1
:10AA400057FCEA46024618B12046FEF713FD0246BF
:10AA5000237E7B2B0BD014212046FEF795FBD4F8E8
:10AA60007C900020C4F87C9004B0BDE8F087002AF8
:10AA7000F5D0D4F80080D4F87C90012502AF2046B0
:10AA8000FEF7F8FC237E7B2B06460BD1013594F8AC
:10AA90006930102B00D056B9324600212046FEF70F
:10AAA00073FBDEE77D2B08BF05F1FF35EFE7A3F170
:10AAB0000B02012A03D9002DE1D13046D2E7012D46
:10AAC000DDDC002DF9D00C2B08D19AE8030087E8D3
:10AAD00003002046FEF7CEFC024607E0002239467E
:10AAE0002046FFF705FC02460028F2D1237E3A2BD0
:10AAF00004D015212046FEF747FB00220399019B55
:10AB0000994248D1002AACD02046FEF7B3FC002879
:10AB1000A7D094F86930102B02D101220721BDE79C
:10AB2000227E7D2AC9D0A3F10B02012A13D80B2B58
:10AB300008D02046FEF79EFC0246237E3A2BE1D049
:10AB40001521ABE7002239462046FFF7D1FB02462C
:10AB50000028F2D0EDE72046FEF714FCFFF73AFE9E
:10AB600094F869500D2D3FF47DAF00283FF479AF84
:10AB7000A5F10E03012BC7D808F1FF33236020464F
:10AB8000FEF7A7FE00283FF46CAF0E2D18BF00257E
:10AB900084F8695091E7002A7FF471AF61E72DE9ED
:10ABA000F3410E4600F118010446FEF763FF431C13
:10ABB000054608D1012208212046FEF7E5FA0020CB
:10ABC00002B0BDE8F081002301A92046D4F87C80C2
:10ABD0000193FFF7A3FB0028F1D0414620462768E8
:10ABE000FEF790FB0C2303FB0545D5F8F4392360F1
:10ABF0000028E4D001992046FEF712FE0028DED09E
:10AC00002046FFF7E7FD0028D9D0D4E9220186E8E5
:10AC100003002146D5F8F839336041F87C7B2046A3
:10AC200002B0BDE8F041FEF755BB00001E4B37B542
:10AC3000C0F8843043680360836F1C490025C0E975
:10AC40001F35C0E9225580F8695005670446FEF7B4
:10AC500011FF431C21D00C2303FB00405022D0F8ED
:10AC6000F43912492046013B40F8183B1BF046FFDF
:10AC700069462046FFF793FFD4E90412E3684C1EAF
:10AC8000A24206DB1BB10A4A18461BF041FE002017
:10AC900001E003B19D5403B030BDE0680028F6D058
:10ACA000044A2169F1E700BF90D003002C8F02080D
:10ACB000318F0208588F020837B5012269460446D1
:10ACC000FFF716FB18B90021084603B030BD019DFF
:10ACD00025B12046FFF77EFD0146F5E784F869506F
:10ACE0002046FEF7F6FD0028EDD02046FEF7C2FB19
:10ACF00001460028E7D094F86930062B2046E9D0B9
:10AD0000FEF740FB84F86950DEE773B50446FEF7B2
:10AD100039FB0568FEF7AEFB94F86930092B024653
:10AD200006D00D212046FEF72FFA002002B070BD9C
:10AD30000028FAD0012269462046FFF7D9FA0028F8
:10AD4000F3D0019BABB120462668FFF743FD94F892
:10AD500069300D2BEAD00F2B06D126600028E4D0F5
:10AD60002046FEF7B6FDE1E7002384F86930256050
:10AD7000DCE784F86930F3E7F7B5FEF703FB054637
:10AD80000768FEF777FB18B90024204603B0F0BD32
:10AD90002846FFF71FFD04460028F5D095F86960A6
:10ADA0000D2EF2D0A6F10E03012B21D92846FEF775
:10ADB00061FB95F86930092B02462AD00D212846FF
:10ADC000FEF7E2F90020019B13B10CB100B12F6036
:10ADD0000446DAE72846FEF74DFB95F86930102B5C
:10ADE000044605D1024600212846FEF7CDF900248D
:10ADF00095F86930092B02D0002CEBD1C4E7002C68
:10AE0000C2D0B6F10F04284618BF0124FEF7BAFAE3
:10AE1000CCE70028D6D0012269462846FFF768FA19
:10AE2000D1E72DE9F7430546FEF724FB95F8697055
:10AE300004460C2605F19008AB6FEB67C72B0CDDC1
:10AE4000224618212846FEF79FF900242B7E3B2B33
:10AE50002AD1204603B0BDE8F08306FB035300224D
:10AE6000C3F89470C3F898201CB12846FEF702FB83
:10AE70000446AB6FEA6E06FB0353C3F8902095F8C7
:10AE80006830022B05D0224600212846FEF77CF9C7
:10AE900000244FF00009AB6F4B451EDD5CB92B7EE3
:10AEA0002C2BD3D1002CC7D1224606212846FEF7F1
:10AEB0006BF90024CDE706FB09F3EA6E58F803109E
:10AEC0002846FEF7BDFD044620B90122112128467F
:10AED000FEF75AF909F10109DDE7002CDFD0284619
:10AEE000FEF7C8FA2B7E3D2B04461BD1D0B10023C0
:10AEF0002846CDE90033FEF7BDFA044620B1694685
:10AF00002846FEF7FFFF0446AB6F019A0C2101FBB8
:10AF1000035001FB0353D0F89400032808BFD2B2BA
:10AF2000C3F89820AB6F0133AB67B8E7784B2DE9D6
:10AF3000F74FC0F8843043680446002B00F0DC80F3
:10AF40000026C0E91D660360C0F8806080F8696073
:10AF5000012594F86930102B00F0C8805DB9002EEF
:10AF600000F0CA803FE02046FEF784FA237E7B2B68
:10AF700005462FD1013694F869307EBB102B00F0C6
:10AF8000BE80002D00F0B8802046D4F80090FEF777
:10AF900071FA94F86970BB1E022B054672D800281E
:10AFA00070D02046FEF766FA94F86830022B05460A
:10AFB000CFD1C8B32046D4F86C80FEF75BFA237E6D
:10AFC000282B054650D178B3B34604F51F694FF0DE
:10AFD0000C0A1FE07D2B08D094F86930102B00F08C
:10AFE0008680002DBFD1002581E0013EC3E70AFB2A
:10AFF0000BF3424659F803102046FEF721FD38B9FD
:10B0000001902A4612212046FEF7BEF8019B1D46FC
:10B010000BF1010B636F5B45E9DC642B06D12A461B
:10B0200017212046FEF7B0F8002592E7002DFBD04F
:10B030000C2202FB03422168C2F8F4190133C2F862
:10B04000F879C2F8F0896367227E94F86930292A7A
:10B050003FF47FAF102B3FF47CAF002DE4D02046AF
:10B06000FEF708FA0546EFE70028DDD0022F06D0EC
:10B07000C4F800902046FFF7D4FE054669E7012298
:10B080000921CEE794F86870022F27D135B3204606
:10B09000D4F86C80FEF7EEF9237E282B05461BD1F1
:10B0A000D0B1626F632A01DD0122B9E70C2101FBF7
:10B0B00002412368C1F8F4390132C1F8F879C1F8C6
:10B0C000F08962671A4613F8011B29291DD000294F
:10B0D0003FF43FAF2360F5E72A46D1E7237E7B2B81
:10B0E0007FF437AF002D9FD0012632E73EB12A46CC
:10B0F00007212046FEF748F80025A56701E0002D4E
:10B10000FAD0284603B0BDE8F08F0132226020E774
:10B1100090D0030010B50446FEF7ACF9237E282B2F
:10B1200002460ED00C212046FEF72EF80020237E8A
:10B13000292B05D002460C212046FEF725F80020D9
:10B1400010BD0028F2D02046FEF794F9EFE738B59D
:10B1500004230B600C460546FBF7B4FD0021FBF70A
:10B1600067FE60602846BDE83840FFF7D3BF38B5BA
:10B1700004230B600C460546FBF7A4FD0121FBF7F9
:10B1800057FE60602846BDE83840FFF7C3BF38B5BA
:10B1900004230B600C460546FBF794FD0221FBF7E8
:10B1A00047FE60602846BDE83840FFF7B3BF042380
:10B1B00070B50B600C460546FBF784FD0646FBF7B1
:10B1C00081FD0021FBF734FE014696F82804FDF7C7
:10B1D00069FF60602846BDE87040FFF79BBF04230D
:10B1E00070B50B600C460546FBF76CFD0646FBF799
:10B1F00069FD0121FBF71CFE014696F82804FDF7C6
:10B2000051FF60602846BDE87040FFF783BF04230C
:10B2100070B50B600C460546FBF754FD0646FBF780
:10B2200051FD0221FBF704FE014696F82804FDF7C4
:10B2300039FF60602846BDE87040FFF76BBF04230C
:10B2400070B50B600C460546FBF73CFD0646FBF768
:10B2500039FD0021FBF7ECFD014696F82804FDF7C7
:10B2600013FF60602846BDE87040FFF753BF04231A
:10B2700070B50B600C460546FBF724FD0646FBF750
:10B2800021FD0121FBF7D4FD014696F82804FDF7C6
:10B29000FBFE60602846BDE87040FFF73BBF04231B
:10B2A00070B50B600C460546FBF70CFD0646FBF738
:10B2B00009FD0221FBF7BCFD014696F82804FDF7C5
:10B2C000E3FE60602846BDE87040FFF723BF38B555
:10B2D00004230B6005460C46FBF7F4FC90F8F033B2
:10B2E00063602846BDE83840FFF714BF1FB528B398
:10B2F000436F1944036C21EAE1718B42416706DC1C
:10B30000591E0029416702DA002004B010BDC36B4A
:10B310003C2202FB01334FF47F044FF0010CB3F9E0
:10B320000E20B3F90C10CDE9014CB3F9163000939F
:10B33000B0F91C3044300AF0CDFBE5E70220E4E729
:10B34000F8B5044600284FD000F178078F4211D19C
:10B35000436F002B06DB0068A56828B162682946A8
:10B360000BF08FFF0020F8BD002DFBD01946606860
:10B37000A847F7E700F598768E420CD10068E5689B
:10B3800018B1636F23EAE373E8E7002DEAD0616F39
:10B3900021EAE171EBE70B784D78A3B938462946ED
:10B3A0000CF022FF04F1440025B14FF47F410AF074
:10B3B000D8FBD7E74FF47F010AF0D3FB394620468C
:10B3C000FFF7BEFFCEE7012BCCD1304629460CF06B
:10B3D0000BFF04F144000DB1FF21E8E74FF47F01BA
:10B3E0000AF0BFFB3146EAE70220BCE78360009B1E
:10B3F000C360C0E900127047F0B5044687B0154637
:10B400000E461022002102A81F461BF050FBB4F983
:10B410001C400BF0EBF903689B689847B4FBF0F411
:10B420002846F4F7E7FE231A002B14DD0D4A1021FD
:10B4300002A81BF06DFA72683046944250F8081B5F
:10B4400038BF621CCDE9005702AB0AF0E2FD4FF0B5
:10B45000000007B0F0BD044A102102A81BF058FA02
:10B46000E9E700BFCD920208D79202082DE9F04F1C
:10B4700087B0044600F110071098009038461E4629
:10B480000BF019F8E36B002B40F08D800227D4F805
:10B49000E831D3F88CA0D3F888500BF057FA036842
:10B4A000DB68984706460BF051FA0368DB6898475B
:10B4B00005EBD5756D10043D04F178084FF00109D6
:10B4C00006EB460600EB4000AAEB0603CDE9005070
:10B4D0003849CDF80890002240460CF0E7FCF6F71A
:10B4E00089F823460146344A40460CF088FED4F8D9
:10B4F000E8313249D3F88820CDF80890B4F9863085
:10B50000CDE9005304F59876B4F97E30521B3046ED
:10B510000CF0CCFCF6F76EF8274A0146234630467D
:10B520000CF06DFE384607B0BDE8F08FE06B09FB0C
:10B5300005F84044394608300BF064F8E36B53F8E3
:10B540000810059103EB080B0BF050F90368DB685A
:10B55000984780460BF04AF905FB08F3CDE900A0B7
:10B56000059900220BF108000AF091FC0135236CCB
:10B57000AB42DBDC04F14405394628460BF042F8C7
:10B58000E36B4FF47F000127B3F90E20B3F90C10E1
:10B59000CDE90107B3F916300093284633460AF087
:10B5A00099FA002773E700254FF03C096FF07F4AB6
:10B5B000DDE700BFDB92020841B30008F083020818
:10B5C00037B50D461946089BC0E90F520093DDE9D7
:10B5D0000623FFF74BFF03B030BDC36B70B50446C5
:10B5E00053B3FDF78DFB04F5F671FDF775FCFDF720
:10B5F00087FB04F50171FDF728FC04F144000BF012
:10B600004EF800253C26236CAB420DDC04F1100003
:10B610000BF045F804F178000BF041F804F5987050
:10B620000BF03DF8002070BDE06B06FB0500083014
:10B630000BF035F80135E6E70220F4E7F0B50446F3
:10B6400085B00D460E463C27236CB3422BDC626F5F
:10B650002564AA4204F1440601DA002A07DA002D23
:10B66000D4BF4FF0FF330023636724DD0022E36B78
:10B670003C2101FB02334FF47F000125B3F90C108C
:10B68000B3F90E20CDE90105B3F916300093304629
:10B69000B4F91C300AF01EFA002130460AF0EFFF20
:10B6A00000253C2613E0E06B07FB060008300AF09B
:10B6B000F6FF0136C8E730460AF0F1FFF0E7E06B2D
:10B6C00006FB0500012108300AF0D9FF0135236C83
:10B6D000AB42F4DC05B0F0BDF0B5C36B85B00446F9
:10B6E0000D46002B5DD1022005B0F0BDE06B07FBDD
:10B6F0000600012108300AF0C2FF0136236CB34274
:10B70000F4DC294604F110000AF0B9FF626F002A48
:10B710001DDB236C9A421ADAE36B3C2101FB0233F6
:10B720004FF47F000127B3F90C10B3F90E20CDE9D7
:10B730000107B3F91630009304F144063046B4F91A
:10B740001C300AF0C7F9002130460AF098FF29465C
:10B7500004F178000AF093FF294604F598700AF086
:10B760008EFFFDF7CDFA0546F5F744FF04F5F673B5
:10B7700001460D4A009328462346FDF78CFBFDF752
:10B78000BFFA0546F5F736FF04F50173019303236D
:10B79000014600932846054A2346FDF732FB002068
:10B7A000A2E700263C27A9E7EDB2000841B3000854
:10B7B0004FF000007047C0E900128360704700003E
:10B7C0002DE9F04F7A4D85B004468B4691461E46D2
:10B7D0002B68BFF35B8F13F0010FDFF8E4810CD10E
:10B7E000284619F054F840B1D4F870322846D3F8FE
:10B7F0008830C8F8003019F056F8002525730BF092
:10B800002FF804F18C076FF07F4A2B462A460190EF
:10B81000CDF800A0594638460AF039FB3146384683
:10B820000AF09AFBB4F99830D8F80010C91A04F15C
:10B8300010062B460822490838460AF069FF3146AF
:10B8400038460AF0DFFE012138460AF018FF0AF0F8
:10B85000CDFF04F1C007CDE900A02B462A4649469A
:10B86000384609F061FEB4F996202B4608320821CB
:10B8700038460AF04DFF314638460AF0C3FE012132
:10B88000384601270AF0FBFECDE90157B4F9CA306A
:10B89000083304F13C090093D8F800302A462946C1
:10B8A00048460AF017F9484604210AF043F9484689
:10B8B0004FF6FF710AF055F9294648460AF068F933
:10B8C000314648460AF09EFE294648460AF0D7FE11
:10B8D000D4F87022B4F94A30D2F88C200093D21AEE
:10B8E00002EBD272D8F800303A41294630460AF0CD
:10B8F000E2FDD4F87032D3F88C20009229462A4613
:10B9000004F16C00D3F888300AF056F9D4F870329C
:10B9100084F87C70D3F88CA00BF018F80368DB680F
:10B920009847D4F87032D3F8882002EBD27242FAEA
:10B9300007F681460BF00AF80368DB68984704F5C0
:10B940008078043E09EB490900EB4000CDE9006036
:10B95000AAEB09032A461749029740460CF0A6FABB
:10B96000F5F748FE23460146134A40460CF047FCD3
:10B97000D4F87032B4F90C21D3F888100297B4F9D6
:10B980000E31CDE9002304F5DC76B4F906318A1ACC
:10B9900030460A490CF08AFAF5F72CFE064A0146B1
:10B9A000234630460CF02BFC284605B0BDE8F08F4E
:10B9B00044760020E292020883BA0008F08302086D
:10B9C0004876002037B504460D466C300AF057FE25
:10B9D000691C04F110000AF052FE237B4BB9A91C2C
:10B9E00004F580700AF04BFEE91C04F5DC700AF0E7
:10B9F00046FEFDF785F90546F5F7FCFD04F51D73D8
:10BA000001460D4A009328462346FDF744FAFDF708
:10BA100077F90546F5F7EEFD04F5237301937F23CF
:10BA2000014600932846054A2346FDF7EAF94FF000
:10BA3000000003B030BD00BFB1B7000883BA0008F2
:10BA400010B50446FDF75CF904F51D71FDF744FAE5
:10BA5000FDF756F904F52371FDF7F7F904F110002D
:10BA60000AF01DFE04F16C000AF019FE04F5807066
:10BA70000AF015FE04F5DC700AF011FE4FF000002C
:10BA800010BDF8B50446002839D000F580778F4204
:10BA900012D000F5DC768E4216D101236373204666
:10BAA000FFF7CEFFD4E9000540B1A268234629463E
:10BAB0000BF0E7FB0020F8BD0023EFE7002DF9D0E5
:10BAC000A0682146A847F5E7037B002BF2D10B784D
:10BAD0004D7853B9294638460CF086FB002DE9D144
:10BAE00039462046FFF7CDFFE4E7012BE2D1294696
:10BAF00030460CF079FB002DDCD13146F1E7022015
:10BB0000D9E7000070B50D4D2C68BFF35B8F14F0C2
:10BB1000010410D1284618F0BAFE60B1084E094958
:10BB20003046682240F8044B1BF03BF92846C6E932
:10BB30001B4418F0B8FE024870BD00BF4C760020D0
:10BB400050760020A480020801604FF0000070478A
:10BB500070B5061D05469CB06C2300210068324676
:10BB60000BF020FFEB6E2B67C4B2682130460BF060
:10BB7000A3FF14B9EB6E83420CD008496C2201A8D4
:10BB80001BF00FF96C2201A930461BF00AF9002CBA
:10BB900008BF062420461CB070BD00BF0C810208FF
:10BBA00038B5051D0446682128460BF085FF236F34
:10BBB000E06698420AD020686C232A4600210BF0E8
:10BBC0000BFFC0B208B9E36E236738BD0020FCE765
:10BBD00090B190F8643023B1D0F808320B44C0F82B
:10BBE000083290F86C320BB900207047D0F810344E
:10BBF0001944C0F81014F7E7022070472DE9F0410E
:10BC00000446FDF77DF804F29451FDF765F900252F
:10BC10004FF48C78342741F2BC36F6F7D1F808FBA4
:10BC200005F303F62C5203441044D3F82C3D1B6952
:10BC30009847F6F7C5F807FB05F39A190344013551
:10BC40009B5910441B699847062DE6D104F1380032
:10BC50000AF025FD201D0AF022FD04F5A8700AF067
:10BC60001EFD04F510700AF01AFD04F503700AF0C9
:10BC700016FD04F556700AF012FD04F214400AF0A5
:10BC80000EFD04F2CC400AF00AFDD4F884050368E6
:10BC90001B699847D4F8880503681B6998474FF0DB
:10BCA0000000BDE8F08110B50446F6F789F8F6F714
:10BCB00027F9F6F785F8F6F745F9D4F8903504F149
:10BCC0003800D3F8DC13F7F7EAF9D4F8903504F527
:10BCD0001070D3F81414F7F7E2F9D4F8903593F80C
:10BCE0001834002B0CBF6FF07F414FF47F4104F2FA
:10BCF00014400CF0C5F9D4F8903593F81934002BA2
:10BD00000CBF6FF07F414FF47F4104F2CC400CF048
:10BD1000B7F9D4F80832002B26DD0A2BD4F89005A9
:10BD20001ADD9121FBF757F9D4F80832C0B20A3B6B
:10BD3000C4F80832D4F81034002B34DD0A2BD4F8C0
:10BD4000900528DD9A21FBF746F9D4F81034C0B2EB
:10BD50000A3BC4F8103410BD9321FBF73CF9D4F82A
:10BD60000832C0B2013BE3E713D00A33D4F89005A0
:10BD700007DA9221FBF72FF9D4F80832C0B20A3360
:10BD8000D6E79421FBF727F9D4F80832C0B2013383
:10BD9000CEE71846CEE79C21FBF71DF9D4F8103406
:10BDA000C0B2013BD5E7D6D00A33D4F8900507DA04
:10BDB0009B21FBF710F9D4F81034C0B20A33C8E75E
:10BDC0009D21FBF708F9D4F81034C0B20133C0E765
:10BDD00038B500F138048C4209D1002100F510700B
:10BDE000F7F7C6FA01212046F7F7C2FA08E000F596
:10BDF000A873994206D19021D0F89005FBF7EBF893
:10BE0000002038BD00F510758D4206D10021204676
:10BE1000F7F7AEFA01212846E6E700F55673994296
:10BE200001D19921E8E700F21443994201D1A02100
:10BE3000E2E700F2CC43994201D1A121DCE70920DD
:10BE4000DFE700002DE9F04385B004460D460AF017
:10BE50007DFD0368DB68984707460AF0C7FC036866
:10BE6000DB68984781460AF0C1FC0368DB689847A5
:10BE700080460AF02FFD0368DB689847D4F88C35BC
:10BE8000D3F88830002B1946B8BFD91CA3EBA10307
:10BE900005F114024A44043B002504F138064244EB
:10BEA00007EB87074FF0030803EBD3735B10009792
:10BEB00002EB4002CDE9018530468910F7F720F802
:10BEC000FF2204213046F7F7DDF80AF03FFD022299
:10BED00001463046F7F71CFA29463046F7F7DFF8F7
:10BEE0000AF034FD4246034691493046F7F726FAF8
:10BEF000F5F780FB2B4601462A4630460126F7F728
:10BF000050FA84F848600AF0ABFC271D6FF07F49B7
:10BF100001902B462A4638468649CDF8009009F014
:10BF2000B6FFB4F94630B4F93EC0B4F93C1003EBA7
:10BF3000D3730CEB630CB4F9123003EBD372B4F986
:10BF4000103003EBD37301EBD17043FA06F1ACEB85
:10BF500062022B46C1EB600138460AF0D9FBB4F906
:10BF600040200296B4F946300193D4F88C357249DA
:10BF7000D3F888309B1A083B04F5A8770093B4F9EE
:10BF80003E30043238460BF091FFF5F733FB2B4679
:10BF900001462A4638460CF032F9B4F94220CDE980
:10BFA0000185B4F94630009304F51077B4F94430B4
:10BFB000B4F93C1038460832F6F7A2FFFF220421FC
:10BFC0003846F7F75FF80AF0C1FC0222014638460E
:10BFD000F7F79EF929463846F7F761F80AF0B6FCFC
:10BFE0004246034652493846F7F7A8F9F5F702FBEF
:10BFF0002B4601462A463846F7F7D3F984F85062B3
:10C000000AF02EFC04F50377CDE900902B462A4672
:10C0100038464A4909F03BFFB4F94E32B4F946C2FA
:10C02000B4F9441203EBD3730CEB630CB4F91A327A
:10C0300003EBD372B4F9183203EBD37301EBD17075
:10C0400043FA06F1ACEB62022B46C1EB60013846C5
:10C050000AF05EFBB4F948220296B4F94E3201931D
:10C06000D4F88C353449D3F888309B1A083B04F552
:10C0700056770093B4F94632043238460BF016FF77
:10C08000F5F7B8FA2B4601462A4638460CF0B7F8C1
:10C09000B4F94A320296B4F94E220192D4F88C25B2
:10C0A0002749D2F8882002EBD272324104F21447B9
:10C0B000083A08330092384604220BF0F7FE0AF0E3
:10C0C000CFFB014638460BF0EEFFF5F793FA2B460F
:10C0D00001462A4638460CF092F8D4F88C35D3F84D
:10C0E0008820B4F94A32029602EBD272B4F94E12A9
:10C0F0000191324104F2CC47A2F108010833043225
:10C10000009138460F490BF0D1FE0AF0A9FB014619
:10C1100038460BF0C8FFF5F76DFA2B4601462A4664
:10C1200038460CF06CF8284605B0BDE8F08300BF37
:10C13000EE92020810840208EB920208F0920208C4
:10C14000F7920208FD9202082DE9F04F044689B0EB
:10C150004FF00008D4F89035D3F81C34032B28BFD7
:10C160000323984549D3642104F138000AF087FA83
:10C170006421201D0AF083FA642104F5A8700AF0F6
:10C180007EFA642104F510700AF079FA642104F54E
:10C1900003700AF074FA642104F556700AF06FFA1D
:10C1A000642104F214400AF06AFA642104F2CC40DB
:10C1B0000AF065FAD4F8840503686621DB689847BD
:10C1C000D4F8880503686621DB6800259847C4F821
:10C1D0000852C4F81054FCF793FD0646F5F70AFA26
:10C1E00004F294530146009330466F4A2346FCF70D
:10C1F00052FE284609B0BDE8F08FF5F7E1FD4FF497
:10C200008C7505FB08058146F5F7DAFDD4F88C3509
:10C21000D3F888704FF0030B103F97FBFBF7043700
:10C2200008FB07F73B1D3426049306FB08068246ED
:10C23000F5F7C6FD0AF0DAFA0368DB68984700F103
:10C2400030030593D4F88C35D3F88830103B93FB3A
:10C25000FBF306930AF0CAFA0368DB689847834643
:10C260000AF038FB0368DB689847D4F890250792FA
:10C270000BF104035FFA88FB03EB400759461046B5
:10C28000FAF749FD06F59D56079A05F62C551C361A
:10C29000002800F08380454B9A7802920822CDE96D
:10C2A00000720499DDE905232846F6F729FE404A85
:10C2B00002212846F6F7E6FE0AF098FA0122014626
:10C2C0002846F7F725F8D4F890353A4A93F82834F9
:10C2D00052F823700AF0FEFA052203463946284632
:10C2E000F7F72CF85946D4F89005FAF70AFD0746F7
:10C2F0000AF07CFA6FF07F43009300231A46394618
:10C3000001903427304609F0C2FD07FB08A341F233
:10C31000BC3A049353F80A30DB691F464FF48C7320
:10C3200003FB08992846D9F82C3DDB6A9847D9F8D1
:10C330002C3D8346DB6B28469847049B059053F8B9
:10C340000A103046C96B8847059B1B1A03EBD37351
:10C350000BEB6301D9F82C3D05911B6B28469847E0
:10C36000049B53F80A208346126C30469047ABF189
:10C370000402121A059900233046B847D9F82C3D1B
:10C380006421DB6828469847049B53F80A306421EF
:10C39000DB683046984708F10108DBE692F828246C
:10C3A000024B9A5C79E700BFD1BB0008D09C020821
:10C3B00080808000EC9C020838B5144B0360044672
:10C3C00000F2CC40F5F7DEF904F21440F5F7DAF9A3
:10C3D00004F55670F5F7D6F90D4D04F51070F5F724
:10C3E00061FAC4F80C5204F503700AF077F904F509
:10C3F000A870F5F7C7F904F13800F5F753FA2046AD
:10C4000040F8045F0AF06AF9204638BD1CAC020807
:10C4100080BA020808B50248FFF7CEFF08BD00BF8A
:10C42000C876002010B50446FFF7C6FF204640F24C
:10C43000AC5107F06DFD204610BD000038B5254B0E
:10C44000044640F8043BF5F7EDF804F13800002508
:10C45000F5F758F904F5A870F5F710F9C4F8085283
:10C4600004F50370F5F7DEF804F51070F5F74AF9F6
:10C4700004F55670F5F702F9C4F8105404F21440AC
:10C48000F5F7FCF804F2CC40F5F7F8F8F5F798FC6E
:10C4900000F5AA500830C4F88405F5F791FC00F5C2
:10C4A000B5501830C4F8880507F06EFDC4F88C0547
:10C4B000FAF708FC84F8A055C4F89005C4F8945520
:10C4C000C4F89855C4F89C55C4F8A455C4F8A855A8
:10C4D000204638BD1CAC020810B50A4C2368BFF3D7
:10C4E0005B8FDB070CD4204618F0D1F940B1064829
:10C4F000FFF7A4FF054819F0BFFF204618F0D3F955
:10C50000014810BDC4760020C876002015C400087C
:10C5100010B50446FCF7F4FB04F58861FCF795FCC4
:10C52000201D06F087FBD4F8300403681B69984788
:10C53000D4F8340403681B699847D4F82C34FA33D0
:10C5400054F8230003681B6998474FF0000010BDA2
:10C5500038B504460D46F5F733FCF5F7F3FCD4F88F
:10C560002C34FA33294654F8230003685B69984752
:10C570004FF0000038BD70B50D460446002838D095
:10C5800009B9002070BD0379062BFAD100F5856644
:10C5900030460AF046F888B194F8543473B1D4F8B0
:10C5A0004C2AD4F8743492F82824002A14BF0A21A3
:10C5B000642105FB01313046F6F771FD04F2745633
:10C5C00030460AF02EF80028DBD094F8A035002B76
:10C5D000D7D0D4F84C2AD4F8C03592F82824002AB1
:10C5E00014BF0A21642105FB01313046F6F757FDDF
:10C5F000C7E70220C6E738B500F2CC4504464FF045
:10C60000FF3128460AF03CFF002384F8FD3384F80C
:10C610005733D4F86C332846C4E9DC330AF055FFAD
:10C6200020461921BDE83840FAF7D5BC18B9642373
:10C6300003FB01F070474FF47A735943FE23B1FBBB
:10C64000F3F0704738B50D460446002842D009B9CA
:10C65000002038BD03790A2BFAD190F82C347BB135
:10C66000D0F8C828D0F84C3492F82824002A14BFF7
:10C670000A21642105FB013100F58060F6F70FFD0A
:10C6800094F87835002BE3D0D4F8C828D4F898353E
:10C6900092F82824002A14BF0A21642105FB0131E5
:10C6A00004F24C50F6F7FBFCFFF72CFAD4F8C8283C
:10C6B000D4F8983592F8282452B1002BB4BF6FF00B
:10C6C00031023222FE2101FB0323642293FBF2F3A9
:10C6D0008366BDE70220BCE750B10029B4BF6FF00C
:10C6E0007E037F23642202FB0131FE2391FBF3F1E1
:10C6F0000846704737B504464FF4FA61043006F037
:10C700008AFAD4F8300403686621DB689847D4F8C5
:10C71000340403686621DB689847FCF7F1FA0546A4
:10C72000F4F768FF04F58863019328230146094A5A
:10C73000009328462346FCF764FBD4F82C34FA33E4
:10C7400054F823000368DB6898474FF0000003B0FB
:10C7500030BD00BFEDD900082DE9F04F89B0044687
:10C760000691054600F563784FF00009D4F84C3A7D
:10C77000D3F81C34032B28BF0323994505F58C7B84
:10C7800008F1340AC0F07281D4F85C31DFF8D4A229
:10C790009B6C012504F5AE763046294684F854504A
:10C7A0009847294604F14400F6F7E2FD2946304651
:10C7B000F6F7DEFDD4F8483AB4F94E80D3F8882075
:10C7C0000C3A02EBD27242FA05F60AF0BFF803689F
:10C7D000DB68984704F61C0708F1040800EB8000AA
:10C7E000CDE90060434638469849029504220BF093
:10C7F0005DFBD4F8482AB4F92838D2F8882002958D
:10C80000B4F92A18DFF86082CDE9003104F6D406C5
:10C81000D21A8F49B4F92238043A30460BF046FB5D
:10C82000F4F7E8FE002301461A4638460BF0E7FC11
:10C83000F4F7E0FE00231A46014630460BF0DFFC19
:10C84000384629460BF0D0FCD4F84C1AD4F8483AB4
:10C8500091F82814D3F888301AF80110B4F9262872
:10C8600002914FF00F09CDF8049004F58566B4F9F4
:10C870002A180091083B304604320421F6F740FBA9
:10C88000FF2204213046F6F7FDFB0AF05FF8022292
:10C8900001463046F6F73CFD6FF00042304600217D
:10C8A000F6F73EFC00213046F6F7F9FBD4F84C3A97
:10C8B00093F8283458F823700AF048F839460346AC
:10C8C00003223046F6F73AFDF4F794FE00230146C2
:10C8D0001A463046F6F765FD84F83854B4F92CB49E
:10C8E000B4F92E6409F0BCFF08366FF07F470BF1F6
:10C8F000080B3346574901905A4604F5A860009743
:10C9000009F0C5FAD4F84C1AD4F8483A91F828142A
:10C91000D3F888301AF80110B4F93224CDE9019126
:10C9200004F27456B4F92A180091083B30460432D8
:10C930000421F6F7E5FAFF2204213046F6F7A2FBC0
:10C940000AF004F8022201463046F6F7E1FC6FF0E7
:10C95000004230460021F6F7E3FB00213046F6F7AF
:10C960009EFBD4F84C3A93F8283458F8238009F009
:10C97000EDFF4146034603223046F6F7DFFCF4F7AD
:10C9800039FE002301461A463046F6F70AFD84F8C0
:10C990008455B4F97865B4F97A8509F061FF0836F1
:10C9A00008F1080832462C494346CDE9007004F2EC
:10C9B0008C6009F06CFAB4F97E9509F0C7FF036842
:10C9C0009B689847064609F0C1FF0368DB689847F3
:10C9D0000A2304F68C185E4300EB800009F1080975
:10C9E0001E4901904B4604224046009602950BF0EA
:10C9F0005DFAF4F7FFFD002301461A4640460BF0AE
:10CA0000FEFB04F5D8680026B4F99499B4F992A90C
:10CA100009F0ECFE0368DB689847054609F0E6FE7E
:10CA200009F10809CDE9007005FB06A340460C4951
:10CA30004A46013609F02BFA032E08F13408E3D1F7
:10CA40004FF0000009B0BDE8F08F00BF029302086C
:10CA500009930208119302081B9302082493020809
:10CA6000F7840208D09C0208EC9C0208D4F8483AEB
:10CA7000D3F888600327103E96FBF7F6043609FBCF
:10CA800006F6331D059309F0B1FE0368DB6898478D
:10CA9000D4F8483AD3F888300646103B93FBF7F3B6
:10CAA000079309F0A3FE0268D2689047074609F091
:10CAB00011FF0268D2689047069B03F10C02D4F87C
:10CAC0004C3A93F828C4404B043713F80C100291E9
:10CAD000443507EB40070721079B01913244284664
:10CAE00005990097F6F70CFA2846384A0221F6F71E
:10CAF000C9FA3649FF222846F6F7ACFA09F076FE65
:10CB0000012201462846F6F703FC00212846F6F7E5
:10CB1000C6FAD4F84C3A2E4A93F8283452F82360D7
:10CB200009F0D8FE3146034605222846F6F706FCF2
:10CB3000F4F760FD00231A4601462846F6F731FC5B
:10CB40005FFA89F1D4F84C0AFAF7DBF8064609F0E7
:10CB50004DFE6FF07F430093002331461A4601904B
:10CB6000404609F094F95AF8343CDE695BF8D43C4D
:10CB70002846DB6A98475BF8D43C0746DB6B2846BF
:10CB800098475AF8343C0590DB6B40469847059A25
:10CB9000131A03EBD37307EB63075BF8D43C284607
:10CBA0001B6B98475AF8343C05461B6C4046984727
:10CBB000043D2A1A002340463946B04709F10109CD
:10CBC000D0465D46D2E500BFD09C02088080800040
:10CBD000EC9C02082DE9F04F89B004460691054609
:10CBE00000F559784FF00009D4F8C838D3F81C3450
:10CBF000032B28BF0323994505F58C7A08F1340BE4
:10CC0000C0F05281012104F11C00F6F7B1FBD4F809
:10CC1000C438B4F92680D3F88820DFF888A20C3A0B
:10CC200002EBD272551009F091FE0368DB68984759
:10CC3000012604F5EA6708F1040800EB8000CDE95D
:10CC40000050434638469149029604220BF02EF9D3
:10CC5000D4F8C428B4F95C37D2F888200296B4F925
:10CC60005E17CDE9003104F5D365D21A8849B4F9CD
:10CC70005637043A28460BF019F9F4F7BBFC0023A9
:10CC800001461A4638460BF0BAFAF4F7B3FC002313
:10CC90001A46014628460BF0B2FA314638460BF0E8
:10CCA000A3FAD4F8C818D4F8C43891F82814B4F901
:10CCB0005A271AF80110D3F8883002914FF00F0963
:10CCC000CDF8049004F58065B4F95E170091083B37
:10CCD000284604320421F6F713F9FF2204212846DE
:10CCE000F6F7D0F909F032FE022201462846F6F79F
:10CCF0000FFB28466FF000420021F6F711FAD4F836
:10CD0000C838644F93F8283440F2B17241F2883148
:10CD1000002B18BF11462846F6F7C1F9D4F8C838D9
:10CD200093F8283457F8238009F010FE4146034653
:10CD300003222846F6F702FBF4F75CFC00230146C9
:10CD40001A462846F6F72DFB84F81064B4F904B4AB
:10CD5000B4F9065409F084FD6FF07F480BF1080B1D
:10CD6000083501902B465A4604F5A3604A49CDF890
:10CD7000008009F08CF8D4F8C818D4F8C43891F8B9
:10CD80002814B4F90A241AF80110D3F88830CDE930
:10CD9000019104F24C55B4F95E170091083B284606
:10CDA00004320421F6F7ACF8FF2204212846F6F7F6
:10CDB00069F909F0CBFD022201462846F6F7A8FAE8
:10CDC0006FF0004200212846F6F7AAF9D4F8C89877
:10CDD000FEF798FE816E99F82804FFF77DFC014666
:10CDE0002846F6F75CF9D4F8C83893F8283457F891
:10CDF000237009F0ABFD3946034603222846F6F7B7
:10CE00009DFAF4F7F7FB002301461A462846F6F789
:10CE1000C8FA84F85C65B4F95055B4F9527509F054
:10CE20001FFD083508372A461C493B46CDE90080DE
:10CE300004F2646009F02BF8B4F9567509F086FD28
:10CE400003689B68984704F60805044609F07EFDD0
:10CE50000368DB6898470A235C43083700EB8000CF
:10CE60003B460F49019004222846029600940BF09D
:10CE70001DF8F4F7BFFB002301461A4628460BF0C5
:10CE8000BEF94FF0000009B0BDE8F08FB984020888
:10CE90002C930208EC9C0208119302082E930208BE
:10CEA00024930208D09C0208D4F8C438D3F88860D0
:10CEB0000327103E96FBF7F6043609FB06F6331DF2
:10CEC000059309F093FC0368DB689847D4F8C438ED
:10CED000D3F888300646103B93FBF7F3079309F02D
:10CEE00085FC0268D2689047074609F0F3FC0268A7
:10CEF000D2689047069B03F10C02D4F8C83893F827
:10CF000028C4454B043713F80C1002911C3507EB6D
:10CF100040070721079B0191324428460599009755
:10CF2000F5F7EEFF28463D4A0221F6F7ABF83B49FC
:10CF3000FF222846F6F78EF809F058FC0122014638
:10CF40002846F6F7E5F900212846F6F7A8F8D4F8C0
:10CF5000C838334A93F8283452F8236009F0BAFCF1
:10CF60003146034605222846F6F7E8F9F4F742FB76
:10CF700000231A4601462846F6F713FA5AF8FC3CF5
:10CF800028469B6C0121984728460021F6F7F0F9C6
:10CF90005FFA89F1D4F8C808F9F7B3FE064609F03C
:10CFA00025FC6FF07F430093002331461A46019021
:10CFB000404608F06CFF5BF8343CDE695AF8FC3CF4
:10CFC0002846DB6A98475AF8FC3C0746DB6B284644
:10CFD00098475BF8343C0590DB6B40469847059AD0
:10CFE000131A03EBD37307EB63075AF8FC3C28468C
:10CFF0001B6B98475BF8343C05461B6C40469847D2
:10D00000043D2A1A002340463946B04709F1010978
:10D01000D8465546E8E500BFD09C020880808000D5
:10D02000EC9C020837B5054C90F8285454F825407C
:10D030000094FAF769F803B030BD00BFD49C020831
:10D0400038B5184B90F8282453F82240D0F8CC3348
:10D05000154A03F00701002B52F82120ACBF002035
:10D060004FF0604040EAE30094424FEAE07517D089
:10D07000A4FB0001002304FB0511F3F7ADFDB0F1A3
:10D08000004F0A4671F1FF31BCBF4FF000404FF036
:10D09000FF32B0F1004F72F10002A8BF6FF0004004
:10D0A00038BD00BFD49C0208349C02082DE9F04F23
:10D0B00089B004460F4609F049FC0368DFF868A20E
:10D0C000DB68DFF868829847D4F8E424D4F8E034C9
:10D0D00092F82824D3F888301AF80220029204F13A
:10D0E0004C0500EB80064FF00709083BCDE90069CD
:10D0F00007F1080228460421F5F702FF4FF47F02EA
:10D1000004212846F5F7BEFF09F020FC0222014663
:10D110002846F6F7FDF8D4F8E404FFF791FF01463E
:10D120002846F5F7BCFFD4F8E43493F8283458F8CF
:10D13000237009F00BFC3946034603222846F6F714
:10D14000FDF8F4F757FA002301461A462846F6F789
:10D1500028F9D4F8E024B4F95630D2F888200C3AF3
:10D16000002502EBD2720833521084F85C5006930B
:10D17000059209F0EBFB0168C96888470127059A09
:10D18000069B6549009204F52C7B00EB8000019022
:10D190000422584602970AF089FEF4F72BFA2B4630
:10D1A00001462A4658460BF02AF8D4F8E024B4F990
:10D1B000B832D2F88820043305930C3AB4F95630CB
:10D1C00002EBD2723A4108330793069209F0BEFB94
:10D1D0000168C968884704F55A7B069A079B4F493E
:10D1E000009200EB8000059A0190029758460AF0E1
:10D1F0005DFEF4F7FFF92B4601462A4658460AF031
:10D20000FEFF09F02DFB04F5B27B6FF07F43019028
:10D2100000932A462B465846414908F038FED4F878
:10D22000E034B4F9BA22D3F88800B4F9703103EBD2
:10D23000D37343FA07F100EBD0702B46C1EB6001CA
:10D240000832584609F064FAD4F8E414D4F8E0340B
:10D2500091F82814B4F96E21D3F888301AF8011027
:10D26000009604F5CC7B083BCDE901915846043289
:10D270000421F5F745FE4FF0FF1204215846F5F75B
:10D2800001FF09F063FB022201465846F6F740F819
:10D2900029465846F5F703FFD4F8E43493F82834C8
:10D2A00058F8236009F052FB3146034603225846E2
:10D2B000F6F744F8F4F79EF92A4601462B465846FD
:10D2C000F6F76FF8D4F8E03484F8A85184F8D8540D
:10D2D00004F58468B4F9A261D3F8884009F036FBFC
:10D2E0000368DB6898470836083C00EB800033464B
:10D2F000CDE900400B490297042240460AF0D6FDD2
:10D30000F4F778F92B4601462A4640460AF077FFA3
:10D31000284609B0BDE8F08F3B9302084A93020803
:10D320005793020865930208D09C0208EC9C0208FF
:10D3300007B5002301AA0193FAF788FC03B000BDEA
:10D3400008B50249FFF7F4FF08BD00BF7293020859
:10D35000F7B5044600F1440500F563760027D4F8DC
:10D360004C3AD3F81C34032B28BF03239F425CD3D1
:10D370004FF4D86540F25C7663596019DB6864212C
:10D3800034359847B542F7D1642104F61C0009F002
:10D3900076F9642104F6D40009F071F9642104F6E9
:10D3A0008C1009F06CF994F808399BB1642104F5EC
:10D3B000856009F064F9642104F5A86009F05FF95B
:10D3C000642104F2745009F05AF9642104F28C606B
:10D3D00009F055F9F4F7F4FC41F248561D49304480
:10D3E0000AF00BFED4F84C0AFFF7AAFFFBF788FC03
:10D3F0000546F4F7FFF804F5256301460093164A45
:10D4000023462846FBF747FD94F8703013B994F88B
:10D410008831CBB1F4F7D4FC00F5AA5008300AF0FB
:10D42000ACFE4FF0000003B0F0BD2B686421DB6858
:10D430002846984733683046DB68642198470137AF
:10D4400005F58C7534368AE7F4F7BAFC30440AF0F7
:10D45000AFFEE6E77693020877C50008F7B5044605
:10D4600000F11C0600F559750027D4F8C838D3F828
:10D470001C34032B28BF03239F424ED3642104F5A1
:10D48000EA6009F0FCF8642104F5D36009F0F7F8CC
:10D49000642104F6080009F0F2F8642104F58060C4
:10D4A00009F0EDF8642104F5A36009F0E8F8D4F878
:10D4B000C868FEF727FB816E96F82804FFF70CF981
:10D4C00004F24C5501462846F5F7E9FD642128464B
:10D4D00009F0D5F8642104F2646009F0D0F8F4F79B
:10D4E0006FFC00F5AA50144908300AF086FDD4F804
:10D4F000C808FFF725FFFBF703FC0546F4F77AF8A9
:10D5000004F6CC030146009328460C4A2346FBF759
:10D51000C2FC4FF0000003B0F0BD33686421DB684B
:10D52000304698472B682846DB68642198470137C6
:10D5300006F58C76343598E78293020845C60008D4
:10D540002DE9F04F64218BB00446183009F097F8AC
:10D55000642104F14C0009F092F8642104F5B270E2
:10D5600009F08DF8642104F5CC7009F088F80026E4
:10D57000D4F8E434D3F81C34032B28BF03239E4291
:10D5800022D3662104F52C7009F079F8662104F5A0
:10D590005A7009F074F8662104F5846009F06FF898
:10D5A000D4F8E404FFF7CCFEF4F70AFC00F580534E
:10D5B00000F5AA50D3F8483508301B6998474FF05A
:10D5C00000000BB0BDE8F08FF4F7FAFB4FF48C735A
:10D5D000734303F62C55054405930490F4F7F0FBD0
:10D5E000D4F8E034D3F888304FF0030B4FF034090F
:10D5F000103B93FBFBF3043309FB06F941F2BC3A01
:10D600007343043309EB0A08804407460693F4F792
:10D61000D7FBB0F9663C013B079309F097F9036823
:10D62000DB689847D4F8E0340990D3F88830103B91
:10D6300093FBFBF3089309F089F90168C9688847EF
:10D64000099A374B6FF00301A1EB4202D4F8E414BE
:10D6500091F82814595C029107210191DDE9071323
:10D6600040000A44009006992846F5F749FC2D4AE7
:10D6700002212846F5F706FD09F068F90122014666
:10D680002846F5F745FED4F8E434274A93F82834C1
:10D6900052F82310069109F01DF95A4603460699DF
:10D6A0002846F5F74BFEF1B2D4F8E404F9F729FB6C
:10D6B000834609F00FF96FF07F430093002359462A
:10D6C0001A460190404608F0E2FB07EB0903069377
:10D6D00053F80A30DB691F46DDE9043203EB020B25
:10D6E0002846DBF82C3DDB6A9847DBF82C3D814669
:10D6F0001B6B284698470023021D09F10401404690
:10D70000B847DBF82C3D6421DB6828469847069B28
:10D7100053F80A306421DB6840469847013627E712
:10D72000D09C020880808000EC9C0208224B10B53F
:10D730000446036000F68C10F4F724F804F6D400D5
:10D74000F4F720F804F61C00F4F71CF804F5E56083
:10D75000F3F7C4FF04F2F460F3F7C0FF04F5D860F8
:10D76000F3F7BCFF04F28C60F3F7B8FF04F27450D7
:10D77000F4F798F804F5A860F3F7B0FF04F58560B6
:10D78000F4F790F804F57D70F3F7A8FF04F57070D6
:10D79000F3F7A4FF04F56370F3F7A0FF04F51D7021
:10D7A000F4F780F804F5AE70F4F77CF804F1440067
:10D7B000F4F778F8204610BD64AC020808B50248BA
:10D7C000FFF7B4FF08BD00BF4C8A002010B5044627
:10D7D000FFF7ACFF204640F6682106F099FB204693
:10D7E00010BD00001C4B10B50446036000F6080095
:10D7F000F3F7C8FF04F5EA60F3F7C4FF04F5D3605C
:10D80000F3F7C0FF04F26460F3F768FF04F24C50D2
:10D81000F4F748F804F5A360F3F760FF04F58060BF
:10D82000F4F740F804F57370F3F758FF04F56670E9
:10D83000F3F754FF04F55970F3F750FF04F5137034
:10D84000F4F730F804F59A70F4F72CF804F11C00A2
:10D85000F4F728F8204610BD88AC020808B5024845
:10D86000FFF7C0FF08BD00BF6481002010B504466B
:10D87000FFF7B8FF204640F6E40106F049FB2046DA
:10D8800010BD0000104B10B50446036000F5846025
:10D89000F3F778FF04F55A70F3F774FF04F52C7072
:10D8A000F3F770FF04F5CC70F3F7FCFF04F5B270EA
:10D8B000F3F714FF04F14C00F3F7F4FF04F1180040
:10D8C000F3F70CFF204610BDACAC020808B50248C7
:10D8D000FFF7D8FF08BD00BF787C002010B50446D4
:10D8E000FFF7D0FF20464FF49D6106F011FB204664
:10D8F00010BD000010B5044B044640F8043BF8F797
:10D900009FF8204610BD00BF40AC020808B5024891
:10D91000FFF7F0FF08BD00BFB894002010B5044623
:10D92000FFF7E8FF20464FF48B6106F0F1FA20463E
:10D9300010BD10B500F5717008F0B1FEF4F740FAB3
:10D94000044600F66C3008F0AAFE04F6A830BDE8E4
:10D9500010400AF012BC10B54FF0FF3100F57170A5
:10D9600008F08DFEF4F72CFA4FF0FF31044600F674
:10D970006C3008F084FE04F6A830BDE810400AF0D0
:10D9800017BCD0F82C34FA3370B5044650F8230095
:10D9900003680D461B699847201DC4F82C5429467E
:10D9A00005F0B2FBD4F82C34FA3354F823000368A2
:10D9B000BDE87040DB68184710B5D0F834448C429D
:10D9C00012D0041DA14205D190F83C10FFF7D9FFF9
:10D9D000002010BDD0F82C24FA3250F82200036841
:10D9E0009B699847C0B2F4E70920F2E770B5044696
:10D9F00000B300F571700D784E7808F012FE00B992
:10DA00000EB1002070BD032D09D1D4F82C140029CB
:10DA1000F7D00139C9B22046FFF7B3FFF1E7052D72
:10DA2000EFD1D4F82834D4F82C14013B9942E8D231
:10DA30000131EFE70220E5E72DE9F843424B0446C8
:10DA400040F8043B08F038FE404A414B63606FF0F9
:10DA50007F41C4E90C123F4A0023C4E90933C4E9F9
:10DA60000E23C4E91033E36204F1480008F0E8FC37
:10DA700004F1740504F59A7628463035F3F7C2FDB3
:10DA8000B542F9D1DFF8D49004F5FA7700264FF0CB
:10DA9000FF38284608F010FEC5F80090C5F8288029
:10DAA00085F82C6085F82D60C5E908663035BD42E3
:10DAB000EFD104F565762846F3F7B4FD05F134009F
:10DAC0006835F3F7AFFDAE42F5D13046F3F79AFD76
:10DAD00004F5717008F0F0FD1F4BC4F8C43306F074
:10DAE00053FA002540220021C4F8E40304F57A70BB
:10DAF00018F0DDFFC4F82854C4F82C54F4F760F98A
:10DB000000F5AA500830C4F83004F4F759F900F5CC
:10DB1000B5501830C4F8340406F036FAC4F83804A6
:10DB2000F9F7D0F884F84C54C4F83C04C4F84054D5
:10DB3000C4F84454C4F84854C4F85054C4F8545475
:10DB40002046BDE8F88300BF40AC0208808080001A
:10DB50003CAD020840404000D0B90208C8B40208F9
:10DB600010B50A4C2368BFF35B8FDB070CD420464B
:10DB700016F08DFE40B10648FFF75EFF054818F02D
:10DB80007BFC204616F08FFE014810BDB4940020A7
:10DB9000B89400200DD900082DE9F041022300259A
:10DBA000037105610446FFF7DBFFFFF7C2FE04F1D6
:10DBB000180008F074FD04F14C0008F070FD04F545
:10DBC000B27008F06CFD04F5CC7008F068FD4FF4FD
:10DBD0008C78342741F2BC36F4F7F2F808FB05F3F1
:10DBE00003F62C5203441044D3F82C3D1B6998478C
:10DBF000F4F7E6F807FB05F39A19034401359B593E
:10DC000010441B699847062DE6D104F52C7008F0E6
:10DC100046FD04F55A7008F042FD04F5846008F0F2
:10DC20003EFDF4F7CDF800F5805300F5AA50D3F887
:10DC300048350021DB68083098474FF00000BDE808
:10DC4000F08137B50446D0F8E404FFF7F9F901464E
:10DC500004F14C00F5F723FAD4F8E43493F8783360
:10DC60000BB1092B0BD1002384F8D8340023236196
:10DC700002232371FFF774FFFFF75BFE03E0022B23
:10DC800001D9042BF2D12379022B27D02169D4F8B2
:10DC9000E45471BB02212846F9F7CAF8D4F8E434F9
:10DCA00093F82834F3B16FF4F273A0F5C0221A444C
:10DCB00040F289130121019104F1100100912846DD
:10DCC0000221FAF775FBC5B20D2D75D10023236132
:10DCD00002232371FFF744FFFFF72BFE00252846A0
:10DCE00003B030BDA0F57422A2F5107242F2107399
:10DCF000E0E72846F9F739F978B121690029EDD034
:10DD0000D4F8E404F9F731F95528E7D02169D4F8BB
:10DD1000E404F9F72AF980B9E0E72169D4F8E404CA
:10DD2000F9F732F90028E8D0D4F8E40490F87853F1
:10DD3000012DE2D190F8F2336BB90D25D4F8E4044B
:10DD4000FEF759FC0023236102232371FFF708FF2C
:10DD5000FFF7EFFDC3E790F8F333002BEDD002217E
:10DD6000F9F79AF823790146ABB904F5CC70F5F7C9
:10DD700096F984F8D854D4F8E404A26890F82834CA
:10DD8000002B4FF002014CF2503318BF4FF4F663F2
:10DD9000FAF78AF89AE7012BEDD1D4F8E431C11AE9
:10DDA000D4F8E404FAF7C4FBC5B2002DC6D1D4F808
:10DDB000E404FFF7C5FADEE7002DBFD18EE70000CF
:10DDC0002DE9F0410446D0F8E40490F87833012BB3
:10DDD0000D4615D12379022B12D104F52C778F42F1
:10DDE00012D194F8D8247AB91D491E4AD4F8DC041B
:10DDF000FDF7E6FCD4F8DC0442F21071FDF7E2FD19
:10DE00004FF00000BDE8F08104F58466AE4205D015
:10DE1000AF4203D004F55A739D42F1D1FAF7C6FB25
:10DE20005FFA80F8D4F8E404FFF78AFAB8F1000F3B
:10DE3000E6D1C0B20028E3D1AE4201D0AF42DFD17B
:10DE40000221D4F8E404F8F787FF761B18BF0126F7
:10DE5000A0602671FFF784FEFFF77DFDD0E700BFCD
:10DE6000BA8B02088C93020808B540F6062383801B
:10DE7000032383710023C363FFF772FEBDE80840EC
:10DE8000FFF757BD70B50446FFF7EEFFFAF738FF0E
:10DE900004F52561FBF720F804F563764425635902
:10DEA00060191B699847336830461B6905F58C7506
:10DEB0009847B5F5637F06F13406F0D14FF4D86585
:10DEC00040F25C76635960191B6934359847B54256
:10DED000F8D104F61C0008F0E2FB04F6D40008F0C8
:10DEE000DEFB04F68C1008F0DAFB04F5856008F020
:10DEF000D6FB04F5A86008F0D2FB04F2745008F0D9
:10DF0000CEFB04F28C6008F0CAFBF3F759FF00F572
:10DF1000AA5008300AF031F94FF0000070BD00003F
:10DF20002DE9F8430379062B04460D4640F0BA80EC
:10DF3000F3F746FF00F5AA500830854245D1D4F8E2
:10DF40004C3A93F87833012B28D194F870306BB9A0
:10DF500094F8883153B9F3F733FF00F5AA5008302D
:10DF60000AF026F94FF00000BDE8F88394F808396C
:10DF70001BB3D4F8C035002B03DDD4F87434002B68
:10DF80001BDC5149514AD4F8440A0223FDF718FC1E
:10DF9000D4F8440A42F21071FDF714FD94F8703081
:10DFA0001BB994F88831002BD5D0F3F709FF00F5A1
:10DFB000AA5008300AF0E1F8D4E70023A380A37147
:10DFC000FFF7CEFDFFF7C7FCE8E704F14400A842E5
:10DFD00006D194F8701081F00101F5F7C9F9DDE779
:10DFE00004F5AE70A84202D194F88811F3E704F664
:10DFF0001C08A84504F6D40904F5856704F2745694
:10E0000016D1404601210AF0EFF8002148460AF0F7
:10E01000EBF8384608F043FB04F5A86008F03FFB36
:10E02000304608F03CFB04F28C6008F038FBB5E7A2
:10E03000A9451AD1484601210AF0D6F840460021E8
:10E040000AF0D2F86421384608F019FB642104F57F
:10E05000A86008F014FB6421304608F010FB64212E
:10E0600004F28C6008F00BFB98E7AE4206D1012168
:10E070003046F5F77DF900213846AEE7AF4206D1CC
:10E0800001213846F5F774F900213046A5E704F67A
:10E090008C10A84282D194F8C01981F001010AF0D5
:10E0A000A3F87BE7D0F8443A8B427FF45BAF5B7B0D
:10E0B00013B98279012A03D02046FFF7D5FE51E734
:10E0C0008380022383714DE7BA8B0208A89302086C
:10E0D0002DE9F7431F460B78DDE90A8904460E4611
:10E0E0001546072B00F29080DFE803F0048E8E388F
:10E0F0005D7F90A04F49D0F84C0AFFF719F9D4F88A
:10E100004C0A2946F8F794FEC8F80000D4F84C8A67
:10E1100029464046F8F78CFED4F84C9A464A99F8BE
:10E120002814464B002908BF134603FB0707FDF7D9
:10E13000E9FCC16D99F82804FEF778FA01223C3415
:10E140000346019200943A4629464046FAF730F9D0
:10E150000323C0B2337003B0BDE8F083D0F84C0A9B
:10E1600090F8F233002B63D090F8F333002B5FD09C
:10E170002946F8F7B2FEC9F80000D4F84C7AD8F86E
:10E180000080FDF7BFFCC16D97F82804FEF74EFA3A
:10E190003C3403460094424629463846FAF76CF967
:10E1A0000423C0B2D6E7D0F84C8AD9F8002098F8FA
:10E1B0002834002B14BF4FF4C5734FF47A7303FB5C
:10E1C0000727FDF79FFC016E98F82804FEF72EFA4A
:10E1D00001223C340346019200943A4629464046C7
:10E1E000FAF7E6F80523C0B2B4E7D0F84C0A90F885
:10E1F000F233EBB190F8F333D3B12946F8F76DFE63
:10E200000623C9F8000033700020A4E7012301931E
:10E2100000F13C030093D8F80020D0F84C0A00230A
:10E220002946FAF74BF80723C0B293E70A23EAE737
:10E230000D2090E7DF93020840420F00E501060041
:10E240002DE9F74F1F460B78DDE90C9ADDE90E8BBF
:10E2500004460D461646092B00F2FC80DFE813F059
:10E260000A0033004D009E00C700E900FE001001C7
:10E270001B014401A149D0F84C0AFFF759F8314677
:10E28000D4F84C0AF8F7D4FD0221C8F80000D4F8FD
:10E290004C0AF8F7CDFD6063D8F8002000234FF05A
:10E2A000010804F13C0184F838300091CDF8048075
:10E2B000D4F84C0A07FB09223146F9F7FFFF85F82D
:10E2C0000080C0B2C7E0426BD0F84C7AA2EB0A0AD9
:10E2D000FDF718FCC16D97F82804FEF7A7F9002296
:10E2E0003C34034601920094524602213846FAF724
:10E2F0005FF80223C0B22B70ADE00221D0F84C0AC7
:10E30000F8F796FD636BD4F84C9AA3EB0A03A0EBE5
:10E310000308B8F1000FB8BFC8F10008FDF7F2FB21
:10E32000416E99F82804FEF7D7F98045D4F84C9A45
:10E3300004F13C0802DC99F8F1336BB1012384F855
:10E340003830CDE90083626B002302214846F9F79B
:10E35000B5FF0823C0B2CEE731464846F8F768FD5E
:10E36000D4F84C4A664A94F82814664B002908BF32
:10E37000134607FB1307FDF7C5FBC16D94F828048E
:10E38000FEF754F901220346CDE9008231463A46B0
:10E390004846FAF70DF80323C0B2ACE7D0F84C0AB0
:10E3A00090F8F233002B00F0A78090F8F333002BA5
:10E3B00000F0A2803146F8F790FDCBF80000D8F8C5
:10E3C0000020D4F84CAA07FB0927FDF79BFBC16D81
:10E3D0009AF82804FEF72AF93C34034600943A469A
:10E3E00031465046FAF748F80423C0B283E7D0F824
:10E3F0004C8ADBF8002098F82834002B14BF4FF427
:10E40000C5734FF47A7307FB1327FDF77BFB016E8F
:10E4100098F82804FEF70AF901223C3403460192D9
:10E4200000943A4631464046F9F7C2FF0523C0B290
:10E4300061E7D0F84C0A90F8F233002B5CD090F8EA
:10E44000F333002B58D03146F8F747FD0623CBF8BD
:10E4500000002B70002003B0BDE8F08F0123D8F836
:10E460000020019300F13C030093D0F84C0A0023F4
:10E4700007FB09223146F9F721FF0723C0B23AE72B
:10E480000123019300F13C030093426BD0F84C0A46
:10E49000002302215BE7476BD0F84C0A0221F8F712
:10E4A000C7FCD4F84CAA8146FDF72CFB416E9AF8C4
:10E4B0002804A7EB0907FEF70FF9002FB8BF7F422A
:10E4C00087420FDC0123019304F13C030093D8F849
:10E4D0000020D4F84C0A00233146F9F7EFFEC0B211
:10E4E000092308E70D20FBE790F83830002B14BF14
:10E4F0000D2000200A23FEE60D20ACE7DF93020882
:10E5000040420F00E5010600F0B590F8507885B064
:10E51000DDE90A5637B1CDE90056FFF7D9FDC0B2A3
:10E5200005B0F0BDCDE90256D0F874540195D0F88D
:10E53000C0450094FFF784FEF1E7000070B5044683
:10E540008AB000F144060025D4F84C0AD0F81C34F7
:10E55000032B28BF03239D4208D390F87833022B66
:10E560000FD883B92046FFF77FFC0CE0E9B2F8F73B
:10E570005FFC01463046F4F792FD013506F58C76D6
:10E58000E2E7042BEED1E16B69B9E16B49B3D4F852
:10E590004C0AF8F7EAFC552829D0E16BD4F84C0A6C
:10E5A000F8F7E3FC56E0D4F84C0AF8F7DEFC002854
:10E5B000EBD1E16BD4F84C0AF8F7E6FC0028E4D084
:10E5C000D4F84C5A95F87863012E10D12379052B95
:10E5D0000DD8DFE813F010002B004600A700B600AE
:10E5E00035012379002BEBD06379002BE8D04FF075
:10E5F00000000AB070BDA149002204F5D86007F000
:10E60000C6FC9E49002204F2F46007F0C0FC9B495E
:10E61000002204F5E56007F0BAFC0023637194F86A
:10E620007030002B08BF03262671E0E763790A2BC0
:10E6300002D10223A380DAE704F10803019304F175
:10E64000180300934FF0FF330022611D2046FFF7AF
:10E650005BFFC0B20028CAD0D4F84C0AFDF7CBFF4C
:10E66000F4E063790A2B09D10023637194F88831AF
:10E67000002B0CBF052303232371B8E7062B3FD1E2
:10E68000A16822698B1803EBD3735B10A36194F824
:10E690005038521A2262002B3AD0FDF733FA816EBD
:10E6A00095F82804FEF718F8236AC518A379A2691B
:10E6B0002562022B09BFE36AE262D21802EBD27232
:10E6C00004BF5210A26100210D2206A818F0EFF934
:10E6D0002B460D2206A9D4F84C0AFEF7A3FCD4F869
:10E6E0004C3A93F82824664B53F8223004F25C71BC
:10E6F000CDE900034022634B04F5D86007F089FCA4
:10E7000004F11003019304F11803009301239BE724
:10E71000FDF7F8F9816E95F82804FDF7DDFF256A0D
:10E720002D1AC3E763790A2B01D1042382E704F190
:10E730000C03019304F11C0300934FF0FF330122FB
:10E7400083E763790A2B01D1052395E7062B65D171
:10E75000E16862698B1803EBD3735B10E36194F893
:10E760005038521A6262002B60D0FDF7CBF9816EEF
:10E7700095F82804FDF7B0FF636AC518A379E2692C
:10E780006562022B09BF236B2263D21802EBD2729F
:10E7900004BF5210E26100210D2202A818F087F98F
:10E7A0002B460D2202A9D4F84C0A354EFEF73AFC4E
:10E7B000D4F84C3A93F8283456F823304022CDE967
:10E7C000000304F29C71304B04F2F46007F021FC6A
:10E7D00094F8703013B3D4E90853ED1A002DB8BF84
:10E7E0006D420D220021A56206A818F060F92B46A3
:10E7F0000D2206A9D4F84C0AFEF714FCD4F84C3AC2
:10E8000093F8283456F823304022CDE9000304F26F
:10E81000DC711E4B04F5E56007F0FBFB04F114030B
:10E82000019304F11C030093012388E7FDF76AF9C3
:10E83000816E95F82804FDF74FFF656A2D1A9DE754
:10E8400094F8C03913B1A379022B03D12046FFF706
:10E850000BFBCCE6002B7FF4CAAE02230C4A0D4919
:10E86000D4F8440AFCF7ACFFD4F8440A42F2107121
:10E87000FDF7A8F80123A371B9E600BFF7840208E9
:10E88000EC9C0208E4930208EE930208F893020855
:10E89000029402082C94020838B53E4B036040F6FF
:10E8A000062300258380032304468371C0E90255B3
:10E8B000C0E90455C0E90655C0E90855C0E90A5544
:10E8C000C0E90C5580F83850C56380F8405044309A
:10E8D000F2F718FF04F5AE70F2F714FF04F51D709F
:10E8E000F2F710FF04F56370F2F79CFE04F5707008
:10E8F000F2F798FE04F57D70F2F794FE04F585605A
:10E90000F2F700FF04F5A860F2F78CFE04F27450F1
:10E91000F2F7F8FE04F28C60F2F784FE04F5D8609A
:10E92000F2F780FE04F2F460F2F77CFE04F5E56095
:10E93000F2F778FEC022294604F25C7018F0B7F8AE
:10E9400004F61C00F2F79AFE04F6D400F2F796FEE5
:10E9500004F68C10F2F792FEF3F732FA00F5BB5092
:10E960001030C4F8440A05F00FFBC4F8480AF8F761
:10E97000A9F984F85C5AC4F84C0AC4F8505AC4F88F
:10E98000545AC4F8585AC4F8605AC4F8645A204615
:10E9900038BD00BF64AC020810B50A4C2368BFF351
:10E9A0005B8FDB070CD4204615F071FF40B10648A1
:10E9B000FFF772FF054817F05FFD204615F073FF63
:10E9C000014810BD488A00204C8A0020BDD70008AD
:10E9D00008B540F20A33838000234361FFF7C0F893
:10E9E000BDE80840FEF7A5BFF8B50446FFF7F0FF05
:10E9F000FAF786F904F6CC01FAF76EFA04F11C0670
:10EA000004F559750027D4F8C838D3F81C34032B03
:10EA100028BF03239F4222D304F5EA6007F03FFE9C
:10EA200004F5D36007F03BFE04F6080007F037FE5C
:10EA300004F5806007F033FE04F5A36007F02FFEB5
:10EA400004F24C5007F02BFE04F2646007F027FE3E
:10EA5000FDF758F8FDF7A4F84FF00000F8BD336853
:10EA600030461B6998472B6828461B699847013731
:10EA700006F58C763435C6E72DE9F743044600F1F8
:10EA80001C060025D4F8C808D0F81C34032B28BF76
:10EA900003239D4208D390F87833022B0FD883B913
:10EAA0002046FFF795FF0CE0E9B2F8F7C1F90146FF
:10EAB0003046F4F7F4FA013506F58C76E2E7042BDC
:10EAC000EED1616979B9616979B3D4F8C808F8F70A
:10EAD0004CFA55282CD06169D4F8C808F8F745FAE3
:10EAE000002873D124E0D4F8C808F8F73EFA0028CB
:10EAF000E9D16169D4F8C808F8F746FA0028E2D0ED
:10EB0000D4F8C85895F87833012B11D12379092B03
:10EB10000ED8DFE813F012000D000D00580083003E
:10EB2000A6000D00D5003D015F002379002BE7D042
:10EB30004FF0000003B0BDE8F08394F8482022B9FC
:10EB400094F86031C3F10203DBB2A37194F8843707
:10EB50009E49002B0CBF01234FF0FF33E371284681
:10EB6000FEF7E6FBA179D4F8C808F8F761F9D4F804
:10EB7000C868A779206139463046F8F759F9D4F8C2
:10EB8000C888934A98F82814924B002908BF134666
:10EB900094F9072003FB0205FCF7B4FFC16D98F858
:10EBA0002804FDF743FD0122019204F114020346FB
:10EBB000009239462A463046F9F7FAFB0323C5B2DC
:10EBC00023711DB9B4E795F8F2333BB9D4F8C808FE
:10EBD000FDF711FD2046FFF7FBFEA9E795F8F3339B
:10EBE000002BF3D0A1792846F8F777F9A060D4F884
:10EBF000C858A6792769FCF785FFC16D95F82804E8
:10EC0000FDF714FD04F114020346009228463A462B
:10EC10003146F9F731FC0423C5B2D1E795F8282431
:10EC2000A368A779002A94F9072014BF4FF4C5768A
:10EC30004FF47A7616FB0236FCF764FF016E95F806
:10EC40002804FDF7F3FC0122019204F114020346AB
:10EC50000092284632463946F9F7AAFB0523C5B289
:10EC6000AEE795F8F233002BB0D095F8F333002BD4
:10EC7000ACD0A1792846F8F730F96379A060022B6F
:10EC800009BFE368E060C01800EBD07004BF40101B
:10EC9000A060D4F8C858A6792769FCF733FFC16D86
:10ECA00095F82804FDF7C2FC04F114020346009213
:10ECB00028463A463146F9F7DFFB0723C5B27FE71E
:10ECC00094F83C38A779D3B1022F1AD094F8058074
:10ECD000B8F1020F26D102212846F8F7A9F8D4F896
:10ECE0004C240123019304F11403009302440023F4
:10ECF00028460221F9F7E2FA0823C5B260E7022F9D
:10ED0000E9D1A168D4F84C240123019304F1140340
:10ED100000930A44002302212846F9F7CFFAC5B22E
:10ED200009234DE7B8F1000F7FF402AF39462846BA
:10ED3000F8F77EF8D4F8983594F90720D4F8C898F5
:10ED400003EBD3735B1002FB1306FCF7DBFEC16D14
:10ED500099F82804FDF76AFC04F1140203460092B6
:10ED6000394632462846CDF80480F9F721FB0223C4
:10ED7000194A1A49C5B2D4F8C008FCF721FDD4F8E5
:10ED8000C00842F21071FCF71DFE0123637118E701
:10ED9000D4F8982594F90710A77902EBD272531092
:10EDA000A26801FB0326FCF7ADFEC16D95F82804AF
:10EDB000FDF73CFC0022019204F11402034600928C
:10EDC000394632462846F9F7F3FAA8E7DF930208F6
:10EDD00040420F00E5010600029402082C9402084C
:10EDE00003790A2B2DE9F04704460D4640F0908048
:10EDF000F2F7E6FF00F5AA50083085420FD1D4F8AB
:10EE0000C83893F87833012B05D10023A380FEF78F
:10EE1000A7FEFEF7A0FD4FF00000BDE8F08704F16B
:10EE20001C09A94504F59A7804F5137A04F5D3660C
:10EE300013D101214846F4F79BFA00214046F4F72C
:10EE400097FA00215046F4F793FA04F6080009F007
:10EE500094F9304609F091F9DDE7A84506D1012182
:10EE60004046F4F785FA00214846E8E7AA4504F54C
:10EE7000EA6718D150460121F4F77AFA4846002192
:10EE8000F4F776FA00214046F4F772FA04F6080027
:10EE900009F08EF9304609F08BF9236839469B69F1
:10EEA00020469847B7E7AF4208D10121384609F01C
:10EEB0009BF90021304609F097F9ACE7AE4206D144
:10EEC0000121304609F090F900213846F3E704F2B9
:10EED0004C56AE4204F5806708D101213046F4F764
:10EEE00047FA00213846F4F743FA94E7AF4206D1D7
:10EEF00001213846F4F73CFA00213046F3E704F6E6
:10EF00000800A84287D194F83C1881F00101D2E7AB
:10EF1000D0F8C0388B427FF47EAF5B7B33B9437946
:10EF2000012B03D14FF40073838074E72046FFF771
:10EF30004FFD70E738B52D4B03602D4B002504467F
:10EF4000C0E90135C0E90355456105761C30F2F78B
:10EF5000D9FB04F59A70F2F7D5FB04F51370F2F7BC
:10EF6000D1FB04F55970F2F75DFB04F56670F2F71A
:10EF700059FB04F57370F2F755FB04F58060F2F766
:10EF8000C1FB04F5A360F2F74DFB04F24C50F2F71D
:10EF9000B9FB04F26460F2F745FB04F5D360F2F7C5
:10EFA0006DFB04F5EA60F2F769FB04F60800F2F77E
:10EFB00065FBF2F705FF00F5BB501030C4F8C00840
:10EFC00004F0E2FFC4F8C408F7F77CFE84F8D858D0
:10EFD000C4F8C808C4F8CC58C4F8D058C4F8D458F9
:10EFE000C4F8DC58C4F8E058204638BD88AC0208A4
:10EFF0000A03060010B50A4C2368BFF35B8FDB07DA
:10F000000CD4204615F043FC40B10648FFF792FFB0
:10F01000054817F031FA204615F045FC014810BDAF
:10F0200060810020648100205DD8000838B51C4B49
:10F0300003600223002503710623044603738560E1
:10F04000056105751830F2F7EDFA04F14C00F2F79E
:10F0500059FB04F5B270F2F7E5FA04F5CC70F2F75B
:10F0600051FB04F52C70F2F709FB04F55A70F2F726
:10F0700005FB04F58460F2F701FB84F8D854F2F73D
:10F080009FFE00F5BB501030C4F8DC0404F07CFF98
:10F09000C4F8E004F7F716FEC4F8E404204638BDCF
:10F0A000ACAC020810B50A4C2368BFF35B8FDB07DA
:10F0B0000CD4204615F0EBFB40B10648FFF7B6FF35
:10F0C000054817F0D9F9204615F0EDFB014810BDB1
:10F0D000747C0020787C0020CDD800082DE9F3470F
:10F0E0004FF0280A90460422D0F83834CDE900A227
:10F0F0000446071D00250A46D3F888300E463846D8
:10F10000002103F0D6FDC4F8285407F06FFB374AFE
:10F11000374B00902946384603F029FFD4F828944D
:10F1200009F10103C4F82834FFF736FC09F1FA09A4
:10F13000A8F1280844F82900D4F8289407F056FBD1
:10F1400049462C4A2A4B0090384603F010FFD4F869
:10F15000289409F10103C4F82834FFF74BFF09F1A3
:10F16000FA0944F82900D4F8289407F03FFB4946EF
:10F17000214A224B0090384603F0F9FED4F8289437
:10F1800009F10103C4F82834FFF78CFF09F1FA09EB
:10F19000D4F8282444F82900D4F83834CDE900A262
:10F1A00029463246D3F88830384603F082FDF2F71C
:10F1B00021FA2B4601462A46384603F0C8FF04F5DB
:10F1C00079775644D4F82834AB4205D80020C4F8E7
:10F1D0002C0402B0BDE8F08757F8040F03684246DC
:10F1E0009B68314698470135ECE700BF419402081F
:10F1F0003A94020848940208A58E02084D94020829
:10F20000E8B1037900F5805033B9D0F84C380B449D
:10F21000C0F84C380020704790F894342BB1D0F8E7
:10F2200080350B44C0F88035F4E790F8E435002BC6
:10F23000F0D0D0F8D0360B44C0F8D036EAE7022040
:10F24000704738B5054600F11503002013F8012F6B
:10F2500042B101301528F9D10323C01A05F1160374
:10F2600028B938BD032834BF00230323F5E71A5C0F
:10F270002E2A1AD12C18E07D17F07CFA672801D0CD
:10F280006E2806D1207E17F075FA63280FD0002073
:10F29000E7E77428FBD1207E17F06CFA6128F6D1DD
:10F2A000607E17F067FA7028F0E70138D8E7287A0F
:10F2B000C0F3001080F00100C0B2D2E700232DE9B6
:10F2C000F0410122054606461C461F469846317805
:10F2D00011B92970BDE8F0810A2906F1010E4DD05F
:10F2E0000D294BD08AB120290FD009290DD024290E
:10F2F0004FF0000C48D05B2946D027B95CB1B1F182
:10F30000290418BF012400223EE09446B8F1000F02
:10F31000F3D0424638E023B1B1F13E0318BF0123D8
:10F32000F1E73B2939D028293AD03C293BD001F0DC
:10F33000DF024E2A3AD17278303A092A36D89EF83E
:10F340000020A2F13001092976460EF1010EF6D90E
:10F35000202A0FD185420CD015F8012C2F2A08D075
:10F360000A3AD2B2162A05D8114941FA02F2D20756
:10F3700000D4013600210C460F460AE000231C464B
:10F380001F461A464FF0010C05F8011B7646194638
:10F390001346984662460B4699E71A460127F3E75B
:10F3A0001A460124F0E71A460123EDE71A46EBE777
:10F3B000F6FFBFFF2DE9FF47044688461646034681
:10F3C00000F1950200F5F0612120C3F8B824C3F8DC
:10F3D000BC043C338B4202F12102F6D1F2F70AF968
:10F3E00004F5805504F638478D4B009301462246BC
:10F3F00038468C4BFBF7FAFFD5F84438D3F88890A1
:10F4000007F0A4FA0368DB689847A6F10803A3EBAA
:10F41000400304F59761CDE901932022CDF80080E7
:10F4200000233846FCF7CCF8D5F84438D3F8887078
:10F4300007F08CFA0368DB689847A6F13002A2EB6C
:10F4400040023B460021009204F65460424604F01C
:10F450005CFB07F07BFA0368DB689847D5F8443813
:10F46000D3F8883006EB080104F5A3575C3B00266F
:10F4700008374FF005083039282203EBD3735B10AF
:10F48000CDE901860092A1EB400238460421F3F752
:10F4900037FD4FF4800204213846F3F7F3FD07F0FF
:10F4A000DFF9012201463846F3F732FF314638468C
:10F4B000F3F7F5FD07F04AFA5B49034603223846A5
:10F4C000F3F73CFFF2F796F83346014632463846EA
:10F4D000F3F767FFB5F96C74B5F96EA407F0FAF9A4
:10F4E0006FF07F49019006370AF1060A04F5A15032
:10F4F00053463A464D49CDF80090143006F0C7FC0B
:10F50000B5F97014CDE9018604F5AD57B5F9763437
:10F5100000931837B5F97434B5F96E2438460431C0
:10F52000F3F7EEFC4FF4800204213846F3F7AAFD0E
:10F5300007F096F9012201463846F3F7E9FE314615
:10F540003846F3F7ACFD07F001FA374903460322CA
:10F550003846F3F7F3FEF2F74DF8334601463246EC
:10F560003846F3F71EFFB5F9BC75B5F9BE8507F04F
:10F57000B1F90637CDE9009008F1060804F5AC5062
:10F5800043463A462A49043006F081FCB5F9C635AF
:10F59000B5F9C02500934FF00108CDE9013804F515
:10F5A000B6571437B5F9BE3522490432384608F04B
:10F5B0007DFC07F055F90146384608F074FDF2F776
:10F5C00019F8334601463246384608F018FE3846E8
:10F5D00008F0EEFDB5F9C635B5F9DC260093CDE9A6
:10F5E000013804F5BC540C34B5F9BE351249043267
:10F5F000204608F05BFC07F033F90146204608F08E
:10F6000052FDF1F7F7FF334601463246204608F037
:10F61000F6FD204608F0CCFD304604B0BDE8F0878A
:10F6200029F8000815050108EE920208BD820208BB
:10F63000549402082F9B0208549602080E4B70B592
:10F6400003600E4BC0F88835044600F5B16007F042
:10F6500045F804F55D7504F13406B54204D0343D37
:10F660002846F2F73BF8F8E7054B2360204607F001
:10F6700035F8204670BD00BFC0B3020878B9020853
:10F68000D8BA0208244B70B50446036000F5BC509C
:10F690000C30F2F777F804F5B6501430F2F772F840
:10F6A00004F5AD501830F2F7FDF804F5AC50043015
:10F6B000F2F714F804F5A3500830F2F7F3F804F564
:10F6C000A1501430F2F70AF804F65460FFF7B6FFC1
:10F6D00004F66850F2F756F804F54B60F2F752F86A
:10F6E0000E4BC4F87C3C04F67C4006F0F7FF0C4B54
:10F6F000C4F8483C04F6484006F0F0FF04F63845EC
:10F7000004F59766B54205D03C3D05F10800F1F7D8
:10F71000E5FFF7E7204670BDD0AC020878B90208D3
:10F72000D8BA020808B50248FFF7ACFF08BD00BF11
:10F730001499002010B50446FFF7A4FF204641F6B7
:10F74000680104F0E5FB204610BD10B50446FFF744
:10F7500075FF20464FF4BA6104F0DAFB204610BD75
:10F760002DE9F04100F58058D0F8801ED8F8D86314
:10F77000D8F8185406EBD676A0B00446761000F6FA
:10F78000546791BB8022684617F091F9B54235DB8A
:10F7900094F8946096BBD4F890203AB9012384F889
:10F7A0009430E918384604F01CFB0FE080216846CD
:10F7B00011F026FC0028F1D068468DF87F60FFF735
:10F7C0007DFD6946384604F01DFA013DD8F818342D
:10F7D0009D421BBFD4F88C3001200020013318BF9C
:10F7E000C4F88C3020B0BDE8F081D8F814146B1A3E
:10F7F000B34203DB0131384604F03CFA691CD1E71F
:10F8000010B5D0F8803E00F65464002B204614BF9B
:10F810004FF47F01FF2104F0C2F920460021BDE82A
:10F82000104004F0C5B9000038B5044630B304F602
:10F83000546500F63840FBF7D0FE1149284604F025
:10F84000FFFA204604F58054FFF7DAFF64212846CA
:10F8500004F0A2FAD4F8280403686621DB6898470C
:10F86000D4F82C0403686621DB689847D4F8300488
:10F8700003686621DB689847002038BD0220FCE75A
:10F880005A94020890F8853070B504460D46CBB9FD
:10F8900090F8843073B100F580534269D3F848384A
:10F8A000D3F8E8339A4205D3D0F88820934288BF32
:10F8B000C0F88830D4F88860D4F88C30B34200D2D5
:10F8C0001DB970BD46690136F6E72046FFF748FFCF
:10F8D0000028F6D0013DEFE708B1FFF7EFBC704715
:10F8E0002DE9F04F8BB00446F9F70AFA0546F1F717
:10F8F00081FE04F5C2531033934A00930146234618
:10F900002846F9F7C8FAF2F75BFA0546F2F770FBFA
:10F9100005F5A75042F21071143006F0B0FE04F65F
:10F9200054652069FFF7D8FF2169284604F088FA5A
:10F9300018B98649284604F083FA2046FFF760FF8D
:10F940002846642104F028FA002704F58055D5F8EC
:10F950004838D3F81C34032B28BF03239F424ED3CF
:10F96000F2F72EFA0121F2F747FAD5F82804784980
:10F9700008F043FBD5F8280403686621DB68984744
:10F98000D5F82C04734908F038FBD5F82C0403682B
:10F990006621DB689847D5F830046F4908F02DFBE5
:10F9A000D5F8300403686621DB68984704F5A35056
:10F9B0006421083006F063FE04F5A1506421143080
:10F9C00006F05DFE04F5AD506421183006F057FED8
:10F9D00004F5AC506421043006F051FE04F5B65035
:10F9E0006421143006F04BFE04F5BC5064210C3049
:10F9F00006F045FE4FF000000BB0BDE8F08FF2F7C7
:10FA0000DFF94FF48C7606FB070606F62C530593B8
:10FA10008146F2F7D5F9342303FB070303F59D5321
:10FA20001C330693D5F84438D3F88830A3F1100B73
:10FA300003239BFBF3FB0BF104037B4304331E46C0
:10FA4000B5F972341A1D0992804606F07FFF0368EB
:10FA5000DB68984743000793D5F8483808935FFA66
:10FA600087FA18465146F7F756F9DDE908320028BB
:10FA700064D03A4B9B78029308230193079B059827
:10FA8000009331465B46F3F73BFA354A059802216D
:10FA9000F3F7F8FA06F05AFF012201460598F3F74A
:10FAA00037FCD5F8483893F828242E4B53F822B069
:10FAB00006F010FF0322034659460598F3F73EFC73
:10FAC0005146D5F84808F7F71CF9824606F002FFC0
:10FAD0006FF07F43009300231A4651460190069829
:10FAE00006F0D5F9342303FB078841F2BC3A0598A8
:10FAF00058F80A30DB691E464FF48C7303FB0799F4
:10FB00000137D9F82C3DDB6A9847D9F82C3D83465C
:10FB10001B6B059898470023021D0BF10401069802
:10FB2000B047D9F82C3D0598DB686421984758F810
:10FB30000A300698DB686421984708E793F8283470
:10FB40000649CB5C97E700BF01F200087A940208EF
:10FB500085820208AF940208108B0208D09C02082C
:10FB600080808000EC9C02082DE9F041D0F8808E66
:10FB700004460E461546B8F1000F3DD1304F2946D8
:10FB80003A46304611F03CFA28B33544304605F881
:10FB9000018CF0F72FFB522818D94FF48073A38003
:10FBA000F968384611F08BF8264A04F58054012391
:10FBB0002549D4F82404FBF703FED4F8240442F2C8
:10FBC0001071FBF7FFFE0020BDE8F0813046FFF723
:10FBD00083FE0120F8E7BA69FB689A4202D101234B
:10FBE0006371F0E74FF48073A380184A04F58054E2
:10FBF0000123DDE70133A361A369002BEFD01A785D
:10FC00000A2AF7D00D2AF5D0002AE8D010480022A1
:10FC1000013D19780D2906EB020706D840FA01F3D9
:10FC200013F0010301D1B354D3E7954288BF397073
:10FC3000A36903F1010388BF0132A361E9E700BFB3
:10FC4000BCDC0120B494020810950208209502083B
:10FC5000FEDBFFFFF8B515461E460278202A074650
:10FC600000F10100F9D0092AF7D0A2F12403012BF9
:10FC700001D95B2A10D12A4A0021023E01E06B54CF
:10FC800001317B5C0D2B03D842FA03F0C00701D58C
:10FC90008E42F4D801202EE0224B2F2A03BF2A7077
:10FCA000074601240024994206D20B462819311B2D
:10FCB0001D4A16F02DFE04441948013F214600223A
:10FCC000023E17F8013F0D2B04D840FA03FC1CF04C
:10FCD000010F04D08E4202D93B2B12D19AB98C422B
:10FCE00005D24B1EEA5C202A17D0092A15D08C4277
:10FCF0002CBF002001200D236B540D4400236B709A
:10FD0000F8BD282B07D0292B0CBF002202F00102DE
:10FD10006B540131D5E70122FAE71946DFE700BF4E
:10FD2000FEDBFFFF809698006D95020810B500F588
:10FD30008054D4F88035002B26DD0A2BD4F84808EF
:10FD40001ADD9121F7F747F9D4F88035C0B20A3BA4
:10FD5000C4F88035D4F8D036002B34DD0A2BD4F823
:10FD6000480828DD9A21F7F736F9D4F8D036C0B222
:10FD70000A3BC4F8D03610BD9321F7F72CF9D4F81C
:10FD80008035C0B2013BE3E713D00A33D4F848080A
:10FD900007DA9221F7F71FF9D4F88035C0B20A3399
:10FDA000D6E79421F7F717F9D4F88035C0B20133BC
:10FDB000CEE71846CEE79C21F7F70DF9D4F8D036F8
:10FDC000C0B2013BD5E7D6D00A33D4F8480807DAE9
:10FDD0009B21F7F700F9D4F8D036C0B20A33C8E750
:10FDE0009D21F7F7F8F8D4F8D036C0B20133C0E758
:10FDF0002DE9F0470446A0B0F1F7E2FF04F5805585
:10FE0000F2F77EF8F1F7DCFFF2F79CF804F5A35760
:10FE1000D5F848380837D3F8DC133846F3F73FF9FC
:10FE200004F5AD56D5F848381836D3F814143046D2
:10FE3000F3F735F9D5F8483893F8183404F5B6597E
:10FE4000002B09F114090CBF6FF07F414FF47F4183
:10FE5000484608F015F9D5F8483893F8193404F5F0
:10FE6000BC58002B08F10C080CBF6FF07F414FF419
:10FE70007F41404608F004F92379002B00F0A3806D
:10FE80002046FFF753FFD5F8483893F87823511EE2
:10FE9000012901D9042A3ED193F8EF33002B35D044
:10FEA0006379002B3ED1E168002958D194F8843061
:10FEB00063B9E26852B1D4F880108A4201BFD5F824
:10FEC0004828C2F8E833012384F88430092694F8DE
:10FED0007C30002B5CD1617999BB013E31D080220E
:10FEE000684616F0E4FD802269462046FFF73CFE96
:10FEF0000028ECD0616901316161602304F11C02CA
:10FF00006846FFF7A7FE84F87C00E0E7FBF7FAFD00
:10FF10008368032BC4D0002323714FF0000020B06E
:10FF2000BDE8F087D5F8483893F87833012B08D12D
:10FF30006369C4F888300021217104F6546003F02D
:10FF400037FE2379002B3BD0D4F8803E002B4FF6B0
:10FF5000FF7108BF08212046FFF794FCDDE7D5F8C4
:10FF60004808F7F702F80028A0D05528E9D04FF448
:10FF70008073A3804B4A4C49D5F824040123FBF736
:10FF80001FFCD5F8240442F21071FBF71BFDD8E7E3
:10FF9000D5F8480804F10C0204F11C01F7F756FEED
:10FFA000C3B2002BCDD1D4F8803084F87C00002B74
:10FFB000C7D1237F4E2BC4D1E368C4F88030C0E79B
:10FFC0004FF6FF71C7E7D5F8483893F87823022A2F
:10FFD00003D12046FFF7AAFE9FE7D5F818246AB997
:10FFE000D5F81C24002A09DDD4F8802E12B9D4F8E3
:10FFF00090201AB193F8FD33002B4DD0D5F828048A
:020000040801F1
:1000000008F0D6F895F878346BB14FF0000A042167
:10001000384685F878A44FF48002F3F733F8514658
:100020003846F3F7A5F995F8C83563B100270421E0
:10003000304685F8C8754FF48002F3F723F8394647
:100040003046F3F795F9484608F0B2F8404608F014
:10005000AFF8D5F82C0408F090F8F1F7B1FE064699
:1000600000F66C3006F01BFB06F6A83008F085F8A9
:10007000D5F84C38002B3FF450AF2269002A3FF4EA
:100080004CAFD5F8181404F65460194403F0A9FED7
:100090000023C5F84C3840E7D5F8280408F06DF87F
:1000A000B0E700BF729502081095020810B504462B
:1000B000094810F0EBFDD4F8900058B110F0E6FDBF
:1000C000D4F8900018B14FF40C7103F021FF002315
:1000D000C4F8903010BD00BFBCDC01204FF4807329
:1000E0002DE9F04183800446F8F70AFE04F5C25179
:1000F0001031F8F7F1FEF1F763FE00F5A750143068
:1001000006F0CDFA04F63840FBF767FA04F65460BF
:1001100003F0A8FC236913B92046FFF7C7FF0025A9
:100120004FF48C78342741F2BC36F1F749FE08FBD6
:1001300005F303F62C5203441044D3F82C3D1B69FD
:100140009847F1F73DFE07FB05F39A190344013583
:100150009B5910441B699847062DE6D104F580553C
:10016000D5F8280403681B699847D5F82C04036860
:100170001B699847D5F8300403681B69984704F554
:10018000A350083006F08BFA04F5A150143006F0A5
:1001900086FA04F5AD50183006F081FA04F5AC503B
:1001A000043006F07CFA04F5B650143006F077FA05
:1001B00004F5BC500C3006F072FAF1F701FE002194
:1001C000F1F71AFE4FF00000BDE8F08138B5036981
:1001D000044600F6546543B1284603F043FC206909
:1001E00008B103F093FE002323610021284603F0A9
:1001F00027FEF1F7E5FDBDE83840F1F7F9BE000054
:100200002DE9F04300F580559BB0D5F828348B429A
:1002100004460E4640F084800379002B7ED1D5F849
:10022000483893F8EF33002B73D0D5F8482892F86C
:100230007833012B72D1D5F81C1400296EDDD5F866
:10024000181400296AD1D4F8800E18B9D4F8901087
:10025000002963D092F8FD1300295FD1C4E905108D
:10026000E160C4F88010D2F8242484F87C1002F0F5
:100270000402002A18BF002304F5A35884F885302F
:100280004FF0010684F8841004F6546008BF022180
:100290004FF0000908F1080804F5AD5703F088FC99
:1002A0001837C4E92296A680FF220421404685F82B
:1002B000786485F8C865F2F7E5FEFF220421384628
:1002C000F2F7E0FE31464046F3F752F84946384629
:1002D000F3F74EF804F5B650143007F04EFF04F56E
:1002E000BC500C3007F049FFD5F82C0407F060FF34
:1002F000F1F766FD4FF0FF31044600F66C3006F072
:10030000BEF904F6A83007F053FF00201BB0BDE88B
:10031000F083FBF7F7FB8368032B86D00920F5E712
:10032000D5F830348B4202D100230371F6E7D5F8BB
:100330002C04884211D004F5A353083304F5AD50C2
:10034000B34200F1180040F096800021F3F710F856
:1003500001213046F3F70CF8D7E703685B6C984748
:100360000028E8D0F1F746F90646F1F743F986424E
:1003700004D1002106F1280007F0E3FA04F65468DE
:100380000021404603F05CFD2046FFF78FFE20462B
:10039000FFF71CFF13F086F943494448002210F090
:1003A00035F990B3002606EB4613234404F241428C
:1003B000002121339A425BD1F1F71CF90746F1F78E
:1003C00019F9874204D1002107F1280007F081FACA
:1003D000404603F047FBD5F8280403681B6998479B
:1003E000D5F82C0403681B699847D5F830040368D6
:1003F00004F638441B69984731462046FBF71EF93E
:1004000064212046FBF768F97FE729490DA810F021
:1004100066FD06460028C5D104F5986702A90DA817
:1004200010F0BEFD00BB9DF81E30EBB102A8FEF738
:1004300008FF0028F2D0029B01930DF11E030093E8
:1004400057E9021238461B4B013605F0E2FD202E1B
:10045000B94607F13C07E1D1174BD4F8002CD4F88A
:10046000FC1B484605F0D5FD0DA810F081FD9AE76C
:1004700083F874109DE7B04202D10021184665E769
:1004800004F5B65314339E4205D1A021D5F848088F
:10049000F6F7A1FD39E704F5BC540C34A6427FF40D
:1004A00034AFA121F2E700BF24E10120ECDE0120FE
:1004B000E995020896840208A584020830B50D4625
:1004C00089B00446FFF782FE286868B901A813F0D6
:1004D00061F80298202838BF20202038286018B9F9
:1004E00020610021296008E0094903F00DFD014663
:1004F00020610028F5D00023037004F6546003F057
:100500009FFCF1F75DFCF1F773FD206909B030BD88
:100510004C2603082DE9F04F0F46FDB00446002895
:1005200000F0598100F63840FBF757F8AB490FA8A7
:1005300010F0D5FC0646002840F049810DF1100866
:1005400041460FA810F02CFD60B998F8165055B12F
:100550004046FEF776FE05460028F1D0BE4202D0A6
:100560000136EDE700250FA810F002FD002D00F088
:100570002E811F2F00F22B81D8F80030984A00936B
:100580003CAE0DF126032121304616F0C1F93C2383
:1005900007FB03433046D3F8B814EFF721FE0746B4
:1005A000002840F01481DFF840A201220DF126015D
:1005B000504610F067F80546002840F00881DAF848
:1005C0000C300DF108080133414620460293FFF735
:1005D00075FF2169002948D0029F356033463A46AD
:1005E000504610F05DF922693368D5548046206981
:1005F000FFF772F904F65465B8F1000F03D13368C0
:10060000013F9F4229D02046FFF7E0FD754928466B
:1006100003F016FC744810F039FB2046FFF7F0F8A1
:1006200004F6546004F58054642103F0B5FBD4F85B
:10063000280403686621DB689847D4F82C04036813
:100640006621DB689847D4F8300403686621DB68CC
:10065000984700207DB0BDE8F08F2169284603F05F
:10066000EFFB0028D6D16149D1E704F58059012379
:100670005F4A6049D9F82404FBF7A2F8D9F82404AA
:10068000012542F210710573FBF79CF9D9F8440873
:1006900000F5C150043007F092F8322007F0D4F88A
:1006A000BB4603AB1F604FF480723146504610F0DA
:1006B000F7F8804610B9039903AB09B9002517E094
:1006C0003046424610F801CBBCF10A0F06D1013585
:1006D0004FF0000B01329142F4D1E4E7BCF10D0F71
:1006E000F8D00BF1010BBBF1500FF3D9002DDAD08C
:1006F000D9F82404FBF7A4F904F65466B8F1000F06
:100700000BD0394810F0C2FA0021304603F098FBB4
:100710003949304603F076FA7FE795B1324810F058
:10072000B5FA4146304603F08BFB344A2B46202174
:100730001CA816F0EDF81CA9304603F063FA304906
:10074000E7E72946284810F0BAFA2946304603F070
:1007500077FB2C4984F894504FF40C7003F0D2FBD3
:10076000C4F89000B0B101220DF126010FF08AFF0C
:1007700080B9802229461CA816F099F9D9F8D833F7
:100780009F42BFF64AAFD4F8902080211CA810F0F9
:1007900037FC38B92046FFF789FC1749304603F08B
:1007A0004FFB3AE71CA88DF8EF50EFF723FD5228D6
:1007B00004D92046FFF77AFC0C49EFE71CA8FEF7A6
:1007C0007DFD0146304603F01DFA0137D6E70E499C
:1007D00004F65460E3E702203CE700BFE995020815
:1007E00096840208EB950208BCDC01207A9402088A
:1007F000FE95020845960208569602086896020879
:100800007D9602084C26030893960208F8B5002549
:100810007A4B03600446C0E90255C0E9045585805F
:100820008561602229461C3016F041F94FF480732F
:10083000A4F884300123C4E9233584F87C50C4F83B
:100840008050C4F8885084F894504FF4846229464C
:1008500004F1950016F02BF904F5986604F5446749
:1008600046E9025530463C36F0F7DCFEBE42F7D191
:10087000C4F8385CC4F83C5CC4F8405CC4F8445C20
:1008800004F6484005F0DCFDC4F8745CC4F8785CFC
:1008900004F67C40F0F7B6FEC4F8AC5C04F54B609F
:1008A000F0F7ECFE04F66850F0F7E8FE03F06CFB9E
:1008B00004F65467C4F8200EC4F8245EC4F8285E19
:1008C000C4F82C5E84F8305EC4F8345EC4F8385E38
:1008D000C4F83C5EC4F8405EC4F8445E84F8485EE8
:1008E000C4F84C5EC4F8505E384605F0A9FD04F526
:1008F0008E56434BC4F8805EC4F8845EC4F8543E00
:1009000004F68865083628463435F0F78BFEB54284
:10091000F9D104F580554FF404720021002605F545
:10092000E47016F0C4F8C5F8D86307F5B160F0F7C5
:1009300069FEFF23C5F80C3485F81064C5F814640B
:10094000C5F81864C5F81C6403F01EFBC5F8200444
:10095000F1F736FA00F5BB501030C5F82404F1F772
:100960002FFA00F5AA500830C5F82804F1F728FA44
:1009700000F5B050C5F82C04F1F722FA00F5B55097
:100980001830C5F8300404F5A1501430F0F74AFED1
:1009900004F5A3500830F0F7B5FE04F5AC50C5F8E7
:1009A00080650430F0F73EFE04F5AD501830F0F7E6
:1009B000A9FE04F5B650C5F8D0661430F0F75EFE17
:1009C00004F5BC500C30F0F759FE03F0DDFAC5F821
:1009D0004408F6F777F985F85C68C5F84808C5F863
:1009E0004C68C5F85068C5F85468C5F85868C5F82B
:1009F0006068C5F864682046F8BD00BFD0AC020846
:100A0000C0B3020810B50A4C2368BFF35B8FDB0745
:100A10000CD4204613F03BFF40B10648FFF7F6FE2A
:100A2000054815F029FD204613F03DFF014810BD93
:100A3000109900201499002025F7000848B309B93F
:100A40000020704790F83830042BF9D8DFE803F025
:100A500003090F151B00036AC26B01FB023303621B
:100A6000EEE7436AC26B01FB02334362E8E7C36A05
:100A7000C26B01FB0233C362E2E7436BC26B01FB53
:100A800002334363DCE7036BC26B01FB0233036396
:100A9000D6E702207047F8B50446F8F731F904F6B6
:100AA0007C11F8F719FAF8F72BF904F69411F8F716
:100AB000CCF904F1440005F0F2FDD4F8E03004F183
:100AC000E0001B699847A36F04F178001B69984701
:100AD000D4F8F83104F5FC701B699847D4F8AC30B1
:100AE00004F1AC001B69984740F2F46540F61C160F
:100AF000635960191B69B8359847B542F8D104F5B8
:100B0000517005F0CCFD04F5447005F0C8FD04F506
:100B1000926005F0C4FD04F25C4005F0C0FD04F2F3
:100B2000DC5005F0BCFD04F5B56005F0B8FD00240F
:100B30004FF48C77342641F2BC35F1F741F907FBCD
:100B400004F303F62C5203441044D3F82C3D1B69E4
:100B50009847F1F735F906FB04F35A1903440134B9
:100B60005B5910441B699847062CE6D14FF00000F2
:100B7000F8BD00002DE9F04F8BB0044600F14406AB
:100B80000F4605F06DFE6FF07F43009300231A4679
:100B900057490190304605F07AF93046022105F0B8
:100BA000DBF9D4F87439DFF85091D3F88850B4F9F0
:100BB000503003EBD37305EBD5755910C1EB6501CC
:100BC0003A1D0023304605F0A3FD05F0BFFE036883
:100BD000DB689847274600EB800604F1780804F1AB
:100BE000E0054FF0000A0421D4F87809D4F87439EC
:100BF00090F82804D3F88830B4F94E2019F8000092
:100C000002900C3B07205B08CDE9006004322846C7
:100C1000F2F776F9FF2204212846F2F733FA05F0BD
:100C200095FE5FFA8AFB022201462846F2F770FB26
:100C30005946D4F87809F6F7FBF801462846F2F74A
:100C40002EFAD4F878392B4A93F8283452F8231026
:100C5000059105F07BFE0599034605222846F2F72B
:100C60006DFBF0F7C7FC00231A4601462846F2F751
:100C700098FBD7F8E03028469B6C012198475946ED
:100C8000D4F87809F6F73DF8834605F0E9FD6FF0F2
:100C90007F43009300231A4659460190404605F0D1
:100CA000F6F8D8F80030DB690593D7F8E03028462D
:100CB000DB6A9847D7F8E03083461B6B2846984795
:100CC000059D00F1080200230BF108014046A847EA
:100CD000BAF1000F12D1B4F9E81007F5FC7508F16C
:100CE0003408053107F58C774FF0010A7CE700BF27
:100CF0007B930208EC9C0208D09C020804F5FC736C
:100D0000CDE9063A04F61C1804F6371B04F2F46524
:100D10000027D4F87839069893F82834002B14BFAC
:100D200059464146D4F874390991D3F888304FF0C8
:100D3000030A93FBFAF37B4304330593D4F8F831A9
:100D40009B6B9847D4F874290890D2F8882092FBBE
:100D5000FAFA05F0FBFD0268D2689047079B029300
:100D6000089B059A099900EB8000AAF1080A08334C
:100D7000CDE900A0284607F099F8F0F73BFC0023E6
:100D800001461A46284607F03AFA01372846032159
:100D900007F0BEF9032F08F109080BF10C0B05F160
:100DA000B805B6D1D4F8783993F82834002B40F040
:100DB0001581D4F86039E36304F2AC70012107F0C7
:100DC00013FAD4F87819D4F8743991F82814B4F9CE
:100DD000FE26D3F8883019F80110029104F55175F8
:100DE0004FF00F08083BCDE900682846083204217F
:100DF000F2F786F8FF2204212846F2F743F905F0BE
:100E0000A5FD022201462846F2F782FA6FF0004261
:100E100028460121F2F784F901212846F2F73FF92B
:100E2000D4F878396F4A93F8283452F8237005F0D3
:100E30008DFD3946034603222846F2F77FFAF0F784
:100E4000D9FB002301461A4601272846F2F7A9FAE2
:100E500084F85473B4F948A3B4F94AB305F000FD1B
:100E60006FF07F450AF1080A0BF1080B01905B4611
:100E7000524604F544705C49009505F008F8D4F832
:100E80007819D4F8743991F82814B4F94E23D3F8AA
:100E9000883019F80110009604F5926A083BCDE9F4
:100EA0000181504608320421F2F72AF8FF2204217A
:100EB0005046F2F7E7F805F049FD02220146504698
:100EC000F2F726FA00215046F2F7E9F8D4F878391B
:100ED000444A93F8283452F823B005F037FD5946B8
:100EE000034603225046F2F729FAF0F783FB00236A
:100EF0001A4601465046F2F754FA84F8A0740221CB
:100F0000D4F87809F5F7FDFEB4F99634B4F994B441
:100F100008338246059305F0A3FC0BF1080BCDE9DD
:100F20000050059B5A46514604F25C4004F0AFFF66
:100F3000D4F87819D4F8743991F82814B4F99A24AB
:100F4000D3F8883019F80110009604F2DC5A083BF7
:100F5000CDE90181504608320421F1F7D1FFFF228B
:100F600004215046F2F78EF805F0F0FC022201460B
:100F70005046F2F7CDF900215046F2F790F8D4F838
:100F80007839184A93F8283452F8236005F0DEFCCB
:100F90003146034603225046F2F7D0F9F0F72AFB18
:100FA000002301461A465046F2F7FBF984F8EC7527
:100FB000B4F9E065B4F9E27505F052FC083608377B
:100FC000CDE90050094904F5B5603B46324604F0CE
:100FD0005EFF4FF000000BB0BDE8F08FD4F86C3925
:100FE000E9E600BFEC9C0208A6960208AD9602084E
:100FF0002DE9F04F0021044689B0D0F87809F5F7C3
:1010000017FF0121A061D4F87809F5F711FFA6694F
:10101000E06105463046EFF79DFAC4E90201284633
:10102000EFF798FAC4E90401206A301AEFF792FA50
:101030000646606A281A0F46EFF78CFA02460B46FE
:10104000EFF7F2FA324680463B468946304639464B
:10105000EFF7EAFA02460B4640464946EFF72EF90B
:1010600041EC100B13F024FC13F0DEFC04F5517777
:101070000146A0623846F2F712F804F2DC5600216D
:1010800021633046F2F70BF8642104F1440005F0C7
:10109000F6FAD4F8E0306421DB6804F1E000984708
:1010A000A36F6521DB6804F178009847D4F8F83124
:1010B0006421DB6804F5FC709847D4F8AC306521F6
:1010C000DB6804F1AC00984740F2F46540F61C1868
:1010D00063596019DB686521B83598474545F7D1F4
:1010E0006421384605F0CBFA642104F5447005F01C
:1010F000C6FA642104F5926005F0C1FA642104F295
:101100005C4005F0BCFA6421304605F0B8FA642171
:1011100004F5B56005F0B3FA4FF00008F0F750FEA3
:10112000C8F1000606F48C7505F62C550544824678
:10113000F0F746FED4F87429D2F88830D2F88C1033
:10114000079103EBD3735B1041F2BC3908FB03F347
:1011500006F0340602334E4406448346059305F0F8
:10116000F5FB0368DB689847D4F874290690D2F839
:10117000887005F0EBFB0268D2689047069B574ADF
:10118000079903EB430CD4F8783993F82834083FD7
:10119000D35C029307EBD77700EB40007F1002315E
:1011A0000E230438A1EB0C020193059900903B46F5
:1011B0002846F1F7A5FE4A4A02212846F1F762FFC8
:1011C00005F0C4FB012201462846F2F7A1F8D4F845
:1011D000783993F82824434B53F8227005F07AFBB2
:1011E0000322034639462846F2F7A8F84146D4F8C8
:1011F0007809F5F786FD074605F0F8FA6FF07F43AA
:10120000009300231A4639460190304604F03FFE11
:10121000342303FB08BB28465BF80930DB690593E0
:101220004FF48C7303FB08AADAF82C3DDB6A98476D
:10123000DAF82C3D07901B6B28469847DAF82C3DCE
:1012400006901B6C284698475BF8093007461B6CD4
:1012500030469847069A07993F1A07EBD77702EB73
:1012600067020023059F04313046B847DAF82C3D69
:101270006421DB68284698475BF8093008F10107CC
:10128000DB68642130469847022F4FF001087FF455
:1012900045AF00256563E562F7F732FD0646F0F7D6
:1012A000A9F904F67C1301460F4A00933046234601
:1012B000F7F7F1FDF7F724FD0646F0F79BF904F682
:1012C0009413CDE900730146084A30462346F7F7E8
:1012D00098FD284609B0BDE8F08F00BFD09C0208F9
:1012E00080808000EC9C02083D0A0108AF160108CE
:1012F0001E4B10B50446036000F66400F0F742FA96
:1013000004F2AC70F0F73EFA04F2F460F0F73AFA47
:1013100004F2DC50F0F7C6FA04F5B560F0F7DEF938
:1013200004F59260F0F7BEFA04F25C40F0F7D6F9EB
:1013300004F55170F0F7B6FA04F54470F0F7CEF901
:1013400004F5FC70F0F7AEFA04F1E000F0F7AAFA49
:1013500004F1AC00F0F7C2F904F17800F0F7BEF93F
:1013600004F14400F0F7BAF9204610BDF4AC0208CD
:1013700008B50248FFF7BCFF08BD00BF80B10020E0
:1013800010B50446FFF7B4FF20464FF41B6102F08E
:10139000BFFD204610BD00002DE9F84F6D4B0360E6
:1013A00000220023C0E90223C0E9042300260A2307
:1013B0000446C363C0E90666C0E90866C0E90A6678
:1013C000C0E90C6680F8386080F840604430F0F77F
:1013D00029F904F17800F0F725F904F1AC00F0F7F1
:1013E00021F904F1E000F0F78DF904F5FC70F0F755
:1013F00089F904F54470F0F715F904F55170F0F728
:1014000081F904F25C40F0F70DF904F59260F0F711
:1014100079F904F5B560F0F705F904F2DC50F0F75E
:1014200071F9DFF840B1DFF8409104F2F46504F699
:101430001C1A284605F040F96FF07F432B63012703
:10144000C5F800B085F8346085F83560C5E90866F0
:10145000C5E90A6605F138004FF0FF3805F02CF9B0
:10146000C5F83890EE66A5F8706085F8727085F85A
:10147000736085F8747085F8756085F87660C5E9E5
:101480001666C5E9198605F1780005F015F9C5F865
:101490007890C5F8AC60A5F8B06085F8B27085F8B2
:1014A000B36085F8B47085F8B56085F8B660C5E9B5
:1014B0002666C5E92986B8355545BAD1264B03F1CC
:1014C0001806186859682A4603C20833B3421546FD
:1014D000F7D11A889B78AB70204B2A8003F1240146
:1014E00004F6371253F8040B42F8040B8B42F9D17F
:1014F0001B4B93E8070004F65C150C3385E80700E6
:1015000093E8070004F6681585E8070002F03CFD43
:10151000C4F87409F5F7D6FB002384F8883984F8F9
:10152000A039C4F87809C4F87C39C4F88039C4F803
:101530008439C4F88C39C4F89039C4F89439C4F8A3
:101540009839C4F89C39C4F8A439C4F8A83920469D
:10155000BDE8F88FF4AC0208788102089381020894
:10156000B88102088C21030820B9020810B50A4C82
:101570002368BFF35B8FDB070CD4204613F087F999
:1015800040B10648FFF708FF054814F075FF2046F4
:1015900013F089F9014810BD7CB1002080B1002012
:1015A0007113010890F838108A1EF8B551420446AC
:1015B000514100F55170F1F7DBFE94F83810C81E68
:1015C0004142414104F59260F1F7D2FE94F838109F
:1015D0000D1F6942694104F2DC50F1F7C9FE94F82D
:1015E0003810B1FA81F1490904F1E000F1F7C0FEC9
:1015F00094F838104E1E7142714104F5FC70F1F7F9
:10160000B7FE04F2F46604F65C1504F66817D4F825
:101610007839E16B93F8283463B92B68CB1A5942B7
:1016200059413046043506F0DFFDBD4206F1B806EB
:10163000EDD1F8BDEB68F1E738B500F5517399428B
:1016400007D1022380F83830FFF7ACFF4FF00000DD
:1016500038BD00F59263994201D10323F2E700F20D
:10166000DC53994201D10423ECE700F2F46200F666
:101670005C1300F66815914206D1D0F8784994F8C9
:10168000284484B91C68C4630433AB4202F1B80235
:10169000F1D100F1E003994207D000F5FC739942C3
:1016A000D2D10123CEE7DC68EDE70023CAE738B5E5
:1016B000044660B30B78012B05D009252046FFF7BF
:1016C00071FF284638BD4D78F5F7FCFA90F878336D
:1016D000012B02D175B90025F0E7F5F7F3FA90F880
:1016E00078330A2BF6D0F5F7EDFA90F87833002B23
:1016F000F0D0E2E70021D4F87809F5F799FB012151
:101700002062D4F87809F5F793FB6062E3E70925D6
:10171000D7E72DE9F0472DED028B0E4688B007463E
:101720009246D0E9000153EC102B8DED062B8DED88
:10173000041B8DED020BEEF7BFFDDDE90423CDE9BF
:101740000001D6E90001EEF7B7FDDDE90023804690
:10175000894610461946EEF767FF424604460D4695
:101760004B4640464946EEF75FFF02460B46204691
:101770002946EEF7A3FD41EC100B13F099F89DED0F
:10178000001B55EC104B49EC108B13F08FF82246E0
:101790002B46DDE9060159EC108BEFF76FF8024696
:1017A0000B4640464946BAF1000F2CD0EEF784FDB7
:1017B00041EC180BB0EE480AF0EE680A13F0ACF8F2
:1017C000224651EC100B2B46EEF72EFFDDE90223EB
:1017D000EEF774FDB0EE480AF0EE680AC7E90001C2
:1017E00013F0DEF8224651EC100B2B46EEF71CFFEF
:1017F000DDE90423EEF762FDC6E9000108B0BDECA7
:10180000028BBDE8F087EEF759FDD1E72DE9F04FE7
:101810002DED028B59EC108B87B00C4605464246E5
:101820004B46D0E900018DED042B5BEC11ABEEF7DC
:1018300043FD5246CDE900015B46D4E90001EEF7D5
:101840003BFDDDE90023CDE9020110461946EEF724
:10185000EBFEDDE9022306460F4610461946EEF779
:10186000E3FE02460B4630463946EEF727FD41ECD3
:10187000100B13F01DF89DED001B57EC106B9DED48
:10188000020B13F013F8DDE90423B0EE408AF0EE0A
:10189000608A30463946EEF711FDB0EE480AF0EEA8
:1018A000680A06460F4613F037F8304653EC102B03
:1018B0003946EEF7B9FE42464B46EEF7FFFC41ECE7
:1018C000100B13F0B1F8EEF745FEB0EE480AF0EE5B
:1018D000680AC5E9000113F063F8304653EC102B99
:1018E0003946EEF7A1FE52465B46EEF7E7FC41ECC7
:1018F000100B13F099F8EEF72DFEC4E9000107B0C4
:10190000BDEC028BBDE8F08F2DE9F04F2DED048B7F
:101910008BB00446F7F7F4F9456FE36BD4F8780918
:10192000142D38BF14255D4302213C235D430A2357
:10193000B5FBF3F5F5F77CFA014604F59260F1F793
:10194000AEFB216AD4F82C31994204D1626AD4F8F2
:1019500044329A423CD004F1E000F1F7A0FB616A06
:1019600004F5FC70F1F79BFB236AA069C01AEEF73F
:10197000F1FD636A0646E069C01A0F46EEF7EAFD1C
:101980003246804689463B4630463946EEF74CFEA5
:10199000424606460F464B4640464946EEF744FE51
:1019A00002460B4630463946EEF788FC41EC100BF8
:1019B00012F07EFF13F038F80146A06204F5517072
:1019C000F1F76DFB0021216304F2DC50F1F767FBB6
:1019D000626B0026002A00F0B0800096D4F87809E7
:1019E0002B460221F6F7F4F966635FFA80FAE06AA3
:1019F000002800F09180D4E90223CDE90623D4E940
:101A00000423CDE90823EEF7A5FD41EC190B606A2C
:101A1000EEF7A0FD41EC180B206AEEF79BFDB0EE4F
:101A2000492AF0EE692AB0EE481AF0EE681A41EC45
:101A3000100B08A906A8FFF7E9FEDDE906670023F9
:101A4000E36247EC106BD4F878B912F0EDFFDDE9F2
:101A5000088949EC108B824612F0E6FF02210590BE
:101A60005846F5F7E5F90121CDE900510346514605
:101A7000059A5846F6F770FA5FFA80FABAF1000F45
:101A80004AD1C4E90267C4E90489206AEEF762FD1D
:101A900002460B4630463946EEF70EFC0646606AB3
:101AA0000F46EEF757FD02460B4640464946EEF715
:101AB00003FC3246804689463B4630463946EEF7BF
:101AC000B3FD424606460F464B4640464946EEF7B2
:101AD000ABFD02460B4630463946EEF7EFFB41ECD4
:101AE000100B12F0E5FE12F09FFF0146A06204F514
:101AF0005170F1F7D4FAD4E90201EFF745F8A0618B
:101B0000D4E90401EFF740F8C4F830A0E061514691
:101B100004F2DC50F1F7C3FA276BD4F82866B74219
:101B200005D0D4F82880B8F1000F08D126635046BC
:101B30000BB0BDEC048BBDE8F08F924657E7A0696F
:101B4000EEF708FDCDE90601E069EEF703FDCDE90A
:101B5000080187EAE770A0EBE770EEF7FBFC41ECC9
:101B6000190B606AEEF7F6FC41EC180B206AEEF7F1
:101B7000F1FCB0EE492AF0EE692AB0EE481AF0EE18
:101B8000681A6FEA07094FEAD97941EC100B4A4607
:101B900008A906A8FFF7BDFD9DED069BB0EE490A1A
:101BA000F0EE690A12F040FF94ED020B814612F04C
:101BB0003BFF81459DED088BA6EB070612D1B0EEE9
:101BC000480AF0EE680A12F02FFF94ED040B8146EC
:101BD00012F02AFF814505D1394604F2DC50F1F7B5
:101BE0005EFAA4E7B0EE490AF0EE690AD4F87899F3
:101BF00012F01AFFB0EE480AF0EE680A074612F03B
:101C000013FFF60F012302460293CDE90056434627
:101C100039464846F6F752FA5FFA80FABAF1000FF1
:101C200005D184ED029B84ED048B216BD5E7D4F8BC
:101C3000283623637BE710B50446F7F761F804F60E
:101C40009831F7F702F9D4F8880BF1F73DF804F66C
:101C50006810F9F7C2FC04F16C0000F0EBFFD4F857
:101C6000940BF9F79DFF4FF0000010BD50B1002913
:101C7000B4BF6FF07E037F23642202FB0131FE2399
:101C800091FBF3F108467047F8B5164B0360044624
:101C900000F6681500F69820EFF774FD04F51E6055
:101CA000EFF770FD104BC4F8AC3904F6AC1004F03B
:101CB00015FD0E4BC4F8783904F6781004F00EFDCB
:101CC0000B4E04F5C467BD4206D03C3D284640F8A3
:101CD000086F04F003FDF6E704F16C00F3F7B0FEC3
:101CE0002046F8BD18AD020878B90208D8BA020833
:101CF00080BA020808B50248FFF7C6FF08BD00BF5A
:101D000034BB002010B50446FFF7BEFF20464FF459
:101D10003B6102F0FDF8204610BD00002DE9F04FB8
:101D2000142204468BB000210DEB020014F0BFFE1C
:101D3000D4F8A43004F66815032B00F25883DFE8CA
:101D400013F004009500E1018102D4F8943BA268ED
:101D5000187A04F5C461002800F08280012800F0A0
:101D60008180D74BD74E022808BF33462846F9F763
:101D700043FBD4F8943BD44ADB68E66814210DEBAE
:101D80000100F0F763FD3246034604F25C61284629
:101D9000F9F732FBD4F8943BCC491A69CC4B28466E
:101DA000002A08BF0B46226904F5D361F9F724FB2A
:101DB000D4F8943BC44A5B69666914210DEB0100B9
:101DC000F0F744FD3246034604F2D4612846F9F7A1
:101DD00013FBD4F8943BA7699B6904F5E266002BDA
:101DE00042D01421BB4A0DEB0100F0F72FFD034652
:101DF00031463A462846F9F7FFFAD4F8943BB64EF6
:101E0000DB69B64A002B18BF3246134604F24C7108
:101E1000E2692846F9F7F0FAD4F8943BAF4A1B6A16
:101E2000002B18BF3246134604F5F161226A28469A
:101E3000F9F7E2FAD4F8943BA9495A6AA94B284623
:101E4000002A08BF0B4604F2C471626AF9F7D4FA9B
:101E5000082104F66810F9F7F1FB0BB0BDE8F08F2C
:101E6000A14B83E7A14B81E7A14BC1E7D4F8943B99
:101E7000A0499A6AA04BDFF88492DFF884A2002A76
:101E800008BF0B462846A26A04F5C461F9F7B4FA04
:101E9000D9F80080D4F82CB0D4F8943BDAF800706C
:101EA00000970026CDE9018614220DEB0201DB6AC2
:101EB000D4F8900BF5F7A4F95A46034604F25C6196
:101EC0002846F9F799FAD4F830B0D4F8943B009743
:101ED000CDE9018614220DEB02011B6BD4F8900BA7
:101EE000F5F78EF95A46034604F5D3612846F9F70B
:101EF00083FAD4F834B0D4F8943B0097CDE9018646
:101F000014220DEB02015B6BD4F8900BF5F778F916
:101F10005A46034604F2D4612846F9F76DFAD4F81C
:101F200038B0D4F8943B0097CDE9018614220DEB2C
:101F300002019B6BD4F8900BF5F762F95A46034601
:101F400004F5E2612846F9F757FAD9F80480D4F885
:101F50003CB0D4F8943BDAF804700097CDE90186E0
:101F600014220DEB0201DB6BD4F8900BF5F748F966
:101F70005A46034604F24C712846F9F73DFAD4F864
:101F800040B0D4F8943B0097CDE9018614220DEBC4
:101F900002011B6CD4F8900BF5F732F95A46034650
:101FA00004F5F1612846F9F727FAD4F844B0D4F8DB
:101FB000943B0097CDE9018614220DEB02015B6C86
:101FC000D4F8900BF5F71CF95A46034604F2C47195
:101FD0002846F9F711FAD4F848B0D4F8943B0097A2
:101FE000CDE9018614220DEB02019B6CD4F8900B15
:101FF000F5F706F95A46034604F500612846F9F755
:10200000FBF9D9F80880D4F84CB0D4F8943BDAF84E
:1020100008700097CDE9018614220DEB0201DB6CFC
:10202000D4F8900BF5F7ECF85A46034604F63C0159
:102030002846F9F7E1F9D4F85090D4F8943B00978A
:10204000CDE9018614220DEB02011B6DD4F8900B33
:10205000F5F7D6F84A46034604F678012846F9F71C
:10206000CBF9D4F85490D4F8943B0097CDE901868D
:1020700014220DEB02015B6DD4F8900BF5F7C0F85C
:102080004A46034604F6B4012846F9F7B5F9D4F8F0
:102090005890D4F8943B0097CDE9018614220DEBBB
:1020A00002019B6DD4F8900BF5F7AAF804F50F61C7
:1020B00003464A462846F9F79FF90D21C9E600BFB5
:1020C000D1960208DE9602087D990208F29602086F
:1020D000EB96020823970208FD960208059702086E
:1020E000179702080E970208C3960208B8960208CE
:1020F000F89602080F8E0208F4970208EC9C02087A
:10210000D49C0208D4F8900BD4F8943B90F828247F
:10211000D4F85C80DB6D04F5C467002A40F084804D
:1021200064214B43B44E56F822200192012114221F
:102130004FF064090291CDF800900DEB0201F5F724
:102140005FF84246034639462846F9F755F9D4F870
:10215000900BD4F8943B90F82824D4F860801B6E40
:1021600004F25C67002A66D109FB03F356F82220CB
:102170000192642201210092142202910DEB0201CE
:10218000F5F73EF84246034639462846F9F734F952
:10219000D4F8907BD4F8943B97F82864DFF8B09299
:1021A000596EDFF8B082D4F864B03046FFF75EFDB8
:1021B00059F82620019258F8262000924FF0000A84
:1021C000142203460DEB02013846CDF808A0F5F7BE
:1021D00017F85A46034604F5D3612846F9F70CF977
:1021E000D4F8907BD4F8943B97F82864996ED4F88F
:1021F00068B03046FFF73AFD59F82620019258F8AA
:1022000026200092142203460DEB0201CDF808A00F
:102210003846F4F7F5FF04F2D46103465A462846DF
:10222000F9F7EAF8042114E64FF47A714B43FE21E2
:10223000B3FBF1F376E74FF47A714B43FE21B3FB26
:10224000F1F393E76D4E6E4932786E4B2846002AC3
:1022500008BF0B466C4A04F5C461F9F7CDF8337832
:10226000002B00F0C680694E694996F88B22694BB5
:102270002846002A08BF0B46674A04F25C61F9F75A
:10228000BBF81421D6F89832644A0DEB0100F0F740
:10229000DDFA634A034604F5D3612846F9F7ACF842
:1022A0001421D6F89C325D4A0DEB0100F0F7CEFA0E
:1022B0005C4A034604F2D4612846F9F79DF81421DC
:1022C000D6F8A032554A0DEB0100F0F7BFFA564A96
:1022D000034604F5E2612846F9F78EF81421D6F892
:1022E000A4324E4A0DEB0100F0F7B0FA4F4A034614
:1022F00004F24C712846F9F77FF81421D6F8A83279
:10230000464A0DEB0100F0F7A1FA494A034604F5ED
:10231000F1612846F9F770F81421D6F8AC323F4A3B
:102320000DEB0100F0F792FA424A034604F2C47141
:102330002846F9F761F81421D6F8B032374A0DEB88
:102340000100F0F783FA3C4A034604F50061284691
:10235000F9F752F81421D6F8B432304A0DEB0100E7
:10236000F0F774FA354A034604F63C012846F9F7BB
:1023700043F81421D6F8B832284A0DEB0100F0F7E3
:1023800065FA2F4A034604F678012846F9F734F82F
:102390001421D6F8BC32214A0DEB0100F0F756FAB1
:1023A000284A034604F6B4012846F9F725F8142113
:1023B000D6F8C032194A0DEB0100F0F747FA224A6D
:1023C000034604F50F612846F9F716F81421D6F8EC
:1023D000C432124A0DEB0100F0F738FA04F62C1162
:1023E00003461A4A2846F9F707F80E2131E500217D
:1023F0002FE501212DE500BFE09C0208C40100206B
:10240000F2960208EB9602082A970208C8010020FB
:102410001E97020842980208349702087D99020824
:10242000399702084A9702085B97020868970208E2
:10243000759702088A9702089E970208A7970208D4
:10244000B0970208BB970208C7970208D697020800
:10245000EC9C0208D49C0208F7B500F16C05044618
:102460000F46164601F090FD28230422CDE90032E4
:102470000021D0F888303A46284600F01AFC04F0D3
:10248000B5F9002319462B4A0090284600F06FFD4D
:1024900004F0ACF9284A009000230121284600F0FE
:1024A00066FD04F0A3F9254A009000230221284686
:1024B00000F05DFD04F09AF9214A00900023032109
:1024C000284600F054FDEFF795F8002301461A4620
:1024D000284600F03CFE04F58A62234604F552715A
:1024E0002120C3F82026C3F824063C338B4202F196
:1024F0002102F6D1EFF77EF804F66815114B009330
:10250000014622462846104BF8F770FFB4F97A20AE
:10251000D4F88C3BB61A0096D3F888303A440021A0
:102520002846F8F7A3FF2046FFF7F8FB4FF000001E
:1025300003B0F0BDE2970208AA820208EC8202080A
:10254000EA9702084D290108C526010837B54FF45E
:10255000FA6104466C3000F05EFBEFF731FC00F5E9
:10256000BC5004F042F820B9642104F66810F9F771
:10257000B3F82046FFF7D2FBF6F7C2FB0546EFF7AC
:1025800039F804F69833019328230146009328462E
:10259000034A2346F6F735FC4FF0000003B030BD88
:1025A00079290108D0F8A430032B10B504460DD1C9
:1025B000D0F8840B4FF47A7105F039F930B1204628
:1025C000FFF7ACFB05F031F9C4F8840B4FF00000C5
:1025D00010BD000038B500F16C03994204460D4669
:1025E00007D1FFF79BFB642104F66810F9F774F834
:1025F00016E0D0F8883B8B425AD11A7C82B1D0F8D1
:10260000A420012A0FD1D3F81C11DB68D0F8942B39
:102610000933DBB202EB830251602046FFF77EFBF9
:102620004FF0000038BDA2B9D3F81C11DB68D0F818
:10263000942B23480133DBB202EB830359605169C9
:10264000F2F7D0FDD4F8943B1D489969F2F7D3FD19
:10265000E3E7022AE1D1DD68D4F8901BD0F8940BAF
:10266000D3F81C3191F82814012D05F116020FD86A
:1026700039B1FE214B4303F5FA734FF47A71B3FB82
:10268000F1F3012B00EB8202B8BF01235360C4E7D2
:1026900051B1002BB4BF6FF031013221FE2505FB93
:1026A0000313642193FBF1F3D1B200EB8102EDE758
:1026B000EFF786FB00F5BB5010308542B0D192E7B2
:1026C000C80100202DE9FF410D460446002800F016
:1026D0003281D0F8A460002E40F0A08007290ED8E7
:1026E000DFE801F00414384062808890D0F8942B21
:1026F00093680133DBB2042B28BF0023936020468C
:10270000FFF70CFB002004B0BDE8F081D0F8942B5B
:10271000D368B3F5964F11DBB3F5164F11DBB3F564
:10272000614F11DBB3F5E13F11DBB3F5613FACBFA6
:102730004FF416534FF46133D360E0E74FF4964300
:10274000FAE74FF41643F7E74FF46143F4E74FF429
:10275000E133F1E7D0F8942B1369B3FA83F35B0903
:102760001361CCE701231421D0F8942BCDE9026347
:10277000CDE9003153694169D0F8880B0022F0F7A8
:10278000FBF8D4F8885BEEF735FF002301461A46C4
:102790002846F0F788F8D4F8880B0323C36042F288
:1027A0001071F0F7ADF8AAE70122D0F8943BCDE91B
:1027B00002624FF4FA62CDE90062604A81699B6966
:1027C000D0F8880BF0F7D8F8D4F8885BEEF712FF52
:1027D000002301461A462846F0F765F8D4F8880B1E
:1027E0000423DBE7D0F8942BD369B3FA83F35B09B6
:1027F000D36184E7D0F8942B136AB3FA83F35B09AF
:1028000013627CE7D0F8943BD0F88C0B596AB1FA8C
:1028100081F14909596201F064FC70E7012E48D149
:102820000C293FF66CAFDFE801F0070F0F0F0F3AEE
:102830003A3A3A3F3F3F3F00D0F8942B936AB3FABD
:1028400083F35B0993625AE73D4B1A683D4B1E7850
:10285000002A3FF454AFD4F8941B05F1090301EBAF
:10286000830004EB83010123CDE9026342F2107679
:10287000CDE9003643684968D4F8880BF0F77CF856
:10288000D4F8887BEEF7B6FE002301461A46384698
:10289000F0F709F8D4F8880B3146C56081E7284B7A
:1028A0005A68284B5E78D3E7254B9A68254B9E786B
:1028B000CEE7022E7FF423AF8B1E012B01F116070A
:1028C00020D8D0F8903B93F828041D4B53F8208073
:1028D0001C4B1E5CD4F8943B03EB87035968FFF74D
:1028E000C5F90346B8F1000F3FF409AF0122CDE965
:1028F000026242F21076CDE9002604EB87074246D9
:102900007968B9E701293FF6FAAED0F8903B93F821
:1029100028240D4B53F82280D0F8943B03EB870317
:102920005B6832B14FF47A725343FE22B3FBF2F389
:10293000D8E71646D6E70220E5E600BF279702084B
:10294000EC9C0208D09C0208E09C020810B50446EA
:1029500070B1D0F8A420032A00D109B1002010BD25
:102960003022044814F0A3F82046FFF7D7F9F5E722
:102970000220F4E760040020F8B50446E8B100F155
:102980006C0500F22C400E784F7803F04AFE00B937
:102990000FB10020F8BD032E09D1D4F8A4100139DD
:1029A000284600F0B1FB2046FFF7B8F9F1E7052E05
:1029B000F9D1D4F8A4100131F2E70220EAE70000CF
:1029C0007E4B7F492DE9F0476822044640F8043BDE
:1029D00014F0E7F904F16C0003F06EFE794A7A4BCB
:1029E000E3666FF07F41C4E92612784A0023C4E908
:1029F0002333C4E92823C4E92A33C4F8943004F10A
:102A0000B00003F01DFD04F1DC0504F5CE76284688
:102A10003035EEF7F7FDB542F9D1DFF8B89104F59E
:102A2000177700264FF0FF38284603F045FEC5F81B
:102A30000090C5F8288085F82C6085F82D60C5E9E0
:102A400008663035BD42EFD1DFF88C8104F57F791F
:102A500000262846012703F02FFEC5F800802E86A9
:102A600085F8327085F83360C5E90866C5E90A66FD
:102A700005F1340003F020FEC5F83480A5F8646049
:102A800085F8667085F86760C5E91566C5E917665B
:102A900068354D45DDD12846EEF7B4FD04F22C40F3
:102AA00003F00AFE4A4BC4F82C3401F06DFA4FF4DF
:102AB000E772C4F84C04002104F58A6013F0F7FFB4
:102AC00004F5C46904F6681A4E460025C6E90055A7
:102AD00006F1080003F0F0FDC6F80880358786F897
:102AE0003A7086F83B50C6E90A55C6E90C553C36A3
:102AF0005645EBD1C4F86859C4F86C59C4F87059FC
:102B0000C4F8745904F6781003F09AFCC4F8A45978
:102B1000C4F8A85904F6AC10EEF774FDC4F8DC59FB
:102B200004F51E60EEF7AAFD04F69820EEF7A6FD68
:102B300001F02AFA0E23C4F8A839C4F8500BC4F8DF
:102B4000545BC4F8585BC4F85C5B84F8605BC4F801
:102B5000645BC4F8685BC4F86C5BC4F8705BC4F871
:102B6000745B84F8785BC4F87C5BC4F8805BC4F861
:102B7000A499C4F8845BEFF723F900F5D050143022
:102B8000C4F8880B01F000FAC4F88C0BF4F79AF83B
:102B9000C4F8900BF8F7B6FF84F8A45BC4F8940B64
:102BA000C4F8985BC4F89C5BC4F8A05BC4F8A85B4D
:102BB000C4F8AC5B2046BDE8F08700BF18AD020842
:102BC000D0810208808080003CAD02084040400077
:102BD000D0B90208C8B4020880BA020810B50A4C7D
:102BE0002368BFF35B8FDB070CD4204611F04FFE48
:102BF00040B10648FFF7E4FE054813F03DFC2046CF
:102C000011F051FE014810BD30BB002034BB002044
:102C1000F51C0108704738B50C460131054603F034
:102C20002EFDC0B228B9214605F1440003F027FD6E
:102C3000C0B238BD10B5044603F031FDC0B220B9B2
:102C400004F1440003F02BFDC0B210BD01291FB5F3
:102C500004462CD1B0F90410036C511AC26B91FBDD
:102C6000F3F19142816328BF02F1FF314FF001027D
:102C700028BF81630292406B0190B4F90E00594362
:102C8000013811440090023B04F5647002F022FF09
:102C900023682046DB6C00219847206A38B1D4E9CC
:102CA0000912234604B0BDE8104004F0EABA04B0AB
:102CB00010BD2DE9F04F8DB00446443007901698B2
:102CC000009004F14400CDE90812059303F0F3FBF2
:102CD0004FF0010384F85430236804F144019B68E9
:102CE00020469847236801219B6C20469847059A07
:102CF0000494013A2281169A013A6281059AA281CE
:102D0000169AE281179A042A28BF04220692E263E7
:102D1000DDE905210023B2FBF1F263602264254660
:102D20009A46049A049B02F5987905F509720A926D
:102D3000069A524503F1700805F5F8761B6F40F2CC
:102D400001819B6807994046984701230293E36AF3
:102D50000193B4F90E300093236C00220AFB03F1B7
:102D6000404602F0B7FE0121404602F0E3FE216B2F
:102D7000404602F00DFF049B1B6F0021DB684046BC
:102D80009847049BD3F8303148469B699847B0B1C7
:102D9000049BB4F950B0D3F83031DA69DB6B4846A4
:102DA0001746E26BBBFBF2FB98470AFB0BF8ABEB59
:102DB000000100231A4608EB51014846B847D5F8F0
:102DC000F03130469B69984760B3D5F8243205F559
:102DD00009709B6998470B9020BBD5F8F031E16BE7
:102DE000DA69DB6BB4F90C80B8FBF1F830461746B2
:102DF0009847D5F8F0310A901B6CB4F90E90304624
:102E000098470A990B9AA9EB00090AFB08FB09EB02
:102E1000D979A8EB010113460BEB51014FEA690286
:102E20003046B847D5F8F03130469B69984790B3A3
:102E3000D5F8243205F509709B69984758B3D5F841
:102E4000F031B4F90C90DA69DB6B30461746E26B6F
:102E5000B9FBF2F99847D5F8F0310A901B6CB4F938
:102E60000E8030469847D5F82432A8EB00081B6C3A
:102E700005F5097098470A99A8EB00080AFB09FBB9
:102E800008EBD878A9EB010100234FEA68020BEBAD
:102E900051013046B847D5F8243205F509709B69D1
:102EA0009847E8B1D5F82432B4F90C80DA69DB6BC5
:102EB00005F509701746E26BB8FBF2F89847D5F8AC
:102EC000F03183469B6B304698470AFB08F9A8EB24
:102ED0000B01421C002309EB510105F50970B847AD
:102EE000049B0AF1010A3033BAF1040F049305F18F
:102EF00068057FF416AF04F564760125079930461E
:102F000003F080FB236C0295626B0192B4F90E20F2
:102F1000013A0092023B2A462946304602F0DAFD89
:102F20002946304603F0ABFB169B0093DDE90812FF
:102F3000059B04F5707002F03FFE84F8D0530DB08D
:102F4000BDE8F08F1B6940469847049BD3F83031A9
:102F500048461B699847D5F8F03130461B699847B9
:102F6000D5F8243205F509701B699847B8E72DE9B3
:102F7000F04F85B00329DDF838B006468846924602
:102F8000994600F2BE80002A00F0BB8068254D43C0
:102F9000471905F5F874D7F8F03104449B6800F13F
:102FA0004401B9F1000F37D1204698476FF07F43B5
:102FB0005146CDF804B000934A464B46204602F0F5
:102FC00066FFD7F8F031B6F90CB0DA690292DB6B24
:102FD000F26BBBFBF2FB20469847D7F8F021B6F91D
:102FE0000E50126C8246204690472A1A08FB0BF8B6
:102FF00002EBD272ABEB0A014B4608EB5101029D8A
:1030000052102046A847D7F8F031DB68032120464C
:1030100005B0BDE8F04F1847039105F50975204646
:103020009847AB190293D7F82432DDE902019B6877
:1030300098476FF07F431D46009300231A46514680
:10304000CDF804B0204602F022FF00231A4649467C
:103050000298CDF804B0009502F019FFD7F8F031CE
:10306000B6F90C10DA69DB6B15462046F26BB1FB42
:10307000F2F1039108FB01FB9847D7F8F021B6F96C
:103080000E90126C824620469047D7F82422A9EB76
:103090000009126C029890470399A9EB0002A1EB7A
:1030A0000A0102EBD272521000230BEB51012046B1
:1030B000A847D7F824320298D3F81C90DB6BB6F9F6
:1030C0000C10F66BB1FBF6F69847D7F8F031824654
:1030D0009B6B2046984708FB06F8A6EB0A06421CA5
:1030E000002308EB56010298C847D7F8F0310321B6
:1030F000DB6820469847D7F824320298DB68032122
:1031000086E705B0BDE8F08F1FB5836B8B420446A0
:103110001BD0C36B8B4218D90122036C81630292CE
:10312000406B0190B4F952005943013800901144AA
:1031300004F56470023B02F0CDFC2368DB6C0021D7
:10314000204604B0BDE81040184704B010BDC0E9E7
:10315000081283627047704770470000F0B590F91D
:103160003440059EB3EB041F15464FEA041228DBDA
:1031700002F140049C4224DD9C1A241100EB8404DB
:103180004FF0000C1F3462464FF0FF3714F8013F38
:1031900043B190F9333063441B017A1C08BF9F1B75
:1031A0000F339A1B0CF1010CBCF1040FEED1AA42B3
:1031B000A8BF2A46002A04DD064C27EAE7739A4294
:1031C00000DAF0BD90F9325054F8255041F8235000
:1031D0000133F4E798B3020810B5034B03600446CB
:1031E000EEF79CF9204610BD94AD020808B50248E0
:1031F000FFF7F2FF08BD00BFE8C6002010B5044687
:10320000FFF7EAFF20465C2100F082FE204610BD59
:1032100010B504460321406D01F07BFA636D002078
:10322000C3F8800010BD000010B5034B03600446D6
:1032300003F054FA204610BDBCAD020810B5044698
:10324000FFF7F2FF2046382100F062FE204610BD55
:1032500010B5034B0360044603F040FA204610BD4E
:1032600014AE020810B50446FFF7F2FF20464FF4F3
:10327000A27100F04DFE204610BD90F933201101DF
:1032800004321201028190F934208180110104324C
:103290001201C1804281002103F0DAB9F7B5B3F51C
:1032A000C07F089A25DA002BB8BF0F331B110C24FE
:1032B00004FB0300124E6FF00304534204FB02119F
:1032C0001F30C2F1C00210F8015F01F140042DB9B6
:1032D000103393422146F6D103B0F0BD03F10F073E
:1032E000002FF5DDA142F3D056F8257041F8047B9C
:1032F000F8E71B110193019B013B0193ECE700BF31
:1033000098B3020870B5254E3568BFF35B8F15F092
:10331000010540D1304611F0BAFA00283BD0204CCC
:10332000204B2046102240F8043B02212B4604F09B
:10333000F0F82A4629462B4604F1140004F0E9F877
:10334000194BE562C4E90D344FF4C063A4F844306E
:10335000032384F84630154BA364154B23604FF4C8
:103360008073A4F84C30C4E9095584F8305084F8CF
:103370003C50256484F84E50F5F7C2FC206500F0FF
:1033800003FE606504F0EAFBA0650A4813F074F8D8
:10339000304611F088FA024870BD00BFE4C6002034
:1033A000E8C600204C9B02082B73010869990208AB
:1033B00094AD0208ED31010890F83130194449B25A
:1033C000002930B41CDB0429A8BF00210D4A0E4B94
:1033D00080F8311002EB011290F9301003EB011369
:1033E000002112F9014B13F8015B0444013110294B
:1033F00084F82050F5D1036830BCDB6C00211847FD
:103400000321E3E764AE0208A4AE02082DE9F0410F
:103410001F4603680E46DB6C00210446154698479C
:103420008FB194F83330334484F8333094F8343027
:103430002B445DB2236884F834502046DB6CBDE831
:10344000F0410021184784F83360F3E7F0B500F14C
:103450001F050024AC4600231CF8016F5EB190F9F3
:10346000347090F933E02744CE1802FB076690F8D9
:10347000327006F80E700133042BEDD10134042CA8
:1034800005F10405E6D1F0BD2DE9F041034600F158
:103490001F060025B64600241EF8010F50B193F90F
:1034A00034C093F93380AC440F1902FB0C7717F842
:1034B000087047B90134042CEED10135042D06F112
:1034C0000406E7D10020BDE8F0810000062380F863
:1034D0003330002380F8343080F83130084B80F8E6
:1034E000322049B203EB011380F8301003F11002CF
:1034F000203053F8041B40F8041B9342F9D1704765
:10350000A4AE020810B5044603F0D6F82046074BD7
:1035100040F8203B1022002113F0C9FA2046012276
:103520000021FFF7D3FF204610BD00BFBCAD02084D
:10353000062380F83330002380F8343091F930309E
:1035400080F8303091F9313080F8313091F93230F3
:1035500080F8323010222031203013F08FBA10B4AE
:103560000446182308460C2204F120015DF8044BA0
:10357000FFF78ABF10B40446182308460C2204F152
:1035800020015DF8044BFFF761BF000010B54FF458
:10359000907204460021203013F089FA234604F586
:1035A0008A71072283F8202083F82B200C3399425C
:1035B000F8D14FF00733C4F83431C4F83831C4F8C7
:1035C0003C31024B0022C4E9012310BDC000800140
:1035D00010B5044603F070F82046084B40F8203B35
:1035E0004FF49072002113F062FA00232046C4F8D1
:1035F0004031FFF7CBFF204610BD00BF14AE0208DC
:10360000013A002A00DA70478B5C8354F8E72DE911
:10361000F04100F1200104464FF0FF36002500F193
:1036200021070123B8191A4610F801CF0132BCF165
:10363000000F0CBF002303F001030B2AF4D12BB1C0
:10364000324604F12C00FFF7DBFF01350C3640F267
:1036500013139E42E5D17DB1D4F84031013D64336E
:10366000C82202FB0533C4F8403123682046DB6CD6
:10367000BDE8F04100211847BDE8F0812DE9F04F89
:10368000ADF5277D55AF04463846FFF7A1FF39A8B1
:10369000FFF738FF47A8FFF735FF636DD3F88820A1
:1036A000D3F88C30103B3C3A03EBD3735D105608D3
:1036B00003F0D6F86FF07F482B46B9490190CDF85A
:1036C00000803246012512A802F00AFC00957823FA
:1036D00040F24222B349A06D04F0CAFA04F099F80E
:1036E00012F0D8FE2946384602F0C9FF022139A857
:1036F00002F0C5FF032147A802F0C1FF20231C22CE
:1037000000210BA80A9313F0D2F903F01FF910233C
:10371000CDE90080D0220AA91FA802F0E1FB032115
:103720001FA802F0ACFF04F074F800230490059386
:10373000984694F84C90B9F1000F6CD14FF47A731D
:10374000D7F84051B5FBF3F5C5F10A05012D47A99E
:1037500039A8B8BF0125FFF7EBFE12F0C9FE82467B
:1037600012F0C6FE052690FBF6F303EB8303C21AA4
:1037700007219AFBF1F1C1EBC1010132AAEB010172
:10378000D2B2C9B247A8FFF7A1FE0E2147A84B4607
:103790003246FFF73BFE39A93846FFF7E0FE002826
:1037A00056D0814A656D516810681289CDF8229013
:1037B00006AB03C306A81A80ADF82690ECF71AFDF5
:1037C000D5F888300C2202FB10335E08D5F88C3017
:1037D000103B03EBD3735D1003F042F86FF07F43AF
:1037E00032460190009306A92B462CA802F078FBE4
:1037F0000A212CA802F043FF606D00F5C15004308F
:1038000003F0DDFF40F6B83004F01EF8674B2C9350
:103810002CA802F063FF654C1F941FA802F05EFF06
:1038200012A8129402F05AFF614C479447A802F084
:1038300055FF39A8399402F051FF5E4B3B60384682
:1038400002F04CFF4FF000000DF5277DBDE8F08F32
:10385000012384F84D306423029394F84DB0BBF1FA
:10386000000F03D13846FFF7D2FE62E7606D00F526
:10387000C3504FF0FF31143003F048FF206D00219A
:10388000F5F756FB064620B1206D0021F5F74AFBFF
:103890000646206D0121F5F74BFB18B1206D012183
:1038A000F5F740FB861B05A9206DF5F750FB814617
:1038B000A0B9002E4DD1206D0321F5F739FB00286A
:1038C0004FD1206D0521F5F733FB002855D0206D31
:1038D0000521F5F727FB002849D14EE0B8F1000F8C
:1038E000E9D10028D4BF4FF0FF3A4FF0010A4FFA58
:1038F0008AF30393039939A801230022FFF786FD79
:1039000039A93846FFF72BFEF8B101230022CAF18E
:10391000000139A8FFF77AFD002ECCD0012E14BF8C
:103920004FF0FF3A4FF0010A4FFA8AF9494639A899
:10393000FFF742FD39A93846FFF711FE68B1CAF119
:10394000000139A8FFF738FDB5E7B9EB0A09D1D175
:10395000E2E7B8F1000FAED1E0E7B6EB0A06E5D139
:10396000A9E7206D0321F5F7DDFA0028A9D0B8F109
:10397000000F02D1012345460293206D0221F5F785
:10398000D7FAC8B9206D0421F5F7D2FA20B1206D1D
:103990000421F5F7C7FAA8B9B8F1000F19D136E03C
:1039A0007099020814AF02083882020880BA02082F
:1039B000BCAD020814AE0208206D0221F5F7B2FA80
:1039C0000028DFD0B8F1000F1ED10A2112A802F0A2
:1039D00056FED7F8403100932022214B0AA91FA898
:1039E00002F017FB606D00F5C350143003F09FFE2A
:1039F000606D00F5C150043003F0E1FE029904A8A7
:103A000003F024FFD84628E712A802F048FE2DBB99
:103A10000123294639A81A46FFF7F8FC39A9384688
:103A2000FFF79DFD60B101234FF0FF32294639A811
:103A3000FFF7ECFC39A93846FFF79CFD84F84D50A0
:103A4000D7F840514FF47A73B5FBF3F5C5F10A0589
:103A5000012DB8BF01254FF0000BBAE7013DFAE791
:103A60007699020808B502F01AFE4FF0000008BD72
:103A70002DE9FF47D0F8C025D0F8C43504463425D9
:103A80009B1A00F5B16703FB055005FB0343204477
:103A90005B6BDB6A9847D4F8C025D4F8C4359B1A11
:103AA000804603FB055005FB034320445B6B1B6B07
:103AB0009847D4F8C035D4F8C465B4F90CA0F61A08
:103AC000814606FB055005FB06462044736B1B6CC4
:103AD000984794F8BC35B3FA83F35B090293D4F8A2
:103AE000B8354146CDE900034A465346384601F011
:103AF000F1FF94F8BC1529B1384604B0BDE8F04791
:103B000002F018B804B0BDE8F0872DE9F74F0C9D1E
:103B10000095044602F0CFFC02F068FE0368DB6803
:103B20009847B5FBF0F5102D28BF1025C4F8845533
:103B300004F55D7600254FF0340A6FF07F4BD4F822
:103B40008435AB4205F101080CDC214604F5B16077
:103B500002F058FD2046FFF78BFF4FF0000003B046
:103B6000BDE8F08F0AFB08F304EB0309E358214694
:103B70009B684846984702F039FE0368DB6898471F
:103B8000074602F033FE05FB07F3CDE900B03146EE
:103B90000022484602F07BF921364546CFE7D0F8AF
:103BA000B8258A4203D0C0F8B815FFF761BF704747
:103BB00090F8BC258A4203D080F8BC15FFF758BFA7
:103BC0007047000070B50E4D0020013B83420AD8BB
:103BD00000230B540A49135C0D2B0ED841FA03F352
:103BE000DB070AD470BD145C0D2C03D845FA04F62B
:103BF000F607EDD50C540130E8E70130EBE700BFE4
:103C0000FEDBFFFFF8B5C56A04460A4685BBD0F85F
:103C1000C865D0F884359E4213DA06EB461606F5E1
:103C20005D7621238119FFF7CDFFD4F8C835013324
:103C3000C4F8C83523682046DB6C00219847002073
:103C4000F8BD416D0646013B2846834206F1340625
:103C500009DC342000FB03430020A3F8640059650D
:103C600020462123DFE7776D376201303586ECE7A8
:103C70000D20E5E72DE9F843D0F88425D0F8C835C4
:103C80009B1A9942A8BF19460029044642DDD0F884
:103C9000C0258B1A79D0E06A002878D0002B226BDF
:103CA0003BDD3C4E1078A0B1013B10780D28154645
:103CB00002F10102F9D846FA00F0C007F5D42878DD
:103CC0000A282A4605F10105F9D00D28F7D0002B66
:103CD000E8D104F55D782263C4F8C015C146042517
:103CE0000027D4F88465BE424DDD13461A4613F80A
:103CF000010B0A28FAD00D28F8D0002843D04946F5
:103D000021232046FFF75EFF0137024409F1210914
:103D10000025E6E700231946BDE702D10246D8E7B1
:103D2000013A15780A2D18D00D2D16D09042F7D3F0
:103D3000904218BF0132CCE7013315780A2D01D02B
:103D40000D2D01D190420BD115780A2D03D00D2DE8
:103D500001D0904206D3002BEAD09042ECD3E7E7A3
:103D6000013AEAE7013AEFE707EB4712013708F8B3
:103D70000230BE42F8DC23680021DB6C2046984705
:103D80002846BDE8F8830023F3E71D46F8E705461B
:103D9000F6E700BFFEDBFFFFF8B50E46D0F8C01512
:103DA0000446FFF767FF04F134050027D4F8843593
:103DB000BB420EDC2046FFF75BFE002104F5B1603C
:103DC00002F05DFC3146204602F059FC4FF0000045
:103DD000F8BD2B682846DB68012198470137343548
:103DE000E4E7C36A10B5044623BBD0F88435002944
:103DF00003F1FF3321DB8B421FDBD4F8C035C4F85D
:103E0000C4158B4200DC11B92046FFF733FFD4F80C
:103E10008435D4F8C025D4F8C4151A448A4204DC89
:103E2000013BC91A2046FFF725FF2046FFF720FE79
:103E3000002010BDD0F8C835D9E70320F9E700000D
:103E400000222DE9F0410B460546C0F8C825C162A5
:103E5000C0F8C025016381B900F55D7600F1340733
:103E60000C468846D5F88435A34236DC2B68002101
:103E7000DB6C2846984701240AE019780A291A467B
:103E800003F10103F9D00D29F7D0194E012431B9FE
:103E900000212846FFF7A5FF2046BDE8F081D5F8B0
:103EA000C8350133C5F8C835104601780D290346D9
:103EB00000F10100F9D846FA01F1C907F5D49A1AC0
:103EC000502A8CBF002404F001041A4613F8011B89
:103ED0000A29FAD00D29F8D0D9E786F800803146B2
:103EE0003846002202F053F8013421363437B9E75E
:103EF000FEDBFFFF08B50FF075FA00B900BE08BD84
:103F0000FFF7F8BF0FF06EBA0FF06CBA0FF004BBFA
:103F10000FF002BB104B10B50446036000F5C6500D
:103F200003F0A6FA04F5C350143003F0E7FB04F5E0
:103F3000C150083003F0E2FB04F5C150043003F037
:103F400011FC2046054B40F8543F02F0C7FB2046C9
:103F5000EDF7E4FA204610BD1CB40208D8BA0208F6
:103F600008B50248FFF7D6FF08BD00BF48C70020CC
:103F700010B50446FFF7CEFF204641F6C401FFF717
:103F8000C7FF204610BD00002DE9F041DFF8088191
:103F9000D8F80040BFF35B8F14F001046AD14046AB
:103FA00010F075FC002865D0344F354B3846102290
:103FB00040F8043B0221234603F0ABFA2246234695
:103FC000214607F1140003F0A4FA2E4BFC62C7E966
:103FD0000D374FF48063A7F84430012387F846304B
:103FE00007F15406284BBB6407F58055274B3B600F
:103FF00039463046C7E90944C7E9134487F83040D9
:1040000087F83C403C6402F009FA4FF48072214684
:1040100005F21A70C7E92244C7F88040A7F8844027
:1040200087F8864085F81047A5F81247C5F8144769
:10403000C5F8184712F03BFD05F6240085F81A482C
:10404000C5F81C48C5F8204803F080FB05F6280099
:1040500003F049FB05F6740003F045FB07F5C65075
:1040600003F0FCF90A4B0B481E6012F005FA4046BB
:1040700010F019FC0148BDE8F08100BF48C70020DE
:104080004C9B02082B730108819902081CB402089A
:104090000CE00020613F010844C7002038B5044609
:1040A0000846E1640969C4F888104369C4F88C3093
:1040B000036889B25B6C15469847B0F5346F06DD2E
:1040C00000BE25652046BDE8384003F053B8E06CDB
:1040D000B4F88C1003685B6C9847B0F5346FEFDC74
:1040E000EFE770B500F5C355143504460E46284673
:1040F0004FF0FF3103F00AFBE06C03685B699847FF
:104100000028F9D0E06C03683146DB6B984784F8EF
:1041100084602846BDE8704003F009BB30F83120C8
:1041200000EBC10342B9988840B95A883AB9D88897
:10413000B0FA80F040097047002070471046704781
:10414000F8B504460025A0F1080729462046FFF7E8
:10415000E5FF0135B8B12E4600E00136202E12D021
:1041600031462046FFF7DAFF0028F6D154F8362012
:1041700047F8352004EBC60107EBC5034A685A60CF
:1041800044F836004860202DDFD1F8BD2DE9F04F0E
:10419000044600F5C1508DB03221043003F0EAFA34
:1041A000C0B200283FD104F5C35314334FF0FF31A0
:1041B0001846079303F0AAFAC0B2002833D104F5D9
:1041C000B8571A3704F5C05A0AF11A0A3B46069046
:1041D0001A882AB99A881AB95A880AB9DA8812B19B
:1041E000069A0132069208335345F1D10023049315
:1041F000049B069A934213D03B461A88002A40F04B
:10420000E2809A88002A40F0DE805A88002A40F036
:10421000DA80DA88002A40F0D68008335345ECD1A2
:10422000079803F084FA206D002842D004F58055E9
:104230000BAAD5F81C380A93D5F820380B930368DD
:104240000AA95B69984795F81A380646002B00F0D2
:104250001C81002840F0FA8004F5C15708374FF060
:10426000FF31384603F052FAD5F820380193D5F8DB
:104270001C38009386F0010104F15400DDE90A23A3
:10428000C9B201F0E1FE384603F051FA04F5C65414
:104290000121204603F0F4F8C0B250B90A9BC5F8DA
:1042A0001C380B9B85F81A68C5F82038204603F0A7
:1042B0000CF94FF000000DB0BDE8F08F05F00103E0
:1042C00086F810375B4203F434638C33D4F88020D3
:1042D000234400210131B1F5347F43F8042FF9D193
:1042E0004FF0FF31404603F011FA96F810174FF4E3
:1042F000346303FB014194F88630012B029B009349
:1043000001F1900104F1540018D1059B039A5B1B45
:1043100002F061F8404603F00AFA089B5BB1E06CDA
:1043200096F81017039A4FF4346303FB01410368B6
:104330009031DB6898474FF080590CE0039A2B4688
:1043400002F01AF8E6E74FF0E023C3F8049DBFF34C
:104350004F8FBFF36F8FE06C03685B69984700284D
:10436000F1D0D4F84C9096F810B7D9F800204FF45B
:10437000346113690993526C01FB0B4B4846039956
:1043800090470BF1900B0246099B594648469847C7
:104390000135059BAB4291DA4FF08055E06C036824
:1043A0005B69984730B1E06C03689B699847049B50
:1043B00001331CE74FF0E023C3F8045DBFF34F8FD8
:1043C000BFF36F8FEAE704F5C15808F108084FF012
:1043D000FF31404603F09AF93A460023118800293C
:1043E0005BD19188002958D15188002955D1D188B5
:1043F000002952D10133202B02F10802EED104F53D
:1044000080564046B6F812370293B6F81837B6F819
:104410001497B6F81657059303F089F9E06C036812
:104420001B6C98470890E06C059A03680092D3F8DB
:104430001CB002994B462A46D847029B09F1010954
:10444000A9EB03091FFA89F30393A2E704F5C15707
:1044500008374FF0FF31384603F058F9D5F81C28DB
:104460000A99D5F82038DDF82CC08A42CDE900231E
:1044700004F1540001D163450DD00A466346022180
:1044800001F0E2FD384603F052F995F81A38B342CC
:104490003FF4FCAEE0E60321F2E704F5805202EBC4
:1044A000C3033846D3F81A17C2F81217D3F81E17E9
:1044B000C2F816170022C3F81A27C3F81E27FFF701
:1044C0003FFE9CE72DE9F04F85B0002506460446E7
:1044D0000295AA4629463046FFF720FE01350028FE
:1044E00049D1A0462F46202F45D039463046FFF708
:1044F00015FE002847D1B8F80A30B4F80290B4F895
:1045000000E0B8F8080000939945494628BF1946CD
:104510008645734638BF0346994234D9B8F80E3001
:10452000B4F806B0B4F804C0B8F80C1001939B4579
:104530005A4628BF1A468C451346624638BF0A467B
:1045400003921A46039B9A421DD9009B864588BF59
:1045500020808C4588BFA180994538BF6380019B2E
:104560009B4538BFE38006EBC70346F837A0C3F886
:1045700004A001230293202D04F10804AAD102987B
:1045800005B0BDE8F08F013708F10808ABE72DE969
:10459000F84300F5C15605460836894630464FF0C7
:1045A000FF311F46BDF92080144603F0AFF8D5F85F
:1045B00088309F42A4BF03F1FF331FB2D5F88C307F
:1045C0009845A8BF03F1FF3329EAE971A8BF0FFAA4
:1045D00083F8B94261DC24EAE47242455DDC95F877
:1045E0008630012B05D04346B8461F4613460A467F
:1045F000194605F5805405F5B85592B289B21FFAEF
:1046000088F8BFB21A35A4F81227A4F81617A4F830
:104610001487A4F8187728460023B0F800C0BCF12E
:10462000000F0ED1B0F804C0BCF1000F09D1B0F8F2
:1046300002C0BCF1000F04D1B0F806C0BCF1000FFD
:104640002DD00133202B00F10800E6D1B4F81A3741
:10465000934201D9A4F81A27B4F81E378B42B4F854
:104660001C3788BFA4F81E174345B4F8203738BF5D
:10467000A4F81C87BB4238BFA4F820772846FFF770
:1046800021FF04460028F9D12846FFF759FD30469E
:1046900003F04DF82046BDE8F8830324F7E704EB68
:1046A000C303D4F81227C3F81A27D4F81627C3F87F
:1046B0001E27E3E773B500F5C355143504460E46CF
:1046C00028464FF0FF3103F021F8E06C03685B6986
:1046D00098470028F9D0E06C94F885100368012E03
:1046E0001B6A04D10139032994BFC9B20321984739
:1046F00084F88660284603F01AF8B4F98C300093E9
:104700000022B4F9883011462046FFF740FF02B07E
:1047100070BD73B500F5C356143604460D463046D9
:104720004FF0FF3102F0F2FFE06C03685B699847DD
:104730000028F9D0E06C036829461B6A9847E26CB0
:104740001369C4F888305269C4F88C2084F8855005
:1047500000920022114604F1540001F0ACFE3046F4
:1047600002F0E5FFB4F98C30009300221146B4F951
:1047700088302046FFF70BFF94F8861011B12046D1
:10478000FFF798FF206D30B103689B69294602B09E
:10479000BDE87040184702B070BD13B50446C06C48
:1047A00028B303689B68984794F884102046FFF765
:1047B00098FC94F886102046FFF77CFF94F885104B
:1047C0002046FFF7A6FFD4F88C300093002204F1B6
:1047D0005400D4F88830114601F06DFE206D10B9F8
:1047E000002002B010BD03689B689847F8E70220DC
:1047F000F7E74FF005007047704710B520210446D9
:10480000FFF786FB204610BD036870B51B6906469E
:104810000D461446984730B17379022B04D0032B10
:104820000BD0012B10D070BD2A68F3889B1A2B6027
:10483000226833899B1A2360F5E7F3882968226888
:104840005B1A23602A60EEE7338921682A685B1AC5
:104850002B602260E7E72DE9F043036889B0DB684D
:1048600004460F46164698470546002844D0E0689F
:104870001022036801926A4400924FF00008D3F8B6
:1048800020908DF80F8001230DF10F023821C847C9
:10489000C0B2A8BB9DF812309DF814109DF81620E8
:1048A000032B28BF434623749DF813301B0203F4E7
:1048B000706319439DF81530618218021B096383E8
:1048C0009DF8193000F4706002431B029DF81A0035
:1048D000E28203F470630343A3829DF81B309DF8CA
:1048E0001C004FEA032C0CF4706C40EA0C001B090E
:1048F0002083A38339603260284609B0BDE8F08385
:10490000E06803689B6998474546F5E713B5C068BA
:104910008DF8041003688DF805205C6A01AA022353
:104920003821A04702B010BD1FB5C0688DF80F1028
:1049300001230168CDE900230DF10F020C6A382133
:10494000A04704B010BD37B50446C0680368022113
:104950009B6B9847E06803680221DB6B9847E0682F
:1049600003681B699847C2B2DAB928228021204621
:10497000FFF7CCFFC2B2A2B986212046FFF7C6FFDF
:10498000C2B205466AB98DF807000DF10702A821E9
:104990002046FFF7C9FF9DF80730112BC2B203D0A4
:1049A0000422104603B030BD002AFAD10DF10702EF
:1049B000A32120468DF80750FFF7B6FF9DF807307A
:1049C000362BC2B2EDD0642BEBD0062B18BF0422DD
:1049D000E7E737B500230DF10702022105468DF800
:1049E0000730FFF7A1FFC4B21CB1E86803689B69F8
:1049F00098479DF80700022807D8002C18BF002010
:104A0000003818BF012003B030BD0020F8E713B50F
:104A100002680191B0F914100091946BB0F9103054
:104A200000221146A04702B010BD406848437047BD
:104A300041790368B1FA81F15B6949091847417905
:104A4000036800395B6918BF0121184701207047CE
:104A500010B5920008460B461C1D5B1A9A4200F1E5
:104A6000030002D84FF0000010BD14F8043C00F819
:104A7000033C14F8033C00F8023C14F8023C00F834
:104A8000013C2346E8E792B202EB4200013AF0B55E
:104A900080B213B24E1C441EC51E1A04A4B2ADB29D
:104AA00002D54FF00000F0BD11F8137016F8132076
:104AB00042EA0722D70002380F5580B2D408120A02
:104AC00024F0030422F007020C54013B4A55284607
:104AD000E1E730B5520800234D1C9A4202D14FF055
:104AE000000030BD11F8134015F81300E40000F089
:104AF000070004F038042043C8540133EDE7C069CF
:104B000003689B6A1847F7B5002904461D4616DB63
:104B10000369994213DA002A11DB43699A420EDADB
:104B200092B2561C076889B2B6B24B1C00969BB273
:104B3000FE69B047236829465B6A204698474FF0D4
:104B4000000003B0F0BD704710B52C210446FFF7FC
:104B5000DFF9204610BD10B504460DF02BFF0228EA
:104B6000204603D1BDE8104002F06EBEBDE8104003
:104B700003F0FABB10B50446C06903689B6A984706
:104B800018B9E0690368DB6A9847206AFFF750FFAD
:104B90004FF0000010BD70B50446406A0D46164641
:104BA000FFF746FF206AFFF74AFFE06903683246D5
:104BB00029461B6ABDE8704018477FB505461C466C
:104BC0002B69994210461FDA6B699A421CDA20441D
:104BD000834292B2BCBF9B1A1CB2501EA6B210FAFE
:104BE00084F48BB2A4B229680094CC692846194693
:104BF000A047089B286A1B0A8DF80F30FFF71FFF9C
:104C000036B9286AFFF714FF4FF0000004B070BDFA
:104C1000E869036801225B690DF10F01013E9847C5
:104C2000B6B2EDE77FB5044608462569A9421EDA0B
:104C300061698A421BDA81B218448542BCBF6D1A91
:104C40002BB2481E92B29DB210FA83F320680092F4
:104C5000C6699BB22046B047089B206A1B0A8DF8A4
:104C60000F30FFF7ECFE35B9206AFFF7E1FE4FF099
:104C7000000004B070BDE069036801225B690DF1BA
:104C80000F01013D9847ADB2EDE7F0B5044610467F
:104C9000226985B09142BDF928500E461F4625DA9B
:104CA0006369984222DA3E44B24289B2BCBF521ACA
:104CB00017B282B228448342BCBF9B1A1DB2501E59
:104CC000284426684B1E80B200903B449BB2F66994
:104CD0002046B0470B9B206A1B0A8DF80F30FFF768
:104CE000AEFE002D14DC206AFFF7A2FE4FF000009C
:104CF00005B0F0BDE069036801225B690DF10F01A9
:104D00009847013E36B2002EF4DC013D2DB2E8E7B3
:104D10003E46F8E713B50446006A8DF80710FFF722
:104D20008EFEE069036801225B690DF10701984777
:104D3000206AFFF77DFE02B010BD38B504460D466F
:104D4000406AFFF775FE29462046FFF7E3FF38BDAE
:104D500038B504460D46406AFFF771FE29462046E5
:104D6000FFF7D8FF38BD10B50446806A80B1FFF761
:104D70005FFE0520FFF7EFFEA06AFFF760FE14203C
:104D8000FFF7E9FEA06AFFF753FE9620FFF7E3FE68
:104D900001212046FFF7DCFF6420FFF7DCFE204600
:104DA000C021FFF7D5FF20461721FFF7C6FF204699
:104DB0001521FFF7C2FF2046C121FFF7C9FF20469A
:104DC0004121FFF7BAFF2046C521FFF7C1FF20466A
:104DD0000021FFF7B2FF20461221FFF7AEFF204669
:104DE0008021FFF7AAFF20463A21FFF7B1FF2046B6
:104DF0006621FFF7A2FF2046B121FFF7A9FF204659
:104E0000A021FFF79AFF2046F721FFF7A1FF2046D8
:104E1000A921FFF792FF20465121FFF78EFF204680
:104E20002C21FFF78AFF20468221FFF786FF2046CC
:104E30003621FFF78DFF20462821FFF77EFF204611
:104E4000E021FFF785FF20460021FFF776FF20468F
:104E50000321FFF772FF20460921FFF76EFF20466E
:104E60000821FFF76AFF20461621FFF766FF20465C
:104E70000A21FFF762FF20463F21FFF75EFF204631
:104E80007821FFF75AFF20464C21FFF756FF2046B6
:104E90000921FFF752FF20460A21FFF74EFF204667
:104EA0000821FFF74AFF20461621FFF746FF20465C
:104EB0001A21FFF742FF20460F21FFF73EFF204651
:104EC000E121FFF745FF20460021FFF736FF20468E
:104ED0001621FFF732FF20461921FFF72EFF20464B
:104EE0000321FFF72AFF20460F21FFF726FF204668
:104EF0000521FFF722FF20463221FFF71EFF204643
:104F00004521FFF71AFF20464621FFF716FF2046EE
:104F10000421FFF712FF20460E21FFF70EFF204667
:104F20000D21FFF70AFF20463521FFF706FF204637
:104F30003721FFF702FF20460F21FFF7FEFE204634
:104F4000B021FFF705FF20468021FFF7F6FE20463F
:104F5000B421FFF7FDFE20460221FFF7EEFE2046BA
:104F6000B621FFF7F5FE20460221FFF7E6FE2046B8
:104F70000221FFF7E2FE2046E921FFF7E9FE204685
:104F80000021FFF7DAFE11212046FFF7E1FE78202D
:104F9000FFF7E1FD20462921FFF7DAFE4FF0000080
:104FA00010BD2DE9F04104460F462A2115461E4644
:104FB000BDF81880FFF7CCFE390A2046FFF7BDFE8A
:104FC000F9B22046FFF7B9FE310A2046FFF7B5FED9
:104FD000F1B22046FFF7B1FE20462B21FFF7B8FEC5
:104FE000290A2046FFF7A9FEE9B22046FFF7A5FEF1
:104FF0004FEA18212046FFF7A0FE5FFA88F120460D
:10500000FFF79BFE2C212046FFF7A2FE606AFFF708
:105010000FFD4FF00000BDE8F08110B504460176A9
:105020003621FFF795FE237E032B13D8DFE803F02C
:105030001715020AE8212046FFF77FFEA3682361C7
:10504000E36806E088212046FFF777FEE3682361E6
:10505000A36863614FF0000010BD4821F3E72821E9
:10506000E9E708B52031C9B2FFF772FE4FF0000042
:1050700008BD38B504460D46406AFFF7D9FCE9B2D1
:105080002046FFF747FEC5F307212046FFF742FE03
:105090002046C5F30741FFF73DFE4FF0000038BD45
:1050A000F8B505460C46406AFFF7C2FCC4F3451349
:1050B000C3EB03233F22B3FBF2F704F01F03E40A20
:1050C0001F222846C4EB0424B4FBF2F1C9B2C3EB9F
:1050D0000323B3FBF2F6FFF71DFEF9B22846FFF7F4
:1050E00019FE2846F1B2FFF715FE4FF00000F8BD9B
:1050F000F0B5B0F90640059F9C428E463CDCB0F905
:105100000A509D4238DB066AB6B31B1BB0F90C404F
:10511000B0F908506343B0F90440ED1BE41B44BFF1
:105120001B1B00249542A8BF02F1FF3590F82D20EB
:10513000A2B12A1B13444FF0FF32D0F824C0BCF1B7
:10514000000F17D1A54217DB56F82370816AB942C8
:1051500018BF4EF8247013440134F3E70122ECE742
:10516000F75C816A5CF82770B94218BF4EF824706A
:1051700013440134A542F3DAF0BD704710B5034B78
:105180000360044601F0AAFA204610BDC8B4020824
:1051900010B50446FFF7F2FF20463021FEF7B8FEB7
:1051A000204610BD38B504460D4601F0A1FA226A2A
:1051B000AB689A4211D1B4F90C202B889A420CD1D9
:1051C000B4F90E206B889A4207D1626AEB689A4262
:1051D00003D1A26A2B699A421ED023680021DB6C9E
:1051E000204698472A88A188A281013A6B88E381EA
:1051F0000A442281E288013B134463812B7984F8BD
:105200002C30AB682362EB6863622B69A36223686E
:105210000021DB6C204698472046BDE8384001F06D
:1052200070BA704710B5034B0360044601F056FA9C
:10523000204610BD20B9020810B50446FFF7F2FF62
:1052400020464021FEF764FE204610BD10B10368E1
:105250001B691847704710B10368DB68184770472F
:1052600010B103689B681847704710B4046B8C42F8
:1052700006D1446B944203D190F83D409C4209D042
:1052800080F83D3003685DF8044BDB6CC0E90C121C
:10529000002118475DF8044B704790F83E208A4281
:1052A00005D0036880F83E10DB6C0021184770477A
:1052B00049B10139012011F8013F03B970470A2BA8
:1052C00008BF0130F7E70120704738B590F83B3050
:1052D0008B4204460D462CD001F00AFA23680021C7
:1052E000DB6C2046984784F83B50606AFFF7B3FFB9
:1052F00094F83B5094F83A20216A00FB025202F0E5
:10530000FF0284F83C202046FFF7D2FFE38812FB1F
:1053100000F2521B92B2013BE2811A44236862817F
:105320002046DB6C002198472046BDE8384001F05C
:10533000E8B938BD39B90846704701300B5C0BB18C
:105340000A2BFAD170470020F8E72DE9F74F904675
:10535000B0F906209A4204460F4600F3A280B0F945
:105360000A109942C0F29D80016A002900F09980DC
:10537000406A002800F0958094F83C100C9EB4F927
:1053800004509B1AAD1BB3FBF1F201FB12330092E8
:1053900094F83A10B3FBF1F6FFF758FF8246606AC3
:1053A000FFF759FFE36A009A934283464BD1D4F842
:1053B000289094F83E30606A012B5AD1218F0091D9
:1053C000FFF74EFF94F83A200099B4F90C304A43A5
:1053D00000FB123000EBD07005EB6005606AFFF750
:1053E0003AFFB04255D909F1FF3906FB0AFABAFB78
:1053F000FBFA19F8011F002953D00A2951D0606A1D
:1054000003685B6998474FF0000B00EB0A025E46A9
:10541000606A0192FFF71AFF0090606AFFF71BFFB6
:10542000009BB3FBF0F35B45019A46D84FF0000BAD
:10543000606AFFF715FF5845DBD994F83A3006F05B
:1054400001012B444BE0236AE262994652B9C4F849
:10545000289049462046FFF76DFF2087A9E70A29D3
:1054600005D0994613F8011B0029F8D1EFE7013A5E
:10547000EBE7022BB2D1218F0091FFF7F1FE94F8F8
:105480003A200099B4F90C304A4300FB12331D4412
:10549000A4E794F83D3023B999F800300BB10A2BFA
:1054A00002D103B0BDE8F08F002DF8DBA845F5DD93
:1054B000636B47F825300135EEE712F8013B4FEA00
:1054C000CB018B401E430BF1010BA1E7002D05DB47
:1054D000454503DA49B1226B47F8252001359D4245
:1054E000F4D176080BF1010BA2E794F83D20002AD5
:1054F000F4D1626BF0E710B5044699B90A4610463C
:1055000010BD1946013308780A28FAD02046FFF763
:1055100011FF824238BF024601440B78002BEED0C7
:105520000B46EEE70022F8E72DE9F8430446DDE9F3
:105530000885894617461E4601F0DAF823680021DF
:105540002046DB6C9847012384F83D302B68C4F873
:1055500030804FF00008A780E6806562DB68C4F801
:105560002090C4F834802846984794F83A2094F85C
:105570003B3000FB023384F83C302B6828469B68A4
:105580009847494605462046FFF7B5FF94F83A305C
:1055900015FB00F515FB03F5ADB2A5814946204684
:1055A000FFF786FE94F83C1094F83B3011FB00F1B5
:1055B000C91A4FF0FF33E36289B22368E181013FEA
:1055C000013E31443D4461812046DB6C25814146EA
:1055D00098472046BDE8F84301F093B8436A8B42F0
:1055E00070B504460D4644D001F082F823680021CE
:1055F0002046DB6C98472B686562DB682846984735
:1056000094F83A2094F83B3000FB023384F83C30A5
:105610002B6828469B689847266A054631462046EF
:10562000FFF769FF94F83A3015FB00F212FB03F222
:1056300092B2A28131462046FFF73AFE94F83C3000
:1056400094F83B1013FB00F35B1AA18801390A445C
:105650002281E2889BB2013AE3811344638123688B
:105660002046DB6C002198472046BDE8704001F0E1
:1056700048B870BD70B504460D46164601F038F8BE
:10568000236AAB4201D1002E3ED023680021DB6C9F
:10569000204698474FF0FF332562E362606A94F832
:1056A0003A50FFF7D8FD94F83B3000FB053384F8FF
:1056B0003C30606AFFF7D4FD266A05463146204635
:1056C000FFF719FF94F83A3015FB00F212FB03F2D2
:1056D00092B2A28131462046FFF7EAFD94F83C30B1
:1056E00094F83B1013FB00F35B1AE1889BB201397D
:1056F000E3810B446381A388013B1A442368228120
:10570000DB6C0021204698472046BDE8704000F041
:10571000F8BF2DE9F041B0F906E0069D9E451E4612
:1057200045DCB0F90AC09C4541DBB0F90840641B78
:10573000002C3CDDB0F904305B1B90F8285065B3B9
:105740009442ACBF02F1FF35254623EAE378454594
:105750001DDAC76ABE44B64521DCACEB070CB44584
:105760001DDB2546C76A661BB74220DD002B04DB24
:105770009A42C4BF066A41F82360002D04DBAA42A6
:10578000C4BF066A41F82560013D0133EAE7476A74
:1057900041F8287008F10108D9E72546D9E7954274
:1057A000A8BF02F1FF3523EAE3739D4201DABDE8A9
:1057B000F081026A41F823200133F6E72DE9F04138
:1057C000B0F904E0069D9E451DDCB0F908C09C457B
:1057D00019DBB0F90A40641B9442ACBF02F1FF36FA
:1057E0002646002E0FDDB0F9067090F828807F1B4A
:1057F00027EAE775B8F1000F03D19E4501D09C451B
:1058000008D1AE4201DABDE8F081036A41F82530E3
:105810000135F6E7002FA4BF036A41F82530944212
:10582000BCBF036A41F82630EDE72DE9F74FB0F928
:105830000660DDF830A0B0F90A8001929E42B646BB
:1058400003DC434503DD9E4200E0434544DBB0F901
:105850000850B0F90440A5EB040CA8EB0607BCF116
:10586000000FB8BFCCF1000C002FB8BF7F424645F7
:10587000ACBF4FF0FF360126A542D4BF4FF0FF3931
:105880004FF001093246A4EB0A04A5EB0A05ACEB84
:105890000706C7F1000AAC4201D1C6451AD09E45A1
:1058A0000CD1C7F1000EAC4219D1002D14DB019BC5
:1058B0009D42BCBF036A41F825300DE0BAEB460FAC
:1058C0004FEA460BBCBF4C44F61BDC45C4BF6644E4
:1058D0009644E0E79E45E4D003B0BDE8F08F002C8D
:1058E00005DB019B9C42BCBF036A41F82430BEEB40
:1058F000460F4FEA4603BCBF4C44F61B9C45D2DD25
:10590000AC42E9D1D1E72DE9F74FB0F90450DDF809
:1059100030C09D42CDE9001251DCB0F908409C42F4
:105920004DDBB0F90A70B0F90620BE1A002EB8BFE0
:105930007642A4EB050E9742D4BF4FF0FF384FF0EC
:105940000108A542ACBF4FF0FF394FF00109A2EBAF
:105950000C02A7EB0C07A6EB0E01AC46A5EB040A64
:10596000BA4201D1644528D09C4519D1A5EB040960
:10597000002A06DB019B9A42BEBF009D036A45F8E0
:105980002230B9EB410F4FEA4103BCBF4244A1EBC7
:105990000E019E4213DCBA42EAD16445E8D10EE022
:1059A000BAEB410F4FEA410BBCBF4244A1EB0E01E1
:1059B0005E45C4BF8919CC44D2E79C42D6D003B01F
:1059C000BDE8F08F10B5034B0360044600F086FE7F
:1059D000204610BD28BA020810B50446FFF7F2FFB2
:1059E00020462421FEF794FA204610BD10B5034B43
:1059F0000360044600F072FE204610BDD0B90208D4
:105A000010B50446FFF7F2FF20462021FEF780FA8A
:105A1000204610BD30B5B0F90440039D9C4217DC10
:105A2000B0F908409C4213DBB0F90A40641BA24263
:105A3000D8BF02F1FF34002C0ADDB0F906305B1B41
:105A400023EAE37301EB83019C4201F1040100DAD4
:105A500030BD11F8042C520801F8042C11F8032C65
:105A6000520801F8032C11F8022C520801F8022CFC
:105A70000133E9E730B5B0F90640039D9C4217DCDD
:105A8000B0F90A409C4213DBB0F90840641B002CBB
:105A90000EDDB0F904305B1B23EAE373A242D8BFEA
:105AA00002F1FF3401EB8301A34201F1040100DDA7
:105AB00030BD11F8042C520801F8042C11F8032C05
:105AC000520801F8032C11F8022C520801F8022C9C
:105AD0000133E9E72DE9F0470446DDE9089A154668
:105AE00098469DF828700E4600F002FE2368204676
:105AF000DB6C0021984708F1FF33A6801E4409F1B2
:105B0000FF33E5801D44236884F8287087F001077F
:105B10002046C4E908AA26816581A4F80C80A4F86F
:105B20000E90E762DB6C002198472046BDE8F04705
:105B300000F0E7BD38B5C36A8B4204460D460FD06E
:105B400000F0D6FDE5620DB9236A63622368204642
:105B5000DB6C002198472046BDE8384000F0D1BDFD
:105B600038BD38B5036A8B4204460D460FD000F0AD
:105B7000BFFDE36A256203B9656223682046DB6CDA
:105B8000002198472046BDE8384000F0BABD38BD36
:105B900038B5436A8B4204460D460CD000F0A8FD90
:105BA000236865622046DB6C002198472046BDE8EB
:105BB000384000F0A6BD38BD2DE9F0410446154639
:105BC0001F46DDF818800E4600F092FD236820463F
:105BD000DB6C002198477B1EA6801E4408F1FF3332
:105BE000E5801D442368268120466581A781A4F8AD
:105BF0000E80DB6C002198472046BDE8F04100F0A4
:105C000080BD2DE9F84304461546DDE9086988465C
:105C10001F4600F06DFD23682046DB6C002198478D
:105C2000B845B8B21FFA88F2B3BF0130C0F1010025
:105C30001318801AB4BF83B29BB2A381B542B3B22A
:105C4000A9B2B5BF0133C3F101035B1A5B189BB264
:105C5000E3812368C4F820902046DB6CA4F804801C
:105C6000E58027816681002198472046BDE8F843FA
:105C700000F047BD10B103681B691847704710B1A9
:105C80000368DB681847704710B103689B681847C2
:105C900070472DE9F74F9046B0F904209A42044628
:105CA0000F4641DCB0F9081099423DDB066A002E30
:105CB0003AD0406A002837D09B1A1FFA83FA1B0497
:105CC00032D40C9BE588ED1AFFF7DEFF0346606ACD
:105CD000BAFBF3F30268F15C526990478146606A4F
:105CE000FFF7D2FFBAFBF0F303FB10AA606AFFF7DD
:105CF000C1FF0646606AFFF7C2FF4FF0010B0AF0D2
:105D000007030BFA03FB0023B6FBF0F62DB2B6B285
:105D10001A464FEADA0A606ACDE90023FFF7AFFFBF
:105D2000009A019B904202DC03B0BDE8F08F002D89
:105D30000BDDA84509DD09EB030111F80A1011EA92
:105D40000B0F06D0A16A47F8251001320135334404
:105D5000E1E794F833100029F7D1E16AF3E72DE980
:105D6000F74F1746B0F906209A4204460E4621DC4A
:105D7000B0F90A1099421DDBD0F82090B9F1000F5C
:105D800018D0406AB0B10C99B4F904809B1AA8EB02
:105D9000010894F83220B3FBF2F5FFF76BFF45439F
:105DA000606AFFF76CFF09F1FF39B5FBF0F519F8F0
:105DB000011F11B903B0BDE8F08F606A03685B6929
:105DC00098474FF0000B4219DA46606A0192FFF7DC
:105DD00051FF0090606AFFF752FF009BB3FBF0F3A6
:105DE0005B45019A0CD84FF0000B606AFFF74CFF3F
:105DF0005845DCD994F832300AF00101434414E0EC
:105E000012F8013B4FEACB018B404AEA030A0BF13F
:105E1000010BDAE7B8F1000F05DBB84503DA59B139
:105E2000A26A46F8282008F101089845F2D14FEA05
:105E30005A0A0BF1010BD8E794F83320002AF2D16B
:105E4000E26AEEE738B50446406AFFF71DFF85B207
:105E5000206A10B1EAF7CEF980B294F8323013FB21
:105E600005F313FB00F3A381606AFFF708FF94F8C2
:105E70003230A28913FB00F0A3881344013B238135
:105E8000E38880B2013BE0811844608138BD2DE990
:105E9000F84304461646DDE908980F461D4600F013
:105EA00027FC236800212046DB6C9847E58001230E
:105EB000002584F8333020462762A680C4F8289055
:105EC000E562C4F82480FFF7BDFF23682046DB6C41
:105ED000294698472046BDE8F84300F012BC000070
:105EE000F7B504461F460D46164600F0E5FB0B4B82
:105EF00023604FF4803323630020099BC4E908002A
:105F0000C4E90A000193089B009320463B463246B1
:105F10002946FFF7BCFF204603B0F0BD80BA020857
:105F200038B5436A8B4204460D4614D000F0E0FBBE
:105F300023680021DB6C2046984720466562FFF706
:105F400081FF23682046DB6C002198472046BDE88E
:105F5000384000F0D6BB38BD38B504460D46A9B16F
:105F600000F0C6FB23680021DB6C204698472046E2
:105F700084F83250FFF766FF23682046DB6C00216F
:105F800098472046BDE8384000F0BBBB38BD70B52F
:105F900004460D46164600F0ABFB236AAB4200D127
:105FA0007EB123680021DB6C2046984725620025DE
:105FB00020462586FFF746FF23682946DB6C2046EE
:105FC00098472046BDE8704000F09BBB2DE9F041AA
:105FD000DDF81880044615461F460E46B9B1B2B129
:105FE00003680021DB6C9847D8F8003029463A4610
:105FF000304610F035FD204626622586FFF722FF49
:1060000023682046DB6CBDE8F04100211847BDE85D
:10601000F08108B4FFB5164609AA044652F8047B7D
:1060200003920D4600F064FB03AB009332463B46FF
:1060300029462046FFF7CAFF204600F062FB04B065
:10604000BDE8F04001B070472DE9F04F85B09A46A9
:106050000E9B02930F9BB0F904500393029BB0F97F
:106060000660571B5D1B039B0129AAEB06080C4623
:106070009146A3EB060605D98C1E032C37D905B033
:10608000BDE8F08FD0F82490B9F1000FF7D099F85F
:1060900010304BB3D9F800304846DB6A9847B84215
:1060A00022DCD9F8003048465B6B9847B8421BDBCE
:1060B000D9F8003048461B6B9847404514DCD9F8A6
:1060C000003048469B6B984740450DDBD9F80030BF
:1060D000CDE90E569D6A3A46434621464846AC46AF
:1060E00005B0BDE8F04F6047D9F81890CCE7446A96
:1060F000002CC4D0237C002B34D023682046DB6ADC
:106100009847A84230DD23682046DB6A9847A842BA
:106110006BDD23682046DB6A9847B84222DC23689F
:1061200020465B6B9847B8421CDB236820461B6BFC
:106130009847404516DC236820469B6B98474045AE
:1061400010DB23682046DB6A9847A84240F383802F
:106150002368CDE900563A46D3F828B004214346D7
:106160002046D847A469C3E7236820465B6B98475D
:10617000A842C8DB236820461B6B9847B042C2DCAC
:10618000236820469B6B9847B042BCDB23682046BF
:10619000DB6A9847B842B6DC236820465B6B9847B9
:1061A000B842B0DB236820461B6B98474045AADC09
:1061B000236820469B6B98474045A4DB2368D3F8AF
:1061C00028E0029B99450AD1039B9A4507D1CDE966
:1061D0000E5643463A4603212046F44680E7CDE971
:1061E0000E5643463A460221F6E7236820465B6B8B
:1061F0009847A8428DDB236820461B6B9847B04226
:1062000087DC236820469B6B9847B04281DB23687C
:106210002046DB6A9847B8420ADD2368CDE900567C
:106220003A46D3F828B0052143462046D84770E7C0
:10623000236820465B6B9847B842EEDB2368204614
:106240001B6B98474045E8DC236820469B6B9847CA
:106250004045E2DB5DE7236820465B6B9847A84238
:10626000FFF676AF236820461B6B9847B0423FF796
:106270006FAF236820469B6B9847B042FFF668AF2C
:1062800070E72DE9F04198460368BDF91850DB6AC4
:1062900004460E4617469847236806441B6B204663
:1062A000984723680744DB6A204698472368804460
:1062B0001B6B2046984723680544DB6A20469847B5
:1062C000B04204DD23682046DB6A9847064623680F
:1062D00020461B6B9847B84204DD236820461B6BA1
:1062E00098470746236820465B6B9847404504DA89
:1062F000236820465B6B98478046236820469B6B4B
:106300009847A84204DA236820469B6B98470546C5
:10631000A06A00F154039C4209D12DB206950FFAF0
:1063200088F33AB231B2BDE8F041FEF730B9E06926
:10633000A0420BD003682DB206951C6D3AB20FFA3D
:1063400088F331B2A446BDE8F0416047BDE8F08172
:1063500010B5034B0360044600F0C0F9204610BDA1
:10636000D8BA020810B50446FFF7F2FF20462C21E8
:10637000FDF7CEFD204610BD2DE9F3471F46B0F9CD
:106380000630DDF82890BB420446884616460EDCEF
:10639000B0F90A30BB420ADBB0F90830056A4A445A
:1063A000013A9A4202DDA3EB09035E1C15B902B063
:1063B000BDE8F087B4F904202968B4F90630A9EBE8
:1063C00002020092D1F824A02846FB1A3246414628
:1063D000D0476D69EAE72DE9F7431E46B0F904306E
:1063E000B34204468846914605DCB0F90830B34212
:1063F00001DB056A15B903B0BDE8F083B4F90620E6
:106400000A982968B4F90430821A00920F6A284663
:10641000F31A4A464146B8476D69EBE738B504467A
:106420000D4600F049F9054B23600023C4E9083309
:10643000E36903B9E461A562204638BDD8BA020811
:1064400010B5044600F038F9064B23600023C4E978
:106450000833A362E3691BB19B6AA362204610BDA7
:1064600000BEFBE7D8BA020838B5836A8B420446FF
:1064700002D0056A816215B94FF0000038BD2B6863
:1064800028469B68214698476D69F4E738B5C3698B
:106490008B4204460D4604D1996AFFF7E5FF0020C0
:1064A00038BD03689B69984718B9A96AE561204619
:1064B000F3E70D20F4E72DE9F041044615461F46A9
:1064C000DDF818800E4600F013F923682046DB6CD7
:1064D000002198477B1EA6801E4408F1FF33E5800B
:1064E0001D442368268120466581A781A4F80E807B
:1064F000DB6C002198472046BDE8F04100F001B96F
:1065000070B5054616460C46002938D08B69002B1D
:1065100035D14B69002B32D1036A8B422FD0806A70
:1065200000F5C1504FF0FF31083001F0EFF82B6A51
:10653000668283B9C5E90844237C23B12B68012115
:106540009B6C28469847A86A00F5C150083001F0B6
:10655000EEF8002070BD5A8AB24203D963619C6193
:106560002C62E9E71A465B693BB1598AB142F9D915
:1065700063619C615461A261DEE76C62FAE702200C
:10658000E8E770B505460C4669B38B6923B94B69DA
:1065900013B9036A8B4226D1A86A00F5C1504FF0A7
:1065A000FF31083001F0B2F82B6AA3420FD16369C2
:1065B0002B6293B100229A61A86A002600F5C150AF
:1065C000C4E90566083001F0B2F8304670BD6A6A69
:1065D000A369A24203D100225A616B62ECE76269AF
:1065E0005A619361E8E70220F0E7826A54329042F0
:1065F00004D0C269824203D000F013B80120704772
:106600000020704738B5C3698B4204460D4604D05C
:1066100003689B69984710B9E561002038BD0D20DB
:10662000FCE7036810B59B690446984728B1E06908
:106630000368BDE810405B69184710BD436923B982
:106640008069003818BF01207047012070477047EB
:10665000036837B55B6904460D46984700B965B1D4
:10666000E069B4F90A20036800921D6DB4F90620B0
:10667000B4F90830B4F90410A84703B030BD10B520
:10668000044601B14182236820460121DB6C984712
:10669000628AE0692146BDE81040FFF731BF10B5BE
:1066A000036804460021DB6C9847E0692146BDE899
:1066B0001040FFF766BF0000064A02600022C0E9F2
:1066C0000122C0E90522C26002744282024A1268B5
:1066D000C261704734BB02080CE0002010B5034BC8
:1066E00003600446FFF7DBFF204610BD34BB020801
:1066F000C369986A00F5C1504FF0FF31083001F0CE
:1067000005B8C369986A00F5C150083001F00FB8A8
:106710002DE9F04104460F4616469846FFF7E8FF7C
:10672000C0B270B9B8F1000F0DD1B4F90430BB425A
:106730000CD1B4F90630B34208D12046FFF7E1FF8F
:10674000C0B2BDE8F08157EA0603F6D023682046C0
:10675000DB6C00219847BDB2B0B2B8F1000F12D087
:10676000A3882B44A380E3880344E38023891D444A
:1067700063892581034418B223686081DB6C0021A2
:1067800020469847D9E7A389A780013D1D44E389A6
:10679000E68001381844258100B2EDE700797047A2
:1067A00040797047C088704780687047024B24204A
:1067B00000FB0130704700BFA8BB0208704770475C
:1067C00010B50C210446FDF7A3FB204610BD0000C8
:1067D000034A0260034A4260034A8260704700BF76
:1067E0008CBB02080A122400A8BB020810B50A4C90
:1067F0002368BFF35B8FDB070CD420460EF047F80D
:1068000040B10648FFF7E4FF05480FF035FE20468B
:106810000EF049F8014810BD10E0002014E00020FF
:10682000BF670108014800EB41107047CCDF020848
:106830007047704710B50C210446FDF769FB2046F0
:1068400010BD0000034A0260034A4260034A8260AE
:10685000704700BFB0DF02080C102000CCDF020838
:1068600010B50A4C2368BFF35B8FDB070CD42046BE
:106870000EF00DF840B10648FFF7E4FF05480FF0B1
:10688000FBFD20460EF00FF8014810BD20E000206F
:1068900024E0002033680108014800EBC100704784
:1068A000F0FF02087047704710B50C210446FDF751
:1068B0002FFB204610BD0000034A0260034A4260DD
:1068C000034A8260704700BFD4FF02080608080030
:1068D000F0FF020810B50A4C2368BFF35B8FDB079B
:1068E0000CD420460DF0D3FF40B10648FFF7E4FF7B
:1068F00005480FF0C1FD20460DF0D5FF014810BD41
:1069000030E0002034E00020A7680108024B0C2092
:1069100000FB0130704700BF140803087047704740
:1069200010B50C210446FDF7F3FA204610BD000017
:10693000034A0260034A4260034A8260704700BF14
:10694000F8070308080C0C001408030810B50A4CDB
:106950002368BFF35B8FDB070CD420460DF097FF55
:1069600040B10648FFF7E4FF05480FF085FD2046DB
:106970000DF099FF014810BD40E0002044E00020E8
:106980001F690108014800EBC10070473814030873
:106990007047704710B50C210446FDF7B9FA204640
:1069A00010BD0000034A0260034A4260034A82604D
:1069B000704700BF1C1403080808080038140308B7
:1069C00010B50A4C2368BFF35B8FDB070CD420465D
:1069D0000DF05DFF40B10648FFF7E4FF05480FF0FA
:1069E0004BFD20460DF05FFF014810BD50E0002038
:1069F00054E00020936901084FF0050070474FF004
:106A000005007047704708B58189806801F0CAFFAA
:106A1000431E5842584108BD0A468189806801F0EA
:106A2000C7BF10B510210446FDF772FA204610BD0D
:106A30004FF00500704781807047C18070474FF06C
:106A40000500704783681A68136843F001031360F8
:106A50004FF0000070474FF005007047836893F8CF
:106A60003D00203818BF0120704738B5044600F1BA
:106A70000C054FF0FF31284600F002FDA0680368C6
:106A80001A6822F001021A601C6814F00104FBD19C
:106A90001A6842F400421A601A6822F400421A602E
:106AA00002F03EF9284600F010FD204638BD0000F7
:106AB00010B5044B044640F80C3B00F0D9FC2046CE
:106AC00010BD00BF641C030810B50446FFF7F0FFBB
:106AD00020461021FDF71CFA204610BD03299ABF5D
:106AE000014B585C2E207047581C0308F8B500F184
:106AF0000C0705460C4638464FF0FF31164600F0AD
:106B0000BFFC6100AB88A86889B2324602F04EFE35
:106B10000446384600F0D9FC21462846FFF7DEFF40
:106B2000F8BD2DE9F04F00F10C0785B005460E4683
:106B300014464FF0FF313846DDE90E899A4600F0E1
:106B40009FFC002C3ED0B8F1000F1DD00AF1FF339E
:106B5000012B19D8AB8802931FFA89F3CDE9008382
:106B6000710089B22278A8681FFA8AF302F010FD3A
:106B700001462846FFF7B2FFC4B2384600F0A5FC34
:106B8000204605B0BDE8F08F2B682246D3F824B02C
:106B9000314653462846D847C4B2B8F1000FECD06E
:106BA000002CEAD1434609EB0802934207D12B6837
:106BB00042469C6A31464B462846A047DCE703F82C
:106BC000014BF2E70224D8E72DE9F34105460C46D4
:106BD00098461646E2B100F10C074FF0FF313846F7
:106BE00000F04EFCAB880093610089B21FFA88F375
:106BF0003246A86802F03CF90446384600F065FCCD
:106C000021462846FFF76AFFC0B202B0BDE8F08116
:106C10000220FAE72DE9F34105460C469846164650
:106C2000E2B100F10C074FF0FF31384600F028FCCC
:106C3000AB880093610089B21FFA88F33246A868D6
:106C400002F0F0F90446384600F03FFC21462846A1
:106C5000FFF744FFC0B202B0BDE8F0810220FAE7BE
:106C60002DE9F0411F4683685B6B0446164613B35B
:106C7000490000F10C088DB240464FF0FF3100F0A2
:106C8000FFFB236820465B6B984780B92946BBB25F
:106C90003246A06802F03EFB0546404600F015FC77
:106CA00029462046FFF71AFFC0B2BDE8F081012057
:106CB00000F0C8FDE5E70520F7E72DE9F0411F46A4
:106CC00083689B6B0446164613B3490000F10C0819
:106CD0008DB240464FF0FF3100F0D2FB23682046D2
:106CE0005B6B984780B92946BBB23246A06802F078
:106CF000B1FB0546404600F0E8FB29462046FFF779
:106D0000EDFEC0B2BDE8F081012000F09BFDE5E79B
:106D10000520F7E74FF00500704783880B804FF0A0
:106D2000000070474FF000007047836881801B6847
:106D3000DA6A51434FF6FF72B1FBF2F1C2681AB939
:106D400059634FF000007047042A01D19963F8E7B6
:106D5000082A0CBFD9631964F3E77047836870B5DC
:106D60001B6804469E6A0D4603F014FEA3681B6868
:106D7000DB6A01360133B0FBF3F0B0FBF6F02860BC
:106D80004FF0000070BD38B504460D46E1B103F088
:106D900001FEA268B0FBF5F10D0C6B1C8B42106874
:106DA00096BFB1FBF3F3002303F1FF338562C362A7
:106DB000D3602368A188DB6920469847A3681B68D5
:106DC00001225A61002038BD0320FCE708B5D0E954
:106DD000020105F06DFE002818BF162008BD08B599
:106DE000D0E9020105F0A0FE4FF0000008BD10B58B
:106DF00010210446FDF78CF8204610BD81807047B5
:106E0000C180704770474FF0000070474FF0050099
:106E10007047836893F85100033818BF012070470A
:106E2000032910D883681B681A6822F040021A6090
:106E30001A6822F00302114319601A6842F04002F6
:106E40001A60002070470320704783681B681A6827
:106E500002F00203D20703D5002B0CBF012303234A
:106E60000B704FF00000704738B50D46044603F034
:106E7000A7FDB0FBF5F1022920D9042920D9082962
:106E800020D9102920D9202920D9402920D980298A
:106E900020D9B1F5807F1FD83823A2681268116805
:106EA00021F040011160116821F038010B4313609B
:106EB000136843F040031360002038BD0023ECE763
:106EC0000823EAE71023E8E71823E6E72023E4E7AE
:106ED0002823E2E73023E0E72B20EEE738B505462C
:106EE0000C4603F06DFDAB681B680246186810F095
:106EF000380002D15208226038BD082802D1920819
:106F00000020F8E7102801D1D208F9E7182801D1AC
:106F10001209F5E7202801D15209F1E7282801D10B
:106F20009209EDE7302801D1D209E9E7382801D1EB
:106F3000120AE5E700222B20DDE710B50C210446FC
:106F4000FCF7E6FF204610BD03299ABF014B585CB1
:106F50002E207047D41C030813B5044669B162B1F2
:106F6000A08800909BB2A06804F016FD0146204660
:106F7000FFF7EAFFC0B202B010BD0220FBE710B578
:106F8000044651B18388806892B204F055FC0146F2
:106F90002046FFF7D9FFC0B210BD0220FCE710B5B4
:106FA0000446084649B1E388A06892B204F0F0FDB7
:106FB00001462046FFF7C8FFC0B210BD38B50546F0
:106FC000104651B142B19BB2A86804F0E5FE0146FB
:106FD0002846FFF7B9FFC0B238BD0846FCE710B538
:106FE0000446084641B1A06892B204F075FE01461D
:106FF0002046FFF7A9FFC0B210BD10B504460846F1
:1070000041B1A06892B204F04DFF01462046FFF75F
:107010009BFFC0B210BD10B50446806804F0B6FFF7
:1070200001462046FFF790FF10BD4FF00500704766
:107030002DE9F34106468846154600242B68A7B281
:10704000BB4209D80020A4B22F6014B1232808BF86
:10705000002002B0BDE8F08133680DF107015B69E3
:1070600030469847C0B2631C0028ECD19DF8072039
:1070700008F807201C46E1E7D0F8843093F8410077
:10708000A0F12003584258417047704708B5D0F826
:10709000840005F047FF003818BF0120400108BDFB
:1070A000D0F8840008B5416005F0CCFE003818BF68
:1070B0000120400108BD08B551B1D0F8840092B25A
:1070C00005F0F0FE022805D0002818BF212008BDD9
:1070D0000220FCE72420FAE710B58C210446FCF7D7
:1070E00017FF204610BD031D10B580220446FF2166
:1070F00018460FF0DCFC80220146D4F8840006F02C
:107100003DFA20B9D4F884309B8DA4F888304FF034
:10711000000010BDFFF7E7BFD0F884301B681A6885
:10712000120770B5B0F8885004460E4602D41B68AA
:107130009B0702D52046FFF7D6FFD4F88430B4F879
:107140008820DB6B1B685B689A4210D0C5F1800514
:1071500014FA85F52B793370B4F88830013B9BB273
:107160001BB1A4F88830002070BD8023F9E72320EC
:10717000FAE70000C36A73B505460BB9048BBCB1CE
:107180002C1D2046174AA96C00F0D3F9204600F0C8
:10719000D3F92B8BC4B25BB105F114063046124A09
:1071A000A96C00F0C6F9304600F0C6F904B9C4B2C3
:1071B000EB6A2BB105F1280000F066FB04B9C4B2FC
:1071C00095F846300093B5F84420A96C07482B4643
:1071D00000F028F90CB9C4B204B100BE204602B0D8
:1071E00070BD00BF8C990208C39902088973010819
:1071F0007FB50646041D00F12805284600F060FB17
:1072000090B1F26A52006946204600F01EFAC2B2FE
:1072100052BB9DF80030012B0ED0022B18D033B199
:107220000422104604B070BD4FF0FF32EBE7336824
:1072300003991B69304603E0019B03992BB1029827
:107240009847C2B2002AD8D0EBE733689B69F1E7D0
:10725000716A06F1140000F0F8F9C2B222B933687D
:1072600030465B699847ECE700BEDAE708B50430C2
:1072700022B1002200F0BAF9C0B208BD00F086F9D0
:10728000FAE7F0B585B004460E4617461D460BF0EA
:107290008BFB0BF05FFA844203D0E36A43B9238B84
:1072A00033B99EB9236829469B692046984710E068
:1072B00006B98DB10123002269462046CDE9016758
:1072C0008DF800300395FFF7D1FF02E029463846DC
:1072D000B047C0B205B0F0BD0220FBE72DE9FF4189
:1072E00004460F469846154600F11406CAB100221E
:1072F000304600F07BF9C0B280B9022305EA0802EB
:10730000694620468DF80030FFF7B0FFC0B228B1C3
:1073100000223946304600F098F91F2004B0BDE83D
:10732000F081304600F032F9E5E71FB5044680B140
:1073300000238DF8003090F83C20036C03936946DD
:10734000FFF794FFC3B20BB1236C0133236404B085
:1073500010BD00BEFBE7000010B54FF0FF31044642
:10736000074800F08DF8074A136834B10133BDE8CF
:1073700010400348136000F0A8B8013BF7E700BFD6
:1073800064E0002060E0002038B50446002839D0D1
:107390000120FFF7E1FF012000F054FA23682046A6
:1073A000DB689847C0B268BBFFF7D6FF164D296867
:1073B00079B9E36A8BB9238BABB923682046DB69C3
:1073C0009847C0B20028F8D0BDE8384000200AF045
:1073D00065BF012000F036FAE9E704F1280000F06B
:1073E00078FAC5B21DB92046FFF702FFC5B2E36ABD
:1073F00033B1002104F1280000F0A3FA15B9C5B299
:10740000002DE1D000BEDFE760E00020014800F081
:1074100025B800BF64E00020014800F029B800BF93
:1074200064E000207FB503AE01969DF820600096D1
:1074300000241D4603940AF003FF012806D1039897
:1074400029460BF077F9204604B070BD0E20FBE70B
:10745000EFF30580003818BF0120704710B50446CF
:1074600001200AF01FFA206000B900BE204610BDBE
:1074700010B50446006808B90AF0F2FC204610BDB9
:1074800037B505460C46FFF7E3FF03462868B3B15E
:1074900001AA00210AF04BFC012802D01A2003B0F7
:1074A00030BD019B4BB14FF0E0234FF08052C3F849
:1074B000042DBFF34F8FBFF36F8F0020EFE72146FE
:1074C0000AF057FB0128E9D1F7E713B50446FFF7A7
:1074D000BFFF03462068ABB101A90AF05AFA0128A0
:1074E00002D01B2002B010BD019B4BB14FF0E02336
:1074F0004FF08052C3F8042DBFF34F8FBFF36F8F4F
:107500000020EFE71A4619460AF0E7F80128E8D10B
:10751000F6E730B50025C0E9023505608180C280FC
:1075200030BD10B50446006808B10AF099FC204649
:1075300010BDC0E902127047026810B504460AB1D6
:107540000F2010BDC18880880AF0A3F820600028B1
:10755000F6D0A1680B780BB90020F2E70AF056FCD0
:10756000FAE710B50446006840B1FFF771FF30B18B
:1075700020680AF03CFC003818BF012010BD2068CC
:107580000AF022FCB0FA80F04009F7E70368F7B58B
:1075900005460C4616463BB331B3FFF759FF2F683B
:1075A0000546B0B1002301AA214638460AF094F9F5
:1075B000012819D1019B4BB14FF0E0234FF08052CD
:1075C000C3F8042DBFF34F8FBFF36F8F002003B0BC
:1075D000F0BD304600F03CF92B46024621463846C5
:1075E0000AF07BF80128F1D01320F0E7036873B5A7
:1075F00005460C46164633B329B3FFF729FF2D681D
:10760000B0B1012301AA214628460AF065F90128F4
:1076100019D1019B4BB14FF0E0234FF08052C3F8DA
:10762000042DBFF34F8FBFF36F8F002002B070BDEA
:10763000304600F00DF901230246214628460AF0A3
:107640004CF80128F1D01320F0E703682DE9F3414D
:1076500005460F4616467BB371B3FFF7F9FEF8B146
:107660002846FFF77EFF20B11124204602B0BDE876
:10767000F081286801AA39460AF059FB012801D097
:107680001224F2E7019B4BB14FF0E0234FF0805200
:10769000C3F8042DBFF34F8FBFF36F8F0024E4E7CF
:1076A000711CD5F8008005D0304600F0D1F80246B4
:1076B00012240AE03246FBE70224D6E7731CD3D13A
:1076C000D5F8008011244FF0FF32394640460AF0C9
:1076D000B1F90028F2D0721C02D1112CF0D0122482
:1076E0000128DBD0C1E710B50146044604200AF0AA
:1076F000A6F8A06400B900BE204610BD10B504462F
:10770000806C08B90AF0ACFB204610BD70B5054688
:107710000E46FFF79DFE044608B11A2070BDA86C06
:1077200031460AF0E6FA0128F7D12046F6E738B5E7
:107730000546FFF78DFE044608B11B2038BDA86C36
:107740000AF091F80128F8D12046F7E710B5032296
:1077500004460021012009F09CFF206000B900BE12
:10776000204610BD10B50446006808B90AF078FB41
:10777000204610BD37B505460C46FFF769FE0346A7
:107780002868B3B101AA00210AF0D1FA012802D079
:107790001D2003B030BD019B4BB14FF0E0234FF0F3
:1077A0008052C3F8042DBFF34F8FBFF36F8F0020BB
:1077B000EFE721460AF0DDF90128E9D1F7E70023D8
:1077C00013B51A4619460446006809F086FFFFF70C
:1077D0003FFE03462068ABB101A90AF0DAF80128A0
:1077E00002D01E2002B010BD019B4BB14FF0E02330
:1077F0004FF08052C3F8042DBFF34F8FBFF36F8F4C
:107800000020EFE71A46194609F067FF0128E8D182
:10781000F6E708B5FFF71CFE18B1BDE808400AF00E
:1078200005BEBDE808400AF0FBBDFFF7F2BF38B562
:1078300005460C46FFF7EDFF401B84428CBF00203D
:10784000012038BD0AF052BF0AF050BF0AF004BF51
:10785000704710B540B10BF0E1FB28B1C3681BB114
:10786000BDE810400069184710BD13B50446006814
:1078700038B100230122E360052100921A460BF083
:1078800053FA204602B010BD37B50568044615B15D
:10789000152003B030BD4068FFF7DAFF227A074BAE
:1078A0000093B2FA82F201462346520928460BF0B1
:1078B0000DFA20600028EBD02846EAE7537801084B
:1078C000006808B520B10BF093FB003818BF012009
:1078D00008BDF0B5036885B004460E4683B1FFF7D6
:1078E000B7FD27680446E0B10AF0A0FD0023024678
:1078F0000093062103AB38460BF016FA012802D09C
:10790000162005B0F0BD039B4BB14FF0E0234FF0C4
:107910008052C3F8042DBFF34F8FBFF36F8F002049
:10792000EFE70AF07DFD05463046FFF791FF23465D
:1079300000902A46012138460BF0F6F90128DFD1E4
:10794000EDE77FB5036804460D466BB1FFF780FD98
:1079500026680446C8B10022009203AB08213046D5
:107960000BF0E2F9012802D0182004B070BD039B8F
:107970004BB14FF0E0234FF08052C3F8042DBFF31A
:107980004F8FBFF36F8F0020EFE72846FFF760FFB0
:10799000234600902246032130460BF0C5F901280A
:1079A000E2D1F0E71FB5ADF80E108AB1046889B2D4
:1079B0001944A1420ED800690168CDE900230223D1
:1079C0000C6A0DF10E025021A047C0B204B010BDE8
:1079D0000220FBE70B20F9E72DE9F84305460F46A7
:1079E0001E469046002A62D00268CB18934260D8A7
:1079F000406930B14179036800395B6918BF0121E2
:107A000098470024002E4BD0002C49D16C68B7FB5E
:107A1000F4F304FB137323B9B44228BF3446E4B231
:107A200004E0E41AE4B2B44288BFF4B2EB683A0A64
:107A30001A70EB685F70E8682246414602300FF02A
:107A4000B0F92869EA6803685021D3F82490A31C90
:107A5000C847361B2744A044C4B2B6B2BFB2002CFC
:107A6000D0D1286903680122DB69502198474FF083
:107A70000009C4B2002CC5D00120FFF7E5FE28693B
:107A800003680122DB69502198472A7A5FFA89F35B
:107A90009A42C4B202D309F10109EBE72924B1E704
:107AA000686908B1FCF7C4FF2046BDE8F8830224EA
:107AB000FAE70B24F8E7000010B5084C01444FF03A
:107AC000FF32884201D1D04310BD10F8013B534032
:107AD000DBB254F8233083EA1222F2E7581D030880
:107AE00010B5074B044640F86C3BFFF73BFE04F132
:107AF0006800FFF7BDFC2046E9F710FD204610BDE9
:107B00006021030808B50248FFF7EAFF08BD00BF7F
:107B10006CE0002010B50446FFF7E2FF204670211C
:107B2000FCF7F6F9204610BDC164FFF723BB10B582
:107B30000446FFF76EFE2065E06C03680021DB69F8
:107B40009847E06C03684FF4DC719B699847E06CE0
:107B500003681B6A98474FF0000010BD70B5264EB1
:107B60003568BFF35B8F15F0010542D130460CF04C
:107B70008EFE00283DD0214C214B2046102240F89B
:107B8000043B02212B46FFF7C4FC2A4629462B461C
:107B900004F11400FFF7BDFC1A4BE562C4E90D3493
:107BA0008023A4F84430022384F84630164BA364A3
:107BB000164B236004F1680064232366C4E9095569
:107BC000C4E91355C4E9155584F8305084F83C5085
:107BD0002564A4F85C50A4F86450FFF73FFC04F15E
:107BE0006C00FFF7B3FD0A480EF046FC30460CF07F
:107BF0005AFE024870BD00BF68E000206CE0002023
:107C00004C9B02082B73010891990208602103081C
:107C1000057B010810B50446C06C142903680CD913
:107C200094F865204AB99B699847E06C0368DB6962
:107C300047F6FF71BDE810401847DB690021F9E7FE
:107C400038B500F1680504464FF0FF312846FFF7CC
:107C500017FC002164232046C4E91511236684F82B
:107C60006410FFF7D7FF2846BDE83840FFF72DBC6A
:107C70002DE9F84304469DF8209016461F460D4610
:107C8000F1B1EAB1E3B1436D0BB1FFF7D9FF04F1F4
:107C900068084FF0FF314046FFF7F2FB002384F8FD
:107CA00064902766A4F85A30A4F858606565404689
:107CB000FFF70BFC04F16C00BDE8F843FFF77FBD54
:107CC000BDE8F883F8B5044600F168074FF0FF31CE
:107CD0003846FFF7D5FB636D266E002B41D0B4F814
:107CE00058504DB3B4F85A2033F81230B3F5987F9A
:107CF0004FEA1311204638BF0021FFF78BFFB4F87D
:107D00005A3013B9FFF785FD2065B4F85A30626D1B
:107D100032F8132002F00F0256430133B4F8582012
:107D20009BB29A42A4F85A3005D894F864501DB119
:107D30000023A4F85A3001253846FFF7C6FB314628
:107D400004F15000FFF782FD45B92046FFF778FFA8
:107D50004FF0FF3104F16C00FFF70CFD4FF0000015
:107D6000F8BD1D46E8E73830FDF75BBA2DE9F04F66
:107D7000B0F906A087B01D46AA45109B049304469F
:107D80000E46174600F38980B0F90A90A945C0F263
:107D90008480B0F90830049A9B1ABB420593B4BFA3
:107DA000059B07F1FF33002B48DD90F83420002AB3
:107DB0005BD190F8351000295FD1394ADFF8E8E04F
:107DC00003928C466FF07F4294F810803548364914
:107DD000B8F1000F08BF0146AA4553D00AF10100CF
:107DE000A84251D009F1FF30A8424FD0A94508BFA1
:107DF00061460498B4F90480A8EB000828EAE8700A
:107E000083465B4544DAAA4518DAA94516DDB8F180
:107E1000000FA4BF46F8202006EB8000059AA8BFFB
:107E2000C0F804E0BA4209DA03F18043013B039A47
:107E300046F8232006EB8303C3F804C0237C43B930
:107E4000049B00933A462B46314604F17800FDF737
:107E50007CFA049B10933A462B46314604F13800D5
:107E600007B0BDE8F04FFDF770BA0F4ADFF830E019
:107E7000039200226FF07F4CA6E70B49DFF820E069
:107E80000391F7E71146B4E77146B2E70399B0E70B
:107E900046F82B100BF1010BB3E707B0BDE8F08FEC
:107EA00040404000C0C0C000808080002DE9F74FF6
:107EB000DDE90C5617469846C3806B1E3B44038190
:107EC000731E9DF83820C1624344878043818581B9
:107ED000C6810274044600F13809D0F830B08A46F1
:107EE000FEF734FD4346CDE900B03A4651464846D8
:107EF000FDF71AFBB4F94630F61AB4F94430ED1A1E
:107F000006EBD67605EBD57508EB6602002307EB8A
:107F100065014846FEF7FCFB01214846FDF7BDF927
:107F200004F17806E76AB4F93C50B4F93E40FEF734
:107F30000DFD013501346FF07F4301900093394608
:107F4000304623462A46FDF7EFFA0121304603B0BA
:107F5000BDE8F04FFDF7A1B92DE9F74F0C9E8180E8
:107F60001D46013B0B440381731E1344C2804381B1
:107F70008581C68104460F46904600F13809D0E954
:107F80000BABFEF7E3FC4346CDE900B03A46514661
:107F90004846FDF7C9FAB4F94630F61AB4F9443048
:107FA000ED1A06EBD67605EBD57508EB66020023D5
:107FB00007EB65014846FEF7ABFB01214846FDF79C
:107FC0006CF904F17806E76AB4F93C50B4F93E4024
:107FD000FEF7BCFC013501346FF07F430190009344
:107FE0003946304623462A46FDF79EFA012130469F
:107FF00003B0BDE8F04FFDF750B9F8B50D46C16AC2
:10800000A94204463BD02846E8F7EAF8B0B304F1A9
:108010003806304600222946FDF72CFBB4F94630DD
:10802000B4F90E20B4F90C10B4F90400B4F90670D8
:10803000D21AB4F94430C91A02EBD27201EBD171F1
:10804000002300EB610107EB6202304604F1780681
:10805000FEF75EFB002229463046FDF70BFBB4F924
:108060003E20B4F93C100023013101323046FEF7C6
:108070004FFB23680021DB6C20469847E562F8BD82
:10808000026B8A4210B504460CD0016301233830DC
:108090000022FDF7EAF823682046DB6CBDE81040BB
:1080A0000021184710BD2DE9F041044600F13807C2
:1080B00038460E46FDF792FAB4F94630B4F90E2070
:1080C000B4F94410B4F90600D21AB4F90C305B1AB2
:1080D000B4F9041003EBD37502EBD27200EB620229
:1080E000002301EB6501384604F17805FEF710FB2B
:1080F00031462846FDF772FAB4F93E20B4F93C1037
:1081000028460023BDE8F04101320131FEF700BBF3
:108110002DE9F041044600F1380738460E46FDF7D8
:10812000D4F8B4F94630B4F90E20B4F94410B4F9D7
:108130000600D21AB4F90C305B1AB4F9041003EB40
:10814000D37502EBD27200EB6202002301EB6501F2
:10815000384604F17805FEF7DBFA31462846FDF78C
:10816000B4F8B4F93E20B4F93C1028460023BDE829
:10817000F04101320131FEF7CBBA036870B55B6C98
:1081800004469847054690B9216B0246012304F145
:108190003800FDF76AF8236820469B6C0121984758
:1081A000236829462046DB6CBDE87040184770BD47
:1081B000036810B55B6C0446984790B1236820466D
:1081C0009B6C0021984704F13800064901230022E6
:1081D000FDF74BF823682046DB6CBDE8104000211A
:1081E000184710BD8080800090F834208A4205D066
:1081F000036880F83410DB6C002118477047C0E931
:1082000008128362704710B40346D0E9080428B10D
:1082100021469A6A5DF8044BFFF733B82CB1986A8F
:10822000194623465DF8044B18475DF8044B704728
:1082300070B50446052925D8DFE801F0030D242494
:10824000031A012380F8353023682046DB6CBDE833
:108250007040002118470025016B80F8355001233C
:108260002A463830FDF701F82046FFF7CCFFEBE750
:108270000025016B80F8355001232A463830FCF781
:10828000F4FFE1E770BD70470B4B0C4A10B51A6262
:1082900000240B4A1C625A620A4A5C621A618022FC
:1082A0001C615A614FF0FF325C619A619C61FFF77B
:1082B000EAFF204610BD00BF003802400FC8E210A0
:1082C000317917009F10600038B50E4B1A784FF4C3
:1082D0007A73B3FBF2F30C4A05461068B0FBF3F077
:1082E00000F0A8F8044658B90F2D09D802462946CF
:1082F0004FF0FF3000F05EF8044B20461D6038BDA3
:108300000120FCE744000020DC00002048000020A1
:1083100008B50B4B1A6842F400721A601A6842F4EE
:1083200080621A601A6842F480721A60032000F0BA
:108330002FF80F20FFF7C8FF0BF0BAFD002008BD93
:10834000003C0240034A044B11681B780B44136045
:10835000704700BFDCE0002044000020014B18689B
:10836000704700BFDCE0002038B50446FFF7F6FF99
:10837000631C1CBF054B1B78054618BFE418FFF7AC
:10838000EDFF431BA342FAD338BD00BF44000020D9
:108390000749CA6822F4E0620302120403F4E063AE
:1083A000120C134343F0BF6343F40033CB607047B8
:1083B00000ED00E0164B30B5DC68C4F30224C4F1D4
:1083C0000703251D042B28BF0423062D4FF0FF357E
:1083D0008CBF033C002405FA03F321EA0303A54004
:1083E00022EA0502A340002843EA0203ACBF00F1E1
:1083F0006040084A4FEA0313B8BF00F00F00DBB239
:10840000AABF00F56140135480F8003330BD00BFAF
:1084100000ED00E014ED00E0002807DB044A41090C
:10842000012300F01F00834042F82130704700BF55
:1084300000E100E00138B0F1807F0BD24FF0E02383
:10844000054A5861F02182F8231000200722986124
:108450001A6170470120704700ED00E0036810B515
:10846000084C0246D9B210391820B1FBF0F0205C5C
:10847000D06523F47F7020F003005F2988BF0430AB
:10848000906510BDDC21030870B50446FFF766FF58
:108490000546002C60D0022384F835302268002382
:1084A00084F83430136823F00103136022681368E2
:1084B000D8072ED413683248A1691840D4E9013591
:1084C0002B43E5682B4325692B4365692B43E569FD
:1084D0000B432B43256A2B430343606A042802BFE6
:1084E000D4E90B5635432B4313605369042823F01A
:1084F000070343EA000335D1A06AE56A03438DB35D
:1085000091B9012820D030F002012BD1E90129D501
:108510001DE0FFF723FF401B0528C7D920230320B8
:10852000636584F8350070BDB1F5005F16D103288E
:1085300018D801A151F820F04F8501080D850108D8
:108540004F85010849850108B5F1C07F0AD1402354
:108550006365012384F835300120E4E70228F6D969
:108560000328D3D053612046FFF778FFE26D3F2305
:108570009340836000200123606584F83530D2E7A2
:108580003F8010F070B590F83440866D012C30D0EB
:10859000012480F8344090F83540012C4FF000045D
:1085A00025D1022580F8355044650468256825F4F6
:1085B0008025256063608368402B0EBFA260A160A8
:1085C000E260C26D08BFE1603F239340B36023685F
:1085D00043F016032360036C1BB1236843F00803C8
:1085E0002360236843F001032360002070BD80F8FE
:1085F00034400220FAE770B50446866DFFF7AEFE00
:1086000094F83530022B054606D08023636501209F
:10861000002384F8343070BD23681A6822F01602F3
:108620001A605A6922F080025A61226C0AB9A26C5F
:108630001AB11A6822F008021A601A6822F00102C0
:108640001A602368186810F0010007D1E26D3F231B
:108650009340B360012384F83530D9E7FFF77EFEFD
:10866000401B0528EDD920230320636584F83500DD
:10867000CEE790F83530022B03D0802343650120EC
:1086800070470268052380F83530136823F0010332
:108690001360002070470000F7B5002301935C4B86
:1086A000856D1F68C36D2E6808229A4032420446C9
:1086B0000CD001680868400708D5086820F004005D
:1086C0000860AA60626D42F00102626501229A4070
:1086D000324208D021684969090641BFAA60626D2B
:1086E00042F00202626504229A40324208D02168B8
:1086F0000968880741BFAA60626D42F004026265A2
:1087000010229A40324210D02368196809070CD50C
:10871000AA601A68500337D51B68190301D4236C6B
:1087200000E0A36C0BB120469847E16D20228A40FF
:1087300032423AD023681868C60636D5AA6094F843
:108740003520052A1A6827D122F016021A605A69C4
:1087500022F080025A61226C0AB9A26C1AB11A681E
:1087600022F008021A603F238B40AB60012384F89B
:108770003530002384F83430236D002B45D020465B
:1087800003B0BDE8F04018471A68D2055EBF1A680A
:1087900022F008021A60C2E7500327D51B681903AC
:1087A00031D4636C0BB120469847636D6BB3636D36
:1087B000DA0719D522684FF41653B7FBF3F70523F0
:1087C00084F83530136823F001031360019B0133F3
:1087D000BB42019302D81368DB07F7D4012384F866
:1087E0003530002384F83430E36CC6E71A6812F49D
:1087F000807208D1196821F010011960012384F8F2
:10880000353084F83420E36BCCE703B0F0BD00BF13
:10881000DC000020406D70472DE9F74FDFF88091B4
:108820005D4A00230D6801249C4004EA0506AC4320
:1088300040F0A3804D68032705F003044FEA430886
:1088400007FA08FC671E012F6FEA0C0C34D8876802
:1088500007EA0C0ECF6807FA08F747EA0E078760A9
:10886000476827EA060EC5F300179F4047EA0E0740
:108870004760C76807EA0C0E8F6807FA08F747EAEF
:108880000E07022CC76019D14FEAD30A00EB8A0AFF
:1088900003F0070BDAF820704FEA8B0B4FF00F0E46
:1088A0000EFA0BFE27EA0E0E0F6907FA0BF747EADE
:1088B0000E07CAF8207001E0032CDAD1076804FA29
:1088C00008F407EA0C073C4315F4403F046054D019
:1088D00000240194D9F8444044F48044C9F8444049
:1088E000D9F8444023F0030707F1804704F480449B
:1088F00007F59C37019403F0030C019CD7F808E0BE
:108900004FEA8C0C0F2404FA0CF42EEA040E234CCC
:10891000A04239D004F58064A04237D004F58064C9
:10892000A04235D004F58064A04233D004F58064C1
:10893000A04214BF0724042404FA0CF444EA0E04F1
:10894000BC609468F74315F4801F0CBF3C4034436F
:108950009460D46815F4001F0CBF3C403443D460CD
:10896000546815F4003F0CBF3C4034435460146815
:10897000ED0354BF3C40344314600133102B7FF4AB
:1089800051AF03B0BDE8F08F0024D5E70124D3E751
:108990000224D1E70324CFE7003C0140000002405D
:1089A0000038024000690840003818BF01207047B5
:1089B0000AB1816170470904FBE701684B6913F450
:1089C00080634FF0000210D06FF480634B6120236E
:1089D000026380F83D3080F83E20036C80F83C2034
:1089E00043F00403036401207047184670472DE9E3
:1089F000F84606460F4691461D464FEA114A33682F
:108A0000BAF1010F39D15C6927EA0404A4B2B4FABF
:108A100084F46409A14501D0002024E06A1CEFD051
:108A2000FFF79CFC089BC01AA84201D8002DE6D194
:108A3000BAF1010F336818D15B6927EA03039BB2CF
:108A4000B3FA83F35B099945D9D10023202233631C
:108A500086F83D2086F83E30326C86F83C3042F095
:108A6000200232640120BDE8F8869B69DB43C3F332
:108A7000400383F00103DBB2E5E79C69E443C4F300
:108A8000400484F00104E4B2C4E72DE9F041044657
:108A90000F46164698462568686927EA000080B2A6
:108AA000C0B16B695A0517D52B6843F400732B606E
:108AB0006FF480636B6120220023236384F83D20E0
:108AC00084F83E30236C43F004032364002384F8CD
:108AD0003C300120BDE8F081731CDDD0FFF73EFC87
:108AE000A0EB0800B04201D8002ED4D123685A6907
:108AF00027EA020292B2002ACDD00023202223636B
:108B000084F83D2084F83E30236C1343DDE770B5D4
:108B100004460D46164623685B691B0601D50020F6
:108B20001EE02046FFF749FFC8B96A1CF3D0FFF7E3
:108B300015FC801BA84201D8002DECD123685B698D
:108B400013F08003E7D12022236384F83D2084F8CA
:108B50003E30226C84F83C3042F020022264012036
:108B600070BD00002DE9FF479A46036815461A6854
:108B700042F480621A601A68DDE90C7842F480726F
:108B80001A600E463B46CDF8008000224FF00111DE
:108B90000446FFF72CFF236838B11B68DB0544BF90
:108BA0004FF400732364032021E05FFA86F906F096
:108BB000FE061E612A4943463A462046FFF765FFF6
:108BC000A0B9236803905A6903929B6903934246B4
:108BD00039462046039BFFF79AFF58B1236C042BBC
:108BE00001BF2268136843F400731360012004B0CE
:108BF000BDE8F087BAF1010F23681AD1EDB2424601
:108C00001D6139462046FFF782FF02460028E5D164
:108C100021680B6843F480730B602046CDF8008018
:108C20003B464FF00111FFF7E2FE226860B1136886
:108C3000B4E72A0A1A61394642462046FFF767FF21
:108C40000028CBD12368D9E749F001030449136117
:108C5000204643463A4604B0BDE8F047FFF715BF4B
:108C60000200010070B504460D46164623685B6994
:108C70005B0701D500201EE02046FFF79EFEC8B925
:108C80006A1CF3D0FFF76AFB801BA84201D8002DB5
:108C9000ECD123685B6913F00403E7D1202223633E
:108CA00084F83D2084F83E30226C84F83C3042F059
:108CB00020022264012070BD70B504460D461646A0
:108CC00021684B6913F0400301D0002011E04A698C
:108CD000D2060FD56FF010024A612022236384F878
:108CE0003D2084F83E30236C2364002384F83C301C
:108CF000012070BDFFF732FB801BA84201D8002D78
:108D0000DED123685B6913F04003D9D120222363AD
:108D100084F83D2084F83E30236C1343E4E70000E0
:108D200070B5044608B9012070BD90F83D3003F0DD
:108D3000FF021BB980F83C200AF0EEFD242384F8E2
:108D40003D3023681A6822F001021A601A6842F462
:108D500000421A601A6822F400421A6001F020FEF4
:108D60003F4B65689D4294BF3E4B3F4B98428CBF42
:108D700000230123002BD6D12268394E51683B4B8A
:108D8000B0FBF3F321F03F011943B542516088BFB6
:108D90004FF49676116A88BF734321F03F0184BF78
:108DA0004FF47A76B3FBF6F301330B431362D169C8
:108DB000431E2B4821F44F41854221F0FF0132D858
:108DC0006D0040F6FC70B3FBF5F30133034242D073
:108DD000C3F30B031943D161D4E90730116803438E
:108DE00021F0C0010B4313609168D4E9030321F41F
:108DF0000341034321F0FF010B439360D4E90530A5
:108E0000D168034321F0FF010B43D360136843F0A3
:108E10000103136000202023206484F83D30206388
:108E200084F83E0080E7A06850B905EB4505B3FB28
:108E3000F5F30133C3F30B037BB143F40043C9E7FC
:108E400019206843B3FBF0F30133C3F30B0323B1E1
:108E500043F44043BEE70423BCE70123BAE700BF65
:108E6000A08601007F841E00FF083D0040420F00E5
:108E70002DE9F043044685B098460C9F0D46914677
:108E8000FFF76CFA94F83D30202B064604D00225FB
:108E9000284605B0BDE8F08300905E491923012201
:108EA0002046FFF7A4FD0028F1D194F83C30012BB7
:108EB000EDD02168012384F83C300B68DA075EBFEF
:108EC0000B6843F001030B600B6823F400630B6035
:108ED000212384F83D30102384F83E30002323649E
:108EE000A4F82A80638D23854B4BE362E36AC4F8C0
:108EF0002490082B04D0012B02D013F5803F04D11D
:108F00000B6843F480730B6002E0236B122BF7D0E5
:108F1000002200963B464FF001112046FFF767FD07
:108F2000226840B11368DB0501D40125B0E74FF496
:108F300000732364F9E72369B3F5804F21D105F06D
:108F4000FE051561354933463A462046FFF79DFD3B
:108F500005460028E9D1236803905A6903929B696A
:108F60000393039B238DF3B921680A6842F40072CE
:108F70000A60202284F83D2084F83C3084F83E309A
:108F800086E7EB1103F0060343F0F0031361244975
:108F900033463A462046FFF778FD0028C5D12368BE
:108FA000EDB21D61CEE7324639462046FFF7AFFDF0
:108FB00040B1236C042BB8D12268136843F40073CA
:108FC0001360B2E7636A20681A4612F8011B016158
:108FD0006262628D013A92B26285228DD0F814C02D
:108FE000511E89B21CF0040F21850AD049B159786D
:108FF000016102336362638D013B9BB2023A638578
:109000002285324639462046FFF72CFE0028A9D09B
:10901000CFE700BF020010000000FFFF02000100C8
:10902000080001002DE9F043044689B09846109FDE
:109030000E469146FFF792F994F83D30202B0546F5
:1090400004D00226304609B0BDE8F083009099496B
:10905000192301222046FFF7CAFC0028F1D194F819
:109060003C30012BEDD02168012384F83C300B68A3
:10907000DB075EBF0B6843F001030B600B6823F452
:1090800000630B60222384F83D30102384F83E30C7
:1090900000232364A4F82A80638D2385864BE36232
:1090A000E36A0A68C4F8249042F48062082B0A60DC
:1090B00004D0012B02D013F5803F04D10B6843F498
:1090C00080730B6002E0236B112BF7D03B460095B9
:1090D00000224FF001112046FFF789FC236838B1C8
:1090E0001B68DD0544BF4FF4007323640126A9E724
:1090F0002269B2F5804F25D146F00106F6B21E6115
:109100006E492B463A462046FFF7BFFC064600282C
:10911000ECD1238D2168002B49D103904B69039337
:109120008B690393039B0B6843F400730B60238DDF
:10913000002B64D1202284F83D2084F83C3084F850
:109140003E307FE74FEAE61808F0060848F0F002E4
:109150001A615B492B463A462046FFF796FC0028E9
:10916000C4D123685549F6B21E613A462B462046C3
:10917000FFF78BFC02460028B8D123680790596995
:109180000791996907910799196841F480711960ED
:10919000204600953B464FF00111FFF728FC22685E
:1091A00008B113689DE748F0F1031361A8E7012BAC
:1091B0000AD10B6823F480630B6004904B6904931D
:1091C0008B690493049BAEE7022B0B680DD123F44B
:1091D00080630B600B6843F400630B6005904B6980
:1091E00005938B690593059BA1E743F480630B60AE
:1091F00006904B6906938B690693069B97E7032BB2
:1092000062D8012B16D12A4639462046FFF754FD75
:1092100000287FF46BAF23681A69636A1A70636A67
:1092200001336362238D013B2385638D013B9BB238
:1092300063857CE7022B234900953B464FF00002F3
:1092400020461AD1FFF7D3FB00287FF44FAF2368E5
:109250001A6842F400721A601A69636A1A70626AC4
:10926000531C6362238D013B2385638D013B9BB2BD
:10927000638523681B695370D1E7FFF7B8FB02468B
:1092800000287FF433AF2368196821F480611960E6
:109290001969636A1970636A0A4901336362238D2D
:1092A000013B2385638D013B9BB26385204600957E
:1092B0003B46C7E7020010000000FFFF020001006C
:1092C00008000100040001002A4639462046FFF745
:1092D000F3FC00287FF40AAF23681A69636A1A70E6
:1092E000628D616A013A92B24B1C628522686362A8
:1092F000238D5069013B9BB2400723857FF517AF53
:10930000032B02BF136823F48063136013694B704F
:1093100085E700BFF7B50F4611460022019290F88D
:109320003D20202A044602D0022003B0F0BD454A69
:10933000106846F2A812B0FBF2F0192250430190D7
:10934000019A013A0192019A52B92023226384F8CA
:109350003D3084F83E20236C43F020032364E3E790
:109360002568AA699007EBD494F83C20012ADBD049
:10937000012284F83C202A68D2075EBF2A6842F0A6
:1093800001022A602A6822F400622A60212284F8FD
:109390003D200026102284F83E2026646385638DDC
:1093A000294AE2629BB2616223856764002B3AD04E
:1093B000606BA8B1254AC263254AC264C0E9106641
:1093C0008664066505F11002FFF7DCF8B0B12023D2
:1093D00084F83D3084F83E60236C43F0100307E0CE
:1093E000202384F83D3084F83E00236C43F0800352
:1093F0002364002384F83C30012096E7236884F836
:109400003C005A6842F440725A605A6842F4006262
:109410005A601A6842F480621A601A6842F48072D4
:109420001A60002081E72A6842F480622A602A6874
:1094300042F480722A6084F83C306B6843F4E06345
:109440006B60EEE7DC0000200000FFFF539901088D
:109450000F99010873B504460020019094F83D006F
:10946000202802D0022002B070BD454846F2A8155F
:109470000068B0FBF5F019256843019001980138A8
:109480000190019850B92023206384F83D3084F87E
:109490003E00236C43F020032364E3E72568A869BA
:1094A0008607EBD494F83C000128DBD0012084F837
:1094B0003C002868C0075EBF286840F001002860B3
:1094C000286820F400602860222084F83D000026EF
:1094D000102084F83E0026646385638D2948E0628D
:1094E0009BB2626223856164002B3AD0A06BA8B165
:1094F0002549C1632549C164C0E9106686640665D3
:1095000005F11001FFF73EF8B0B1202384F83D309B
:1095100084F83E60236C43F0100307E0202384F8B6
:109520003D3084F83E00236C43F080032364002325
:1095300084F83C30012096E723681A6842F4806280
:109540001A601A6842F480721A6084F83C005A6803
:1095500042F440725A605A6842F400625A60002035
:1095600081E784F83C306B6843F4E0636B602B6800
:1095700043F480632B602B6843F480732B60EEE729
:10958000DC0000200000FFFF539901080F9901083B
:109590002DE9F043044687B09946109F0D4690464A
:1095A000FEF7DCFE94F83D30202B064604D0022561
:1095B000284607B0BDE8F0830090794919230122BD
:1095C0002046FFF714FA0028F1D194F83C30012B23
:1095D000EDD02068012384F83C300368DB075EBFD0
:1095E000036843F001030360036823F4006303602E
:1095F000222384F83D30402384F83E300023236446
:109600000E9B6362BDF83C306385638D2385654B9B
:10961000E3622946CDE900764B4642462046FFF7F5
:10962000A1FA054608B10125C2E7228D2368A2B937
:1096300002905A6902929A690292029A1A6842F456
:1096400000721A60238D002B2CD1202284F83D203B
:1096500084F83C3084F83E30AAE7012A0AD11A681F
:1096600022F480621A6003905A6903929A69039205
:10967000039AE3E7022A0ED11A6822F480621A6084
:109680001A6842F400621A6004905A6904929B6955
:109690000493049BD6E705905A6905929B6905934C
:1096A000059BCFE7032B56D8012B15D132463946FF
:1096B0002046FFF701FB0028B5D123681A69636AC9
:1096C0001A70636A01336362238D013B2385638DC6
:1096D000013B9BB26385B5E7022B334900963B46BD
:1096E0004FF00002204619D1FFF781F900289AD1E6
:1096F00023681A6842F400721A601A69636A1A7061
:10970000626A531C6362238D013B2385638D013B99
:109710009BB2638523681B695370D2E7FFF767F933
:10972000024600287FF47FAF2368196821F4806126
:1097300019601969636A1970636A1B4901336362AE
:10974000238D013B2385638D013B9BB263852046BE
:1097500000963B46C8E7324639462046FFF7ACFA4A
:1097600000287FF460AF23681A69636A1A70628DFB
:10977000616A013A92B24B1C628522686362238D52
:109780005069013B9BB2400723857FF55BAF032BFC
:1097900002BF136823F48063136013694B7090E772
:1097A000020010000000FFFF040001002DE9FF4748
:1097B00004461F4689469246FEF7D0FD94F83D3098
:1097C000202B054603D0022004B0BDE8F0870090AE
:1097D0004A49192301222046FFF709F90028F2D14E
:1097E00094F83C30012BEED0012384F83C30236800
:1097F0001A68D2075EBF1A6842F001021A601A683E
:1098000022F400621A60242384F83D3000263C4B89
:10981000266409F0FE09E3622268136843F480734A
:1098200013604FF001113B46009500222046FFF7E0
:10983000DEF8236838B11B68DB0544BF4FF40073C2
:1098400023640320C0E7C3F81090FEF787FD226869
:10985000536952690546C3F34003C2F380224FF0B7
:10986000A00894F83D10A02901D013431DD0206812
:109870004FF0200884F83D80436913F0020F03681D
:1098800043F40073036025D00023039343690393DB
:1098900083690393039B19490095192301222046EC
:1098A000FFF7A5F888B101208EE7FEF757FD401BB2
:1098B000B84200D80FB984F83D80226853695269D4
:1098C000C3F34003C2F38022CBE784F83D8084F8E1
:1098D0003C0079E76FF480634361084900951923E0
:1098E00001222046FFF783F80028DCD101365645D7
:1098F00092D384F83D8084F83C00D4E70200100045
:109900000000FFFF7047704770477047704710B501
:10991000846B636B0BB10022DA63A36B0BB1002283
:10992000DA63FEF777FF022812D02268136823F467
:109930008063136000232022638584F83D2084F82F
:109940003E30236C43F0100323642046FFF7DEFF14
:1099500010BD70B5846B236894F83D1094F83E00F8
:10996000E26A5D6825F440755D60656BC9B2C0B29E
:109970000DB10026EE63A56B0DB10026EE6301F07C
:109980002105212D05D001F02205222D23D12028EB
:1099900021D15A6822F400625A6029294FF000034D
:1099A00063850DD121232363282384F83D3020468D
:1099B000FFF7A9FF2268536843F44073536070BDFA
:1099C0002A29F7D122232363282384F83D30204617
:1099D000FFF79AFFEEE794F83E100029EFD0618D73
:1099E00089B2012902BF196821F4806119605968A0
:1099F00012F5803F21F44071596006D0082A04D046
:109A0000B2F12A4F01D0202A03D1196841F4007124
:109A10001960596821F480515960596821F4006136
:109A2000596000236385236C1BB12046FFF76EFF4E
:109A3000C5E7202184F83D1094F83E1084F83E30AC
:109A4000402904D123632046FFF75FFFB7E7082AC8
:109A500001D0202A05D1002323632046FFF752FFBF
:109A6000ADE71223F8E7F7B5044610B390F8953444
:109A7000056803F0FF021BB980F894240AF038FD52
:109A80000323B5F1A04F84F8953404BF0023A371DC
:109A9000206804F07DF9237C8DF80030251D95E8C1
:109AA0000E00206804F0BAF8014630B1022384F8B1
:109AB00095340125284603B0F0BD206804F06EF906
:109AC0000028F3D1267904F1140301270246C1B21C
:109AD0008E4203F124031BD8002104F515730A46B6
:109AE000C8B2864203F1240320D8237C8DF80030CD
:109AF00095E80E00206804F0CDF905460028D5D180
:109B000001236074206884F8953404F0F8FCD1E7F0
:109B100023F80A0C43E9072203F8237C03F8241CEA
:109B200003F8202C43F8142C0130D0E743E9072236
:109B300003F8232C03F8240C03F8202C43F8142CEE
:109B40000131CDE710B50446006894F89434012B38
:109B500015D0012384F89434C3685B0606D5637B73
:109B6000012B02BF836B43F48033836304F00AF953
:109B7000206804F0B6FC002084F8940410BD022094
:109B8000FCE710B590F89424012A04460AD001227B
:109B900080F894244174006804F093FC002084F859
:109BA000940410BD0220FCE770B50546242401F0A2
:109BB0000F0011F0800F00FB04F414BF04F1140136
:109BC00004F5157105EB040615BF4919491901245F
:109BD000002414BF747586F85542C2F30A028A60E5
:109BE0004A7808700B7102B14883022B04BF00232E
:109BF0004B7195F89434012B09D00123286885F81E
:109C0000943404F00CFA002085F8940470BD02200E
:109C1000FCE701F00F02242311F0800F02FB03F395
:109C200010B514BF03F1140103F51571044618BFF4
:109C3000091918440BBF091901230023437508BFF4
:109C400080F855320A7094F89434012B09D001231E
:109C5000206884F8943404F021FA002084F89404F5
:109C600010BD0220FCE738B51546242401F00F0290
:109C7000544304F515710444C4E99853002384F84F
:109C8000553284F85422C4F868328279012A01449A
:109C900008BFC4F87052006804F0ACFA002038BD68
:109CA00001F00F01242303FB0100D0F86802704784
:109CB00038B51546242401F00F02544304F1140171
:109CC0000444C4E908530023A36201236375227589
:109CD00082799A42014408BF2563006804F08AFA39
:109CE000002038BD38B5037901F00F05AB420446BA
:109CF0002BD311F0800F4FF024031DD06B4303F1E1
:109D000014010344012201445A7501238B700D7024
:109D100094F894249A421AD0206884F8943404F079
:109D20007CFB2DB9A179206804F29C4204F036FC3A
:109D3000002084F8940438BD4B4303F515710344A7
:109D40000022014483F85522DFE70120F3E70220D7
:109D5000F1E738B5037901F00F029342044625D3A9
:109D6000242311F0800F02FB03F314BF03F114014D
:109D700003F51571184415BF0919091901230023AA
:109D80004FF0000514BF437580F855328D700A708E
:109D900094F89434012B0BD00123206884F8943478
:109DA00004F066FB84F89454284638BD0120FCE793
:109DB0000220FAE701F00F03242253430A064CBFA6
:109DC00003F1140103F515710144006804F0BCB9F6
:109DD0002DE9F04F066889B00446304604F0CBFB0D
:109DE0000390002840F05481206804F096FB00287E
:109DF00000F04E81D6F808382068C3F30D23C4F86C
:109E0000D43404F08AFB2368870742BF5A6902F002
:109E100002025A61184604F080FBC00606F5006590
:109E20002DD52268936923F010039361D6F8208022
:109E300008F4F013B3F5802F08F00F0740F02B81E2
:109E400047F6F07318EA030F14D0242303FB0747E7
:109E5000C8F30A19D7F860124A46304604F0BCFA33
:109E6000D7F860324B44C7F86032D7F868324B44B9
:109E7000C7F868322268936943F010039361206841
:109E800004F04BFB010300F11981206804F045FB4D
:109E900042030CD5206804F04CFB2746049006F5DD
:109EA000106B4FF0000A049B002B40F0D18120681A
:109EB00004F033FB002813DA6B6823F001036B60B6
:109EC00094F8CC34012B40F06B82002184F8CC1440
:109ED000204600F0E8FA2268536903F0004353611A
:109EE000206804F01AFB07050AD5AB68D80702D52D
:109EF00020460AF06DFB2268536903F40063536146
:109F0000206804F00AFBC10433D56B68206823F095
:109F100001036B60102103F071FF207906F51063D7
:109F20004FF67F31039A904200F23E82EB6943F094
:109F30000113EB61E37B002B00F05282D5F88430F3
:109F400043F00B03C5F884306B6C43F00B036B6478
:109F5000D6F80038206823F4FE63C6F8003804F20F
:109F60009C42A17904F01AFB2268536903F48053E0
:109F70005361206804F0D1FA820416D5206804F0F9
:109F8000FEFA206804F040F8E071276800F002FD56
:109F9000E2790146384603F085FE20460AF005FBCB
:109FA0002268536903F400535361206804F0B5FA42
:109FB000030707D520460AF0F4FA2268536903F034
:109FC00008035361206804F0A8FA070600F1138221
:109FD000206804F0A2FAC0020CD5A04606F512696A
:109FE00001272379BB4200F21F822268536903F4E0
:109FF00080135361206804F090FA81022BD594F805
:10A0000004E0234606F532614FF0010CE6451DD908
:10A0100093F87C720868012F40F01C82002880F2BF
:10A020001982D4F8D42482EA1040C20700F11282C7
:10A0300083F87B72B06940F08000B06170690006FF
:10A0400000F108826B6843F400736B602268536907
:10A0500003F400135361206804F05FFA410007D550
:10A0600020460AF0D9FA2268536903F0804353610D
:10A07000206804F052FA42070AD523685D686B072E
:10A0800002D520460AF0CCFA226853682B4353606D
:10A0900009B0BDE8F08FB3F5402F7FF4EBAE082296
:10A0A00004F29C41304604F097F9242303FB074750
:10A0B000C8F30A18D7F868324344D9E6206804F098
:10A0C00030FA06F530680490A2460027049B002B66
:10A0D0003FF4DBAE049BDB0779D55FFA87FB206892
:10A0E000594604F02EFA10F0010F81461FD0206867
:10A0F0000123C8F8083094F806C0016C00F53063FD
:10A1000003EB4713BCF1010F9A6840F08B8012F00B
:10A11000080F07D0B048814209D9120407D54FF47F
:10A12000004203E012F0200F5AD020229A6019F06A
:10A13000080F21D00823C8F808302368A6491A6CF4
:10A1400003F5306303EB47138A42986804D901048E
:10A1500044BF4FF400409860204605920AF00AFA86
:10A16000059A9D498A4207D9A179012904D120681D
:10A1700004F29C4204F012FA19F0100F1CBF1023D5
:10A18000C8F8083019F0020F14D073691A0642BFDC
:10A190006B6843F480636B609AF85732012B06D1E9
:10A1A00000238AF85732594620460AF02DFA022336
:10A1B000C8F8083019F0200F1CBF2023C8F8083059
:10A1C00019F4005F1CBF4FF40053C8F80830049B1B
:10A1D0005B080137049308F120080AF1240A75E7A7
:10A1E000DFF8F4C1614501D9120498D41A69DAF88C
:10A1F0007432C2F312029B1ACAF868326FB9D4F8EB
:10A2000064222AB904F29C42012104F0C7F904E057
:10A21000D4F860221A44C4F86022594620460AF055
:10A22000AFF984E7DFF8B4C1614507D111043FF508
:10A2300076AF9006F1D520229A60EEE7002FECD1A0
:10A24000D4F86432002BE8D104F29C423946DCE7B2
:10A25000049BDB0740F19B805FFA8AF32068079339
:10A26000194604F077F910F0010F804620D06B6B8F
:10A2700001210AF00F0201FA02F223EA02036B63E2
:10A28000CBF80810A17901290DD1D7E90723134490
:10A290003B62BAF1000F06D1636A23B9206804F269
:10A2A0009C4204F07BF95FFA8AF120460AF071F9CA
:10A2B00018F0080F1CBF0823CBF8083018F0100F57
:10A2C0001CBF1023CBF8083018F0400F1CBF4023F0
:10A2D000CBF8083018F0020F10D05146304603F08A
:10A2E0008DFDFB7D012B06D10023FB755FFA8AF102
:10A2F00020460AF08DF90223CBF8083018F0800FC1
:10A3000045D0D7E909329A4241D8A3EB0208FB694C
:10A3100021680591984528BF984601F5106308F11A
:10A32000030803EB4A134FEA98080693069B9969C2
:10A3300089B24145D7E9093227D393420BD8059B0F
:10A340000AF00F00D3F834280121814022EA0102EB
:10A35000C3F834281BE0A3EB0209FB69079A0598B0
:10A36000994528BF9946A3790093396A1FFA89F362
:10A3700003F02CFF3B6A4B443B62BB6A09F10308C4
:10A380004B444FEA9808BB62D0E79342D7D9049B6D
:10A390005B080AF1010A049324370BF1200B82E5D4
:10A3A00020460AF02DF996E599601A6822F4001209
:10A3B0001A60C3F80812D3F8002222F40012C3F87E
:10A3C0000022D3F8002242F00062C3F80022039A70
:10A3D000013203922033A5E50A30544F0A31544F1D
:10A3E0006B6943F4005343F02B036B612B6943F01B
:10A3F0000B032B61ACE5B36923F08003B361012744
:10A4000004F257284FF024092379BB427FF6E0ADD0
:10A4100009FB07F318F80330012B03D1F9B22046EA
:10A42000FFF7C8FC0137EFE798F83C30D9F8002077
:10A43000012B09D1002A07DA67F07F0188F83B3049
:10A44000C9B22046FFF7B6FC013708F1240809F12C
:10A450002009C6E50CF1010C24332031D6E500BFFC
:10A46000006870B5436A120419B91343836200206F
:10A4700070BD846A4E1E03EB14430024A64205D827
:10A480003F3100EB810013434360F0E704F14005E6
:10A4900000EB850501346D6803EB1543EEE70368B7
:10A4A00000205962704770472DE9F341044640B3DC
:10A4B0000368DE0710D423689D075BD4236819075F
:10A4C00000F19D8023685A0700F1BD80A369002B2D
:10A4D00040F0248100202CE08D4B9A6802F00C02A1
:10A4E000042A07D09A6802F00C02082A0BD15B6894
:10A4F000590208D5864B1B689A03DCD56368002B8C
:10A50000D9D1012015E06368814DB3F5803F13D1A7
:10A510002B6843F480332B60FDF720FF7C4E05460B
:10A5200033689B03C7D4FDF719FF401B6428F7D994
:10A53000032002B0BDE8F081B3F5A02F04D12B6851
:10A5400043F480232B60E3E72A6822F480322A60F8
:10A550002A6822F480222A60002BDDD1FDF7FEFE5E
:10A5600006462B689F03A6D5FDF7F8FE801B6428DE
:10A57000F7D9DDE7664B9A6812F00C0F07D09A689E
:10A5800002F00C02082A11D15B685D020ED4604A09
:10A590001368990702D5E368012BB2D113682169CA
:10A5A00023F0F80343EAC103136087E7E268594BDD
:10A5B000B2B101221A60FDF7D1FE554D06462B6857
:10A5C0009B0707D52B68226923F0F80343EAC203EF
:10A5D0002B6073E7FDF7C2FE801B0228EFD9A7E7C7
:10A5E0001A60FDF7BBFE4A4E054633689F077FF5AC
:10A5F00065AFFDF7B3FE401B0228F6D998E7626904
:10A60000444B82B10122C3F8802EFDF7A7FE404ED5
:10A610000546736F9B073FF555AFFDF79FFE401B47
:10A620000228F6D984E7C3F8802EFDF797FE384E4E
:10A630000546736F9F077FF545AFFDF78FFE401B03
:10A640000228F6D974E7324B1A6C12F0805228D1E6
:10A6500001921A6C42F080521A641B6C03F0805312
:10A660000193019B01272C4D2B68D8051BD5A368AE
:10A67000274D012B27D12B6F43F001032B67FDF7EB
:10A680006DFE234E054641F28838336F9A0739D55F
:10A69000002F3FF41BAF1E4A136C23F0805313644A
:10A6A00014E70027DFE72B6843F480732B60FDF786
:10A6B00055FE06462B68D905D9D4FDF74FFE801B01
:10A6C0000228F7D934E7052B04D12B6F43F004039C
:10A6D0002B67D0E72A6F22F001022A672A6F22F047
:10A6E00004022A67002BCAD1FDF738FE41F28838F0
:10A6F00006462B6F9B07CBD5FDF730FE801B4045F0
:10A70000F7D915E7FDF72AFE401B4045BDD90FE7F5
:10A71000003802400000474200700040374DAA68F0
:10A7200002F00C02082A3ED0022B354B4FF00002FB
:10A730001A662BD1FDF712FE06462B6899011FD42D
:10A74000D4E907321343626A43EA8213E26A43EAB6
:10A750000263A26A5208013A43EA02436B60284B43
:10A76000264D01221A66FDF7F9FD04462B689A0171
:10A770003FF5B0AEFDF7F2FD001B0228F6D9D7E693
:10A78000FDF7ECFD801B0228D7D9D1E6FDF7E6FDE9
:10A7900004462B689B017FF59DAEFDF7DFFD001B96
:10A7A0000228F6D9C4E6012B3FF4ABAE6B68E26930
:10A7B00003F4800191427FF4A4AE216A03F03F02CA
:10A7C0008A427FF49EAE616A47F6C0721A40B2EBCD
:10A7D000811F7FF496AEA26A520803F44031013A19
:10A7E000B1EB024F7FF48DAEE26A03F07063B3EB1E
:10A7F000026F14BF012000209BE600BF003802401A
:10A8000000004742134908B58B6803F00C03042B82
:10A810001CD0082B1CD14A684B68496813F480038C
:10A8200014BF0D480D48C1F3881118BF002302F072
:10A830003F02A1FB0001E6F71FFA064B5B68C3F37A
:10A84000014301335B00B0FBF3F008BD0248FCE7B5
:10A850000248FAE70038024040787D010024F40005
:10A860002DE9F0410D46044610B90120BDE8F08104
:10A87000434B1A6802F007028A4228D321688F07E7
:10A880002DD4C80740D43E4B1A6802F00702AA42F2
:10A8900065D8226851076BD4130707D5394A216957
:10A8A000936823F4604343EAC1039360FFF7AAFF70
:10A8B000344B354A9B68C3F30313D35CD840334B06
:10A8C0001860334B1868FDF7FFFC0020CEE7CAB2D2
:10A8D0001A701B6803F007038B42C6D1CEE7294BE1
:10A8E00011F0040F1EBF9A6842F4E0529A600E07FE
:10A8F00042BF9A6842F460429A609A68A06822F067
:10A90000F00202439A60BCE762681E4B012A1CD128
:10A910001B6813F4003FA8D01A4EB36823F003035A
:10A920001343B360FDF71AFD41F288380746B36858
:10A93000626803F00C03B3EB820FA4D0FDF70EFDA9
:10A94000C01B4045F3D9032090E7911E01291B68E5
:10A9500002D813F0007FDEE713F0020FDBE7EAB264
:10A960001A701B6803F00703AB427FF47EAF90E7D9
:10A970000449E0688B6823F4E05303438B608BE762
:10A98000003C0240003802403C260308DC00002066
:10A9900048000020014B1868704700BFDC00002011
:10A9A000044B054A9B68C3F38223D35C034A1068B7
:10A9B000D84070470038024034260308DC000020ED
:10A9C000044B054A9B68C3F34233D35C034A1068C7
:10A9D000D84070470038024034260308DC000020CD
:10A9E000036813F0050FF7B5044638D123689A07BA
:10A9F00030D500230193474B474D1A6C42F08052EB
:10AA00001A641B6C03F080530193019B2B6843F481
:10AA100080732B60FDF7A2FC06462B68D80549D54C
:10AA20003C4D2B6F13F440734AD1236903F44072F9
:10AA3000B2F5407F374A64D1916823F0704021F429
:10AA4000F81120F4407001439160116FC3F30B03C0
:10AA50000B43136723681B0757D4002028E02F4BB4
:10AA60002C4E00229A66FDF779FC054633681B01DF
:10AA700018D4D4E902231B0743EA82136268134304
:10AA8000C6F88430254B234E01229A66FDF766FCFA
:10AA9000054633681F01A9D4FDF760FC401B02285E
:10AAA000F7D904E0FDF75AFC401B0228DED9032049
:10AAB00003B0F0BDFDF752FC801B0228ADD9F6E7CC
:10AAC000226902F440729342AFD02B6F134A0121E6
:10AAD000C2F8401E23F440730021C2F8401E2B67C9
:10AAE0002B6FD907A1D5FDF739FC41F2883706460F
:10AAF0002B6F9A0799D4FDF731FC801BB842F7D928
:10AB0000D5E7916821F4F8119EE7054B227DC3F843
:10AB1000E021A2E7003802400070004000004742F8
:10AB20000010474270B5424CFDF718FC236843F013
:10AB30000103054623602368980759D5236843F02D
:10AB400080032360FDF70AFC0023A360384C054610
:10AB500041F28836A36813F00C0F50D1FDF7FEFBCD
:10AB6000236823F450232360314C0546236899035E
:10AB70004BD4FDF7F3FB236823F0807323602C4C48
:10AB8000054623689A0146D4FDF7E8FB236823F0C5
:10AB900080632360264C054623681B0141D4254B66
:10ABA000636003F1E053C4F88430E368224A23F47D
:10ABB000F853E360E36823F40053E360E36843F48D
:10ABC0001F03E360E36843F40013E360636F23F063
:10ABD00001036367636F43F080736367174B1A6009
:10ABE000174B1868FDF770FB003818BF012005E00F
:10ABF000FDF7B4FB401B02289DD9032070BDFDF773
:10AC0000ADFB401BB042A5D9F7E7FDF7A7FB401B02
:10AC10006428ABD9F1E7FDF7A1FB401B0228B0D9AE
:10AC2000EBE7FDF79BFB401B0228B5D9E5E700BF2A
:10AC300000380240103000040024F400DC00002042
:10AC400048000020836B1A68D36B43F48073D3638E
:10AC5000704700002DE9F043154687B004461F46B3
:10AC60000A4641B9836B43F00063A3630126304673
:10AC700007B0BDE8F08390F83430012B5FFA83F819
:10AC80006FD100218163C06DEB19834203D9A36B9F
:10AC900043F00073E9E72668206C032384F834301E
:10ACA000F162F36B43F44A7343F00203F3632E4BF8
:10ACB000C3632E4B8160C0E9133101680B684FEA12
:10ACC000472923F0C0030B604FEA990306F1800186
:10ACD000FDF758FC2368064660B1DA6B22F49572E2
:10ACE000DA63234A9A63A36B43F08043A36384F837
:10ACF0003480BBE71F4AC2F88C85626C012A4FF092
:10AD0000FF32CDE900294FF090014FF00202CDE96A
:10AD100002124FF000004FF00102CDE90402694633
:10AD2000184618BF6D0202F07AFC012F206812D974
:10AD300082232363294602F06DFD002897D0236803
:10AD40000B4A9A63A36B0343A363012384F8343053
:10AD5000002323638AE781232363294602F041FD10
:10AD6000EBE7022683E700BF93AE0108C1B20108FA
:10AD7000FF054000008025422DE9F0410F4686B0D6
:10AD8000044611461E4647B9836B43F00063A36334
:10AD90000127384606B0BDE8F08190F83430012B29
:10ADA0006CD100228263C06D8B19834203D9A36BDF
:10ADB00043F00073EBE72068314D032384F834300F
:10ADC000C262C36B43F4067343F00203C363E36BD5
:10ADD000DD632C4DC3E91352636C012B18BF49028C
:10ADE000012E11D9A023236302F046FD22680546F7
:10ADF00078B1254B9363A36B0343A363012384F8CA
:10AE0000343000232363C3E79023236302F01BFD48
:10AE1000ECE7E06B1D4B01684FF00108C3F88C852F
:10AE2000402383600B6823F0C00343F040037602A5
:10AE30000B6080323946B308FDF7A4FB0746206853
:10AE40007FB1C36B23F4067323F00203C3630E4B7D
:10AE50008363A36B43F08043A36384F8348025634A
:10AE600096E74FF0FF33CDE9003669469023CDE9F0
:10AE70000235CDE9045802F0D2FB8AE7022788E7C1
:10AE800045AC0108C1B20108FF0540000080254221
:10AE9000704710B5846B236B822B09D1206802F0B8
:10AEA00005FD28B1A36B0343A3632046FFF7F0FF22
:10AEB0002368DA6A22F00802DA6240F23A529A63B0
:10AEC000012384F8343000232363204608F0D9FBA3
:10AED00010BD0000426E0346900F30B50870C2F3FB
:10AEE00083604870C2F301608870C2F30740C87085
:10AEF000C2F30720D2B208714A719A6E100DC88051
:10AF0000C2F303400872C2F3C0304872C2F380300B
:10AF10008872C2F34030C872C2F300300873002058
:10AF20004873586C00286AD1D86E40F6FC7404EA65
:10AF3000820242EA90720A61C0F3C2620A75C0F3EB
:10AF400002624A75C0F342528A75C0F38242CA75E2
:10AF5000C0F3C2320A760C690A7E02F0070202329E
:10AF6000013494405C650D7A012205F00F05AA407A
:10AF70009A65520A6243DA654FF400721A66C0F3AA
:10AF800080324A76C0F3C61200F07F008A76C87617
:10AF90001B6FDA0F0A77C3F341724A77C3F38262F9
:10AFA0008A77C3F38352CA77C3F3405281F82020D3
:10AFB0000020C3F3004281F8210081F82220C3F36E
:10AFC000C03281F82320C3F3803281F82420C3F3F8
:10AFD000403281F82520C3F3003281F82620C3F3E4
:10AFE000812281F82720C3F30122C3F3460381F8AD
:10AFF000282081F82930012381F82A301BE001281C
:10B000000FD1D86E120402F47C1242EA10420A6197
:10B010000A69013292025A65DA654FF400729A6544
:10B02000AAE71A68044991639A6B012042F08052A2
:10B030009A6383F8340030BDFF054000F0B5002569
:10B0400099B0CDE9095576230B950C930AAB0446CC
:10B0500093E807008DE80700CDE90755744F206895
:10B0600007AB0ECB02F09BFA0126C7F8A050206870
:10B0700002F0B9FA0220C7F8A060FDF775F9206860
:10B08000069502F0DFFA054690B9206802F086FDC9
:10B0900030B12068A56402F0D5FA98B1054607E002
:10B0A000A6642068002102F034FC70B14FF0805596
:10B0B000012384F83430A36B2B43A3630125284676
:10B0C00019B0F0BDA36C012BEBD000214FF6FE763A
:10B0D00014E0206802F01DFC05460028E8D155491F
:10B0E000206802F0BDFC0028E0D12946206802F06B
:10B0F00093FA069B01330546C10F0693069BB342A4
:10B1000001D80029E5D0069BB34211D8C5F380755C
:10B11000012320686564ADF8163002F068FA50B972
:10B120004FF08061012384F83430A36B0B43C4E7F4
:10B130004FF08075BCE7636C032B44D0206802F0AD
:10B1400041FC01460028EDD1206802F065FA042197
:10B150006067206802F060FA0821A067206802F0AA
:10B160005BFA0C21E067206802F056FA636CC4F8C1
:10B170008000032B206826D00DF1160102F0CAFCD6
:10B1800001460028CED1636C2068032B1BD0BDF88C
:10B1900016102165090402F02BFC01460028C1D1DC
:10B1A000206802F039FA04216066206802F034FA5F
:10B1B0000821A066206802F02FFA0C21E0662068C2
:10B1C00002F02AFA20670421206802F025FA000D17
:10B1D000E0640DA92046FFF77DFE054628BB226DE1
:10B1E00003461204206802F07BFB0146002899D137
:10B1F00004F1100393E807008DE80700231D0ECB30
:10B20000206802F0CCF920684FF4007102F0D0FA07
:10B2100000283FF454AF2368074A9A63A36B0343A3
:10B22000A363012384F8343048E74FF0805179E775
:10B2300000802542000010C1FF05400010B5044603
:10B2400008B9012010BD90F8343003F0FF0213B9A3
:10B25000027708F00BFD032384F834302046FFF713
:10B26000EDFE0028EDD10123A063206384F8343083
:10B27000E8E7436C0B60836C4B60C36C8B60036DC1
:10B28000CB60436D0B61836D4B61C36D8B61036E4E
:10B29000CB6100207047016D10B5090404460068B9
:10B2A00002F050FB014628B9206802F0B5F9C0F35E
:10B2B000432010BDA36B0343A3630020F7E7000006
:10B2C00010B5846BFDF7A6FA022826D0236C5A6DC0
:10B2D000E36B012A5B6D01D0012B1BD123680F4A60
:10B2E0009A63DA6B22F49D72DA63A36B43F08043B6
:10B2F000A3632046FFF7CFFF0538012805D8206853
:10B3000002F0D4FAA36B0343A363012384F834301F
:10B31000002323632046FFF7BBFD10BDFF0540005F
:10B3200010B5846B236840F23A529A632046FFF7C7
:10B33000B2FF0123053884F8343001284FF00003B0
:10B34000236305D8206802F0B1FAA36B0343A3631B
:10B35000A36B204613B908F08CF910BDFFF798FDD8
:10B36000FBE700002DE9F341056B04460068436BE1
:10B370001A041FD52B071DD5E76AC7B1A66A351D6C
:10B3800006F12408206802F026F9030A05F8040CE7
:10B3900005F8033C030C000E05F8023C05F8010C0F
:10B3A00004354545EED12036203FA662E76202B063
:10B3B000BDE8F081436BDF0545D54FF480738363AF
:10B3C000C36B23F4434323F03A03C363C36A2E07DA
:10B3D00023F00103C3621BD515F0220F08D002F041
:10B3E00065FA28B1A36B0343A3632046FFF750FD22
:10B3F000236840F23A529A63012384F83430A90753
:10B400004FF00003236320461AD008F03AF9CEE744
:10B410002A06CCD5AB0608D502F048FA28B1A36BB2
:10B420000343A3632046FFF733FDAF07BFD1226874
:10B43000D36A23F00803D362012384F83430204612
:10B4400008F01BF9B3E7436B5E0426D5290724D522
:10B45000676A002FABD0266A351D06F1240815F85F
:10B46000043C019315F8032C206843EA022301935E
:10B4700015F8022C43EA0243019315F8012C01A9A7
:10B4800043EA02630435019302F0A8F84545E6D18A
:10B490002036203F2662676289E7426B40F23A23FA
:10B4A0001A4284D0436B9A0742BFA36B43F0020356
:10B4B000A363436B1B0742BFA36B43F00803A36363
:10B4C000436B9F0642BFA36B43F02003A363436B10
:10B4D000DE0642BFA36B43F01003A363436B9905E1
:10B4E00042BFA36B43F00803A36340F23A73836344
:10B4F000C36B23F44E7323F00203C36302F0D6F947
:10B50000A36B2A0743EA0003A36308D5012384F849
:10B510003430002323632046FFF7BAFC47E72B06AD
:10B520007FF545AF15F0300F0DD0E06B114B036583
:10B53000FDF79FF800283FF43AAFE06B02B0BDE89A
:10B54000F041FFF7EDBE15F0030509D0206C0A4B62
:10B550000365FDF78EF800283FF429AF206CEDE776
:10B560000123A563204684F83430256308F081F870
:10B570001DE700BF21B301087DB50108FFF7D0BE6C
:10B5800082B000230093134B45F6C0521B68B3FBF7
:10B59000F2F36422534301930368019A9AB9426D0E
:10B5A00042F0400242651A6822F040021A605A686E
:10B5B00022F0E0025A60DB680093009B072380F8CA
:10B5C000513002B07047019A013A01929A6892078D
:10B5D000E3D5E8E7DC00002003685A6822F0800227
:10B5E0005A601A6822F040021A60072380F851302E
:10B5F000704700002DE9F3471F46894690460446F0
:10B60000FCF7ACFE0A9D3D442D1AFCF7A7FE264B25
:10B610001E68C6F3CB366E43824601962268936855
:10B6200039EA03030CBF01230023434501D1002065
:10B630002EE07B1CF3D0FCF791FEA0EB0A00A842A1
:10B6400029D323685A6822F0E0025A606268B2F592
:10B65000827F0AD1A268B2F5004F02D0B2F5806FA6
:10B6600003D11A6822F040021A60A26AB2F5005FA4
:10B6700007D11A6822F400521A601A6842F4005284
:10B680001A60012384F85130002384F850300320DD
:10B6900002B0BDE8F087019B1BB1019B013B019308
:10B6A000BCE71D46BAE700BFDC000020F0B585B05E
:10B6B0000B4600920E461746022101220446FFF770
:10B6C00099FF054628B1636D43F0200363650325A8
:10B6D00015E0124B1868124BB0FBF3F04FF47A737D
:10B6E000584363680390B3F5827F0BD100973346CC
:10B6F0002A4680212046FFF77DFF0028E3D1284617
:10B7000005B0F0BD039B002BF9D0039B013B0393D5
:10B7100023689B681B06F5D4F1E700BFDC0000201E
:10B7200000366E0137B50B464168B1F5827F04469D
:10B7300008D0009201210022FFF75CFFD0B9002061
:10B7400003B030BD8168B1F5004F02D0B1F5806F14
:10B7500007D125682868B1F5806F20F04000286087
:10B7600004D00092802100222046E5E700920121CA
:10B770000022F9E7636D43F0200363650320DFE7F0
:10B7800010B50446002855D0436A002B4ED14268BC
:10B79000B2F5827F00D0C3610023A36294F85130D8
:10B7A00003F0FF0223B984F85020204608F014FB70
:10B7B0002168A068A269022384F851300B6823F045
:10B7C00040030B60636800F4044003F48273034396
:10B7D000E06800F400600343206900F002000343C6
:10B7E000606900F00100034302F400700343E06964
:10B7F00000F038000343206A00F080000343A06A91
:10B8000000F4005003430B60636A120C03F0100352
:10B8100002F004021A434A60CB6923F40063CB614F
:10B8200000200123606584F8513010BD0023C0E979
:10B830000433B1E70120F8E72DE9F74304461F463A
:10B840000D469046FCF78AFD94F85130012B814655
:10B85000D8B240F09F80002D74D0B8F1000F71D0A5
:10B8600094F85030012B00F09580032384F8513078
:10B8700000236365C4E91033A4F83680A363A3876B
:10B88000E387A368266884F85000B3F5004F25636A
:10B89000A4F8348007D1336823F040033360336861
:10B8A00043F4804333603368E2685B065EBF33680D
:10B8B00043F040033360B2F5006F636845D113B1C4
:10B8C000B8F1010F07D135F8023BF3602563E38E31
:10B8D000013B9BB2E386E38E9BB2D3B94A4639461D
:10B8E0002046FFF7E3FE002851D1A36833B9019346
:10B8F0002368DA6801929B680193019B012384F815
:10B900005130606D0023C01A84F8503018BF0120F8
:10B9100018E022689368980705D5236B33F8021B5B
:10B92000D1602363D3E7FCF719FDA0EB0900B8420F
:10B93000D1D3791CCFD0012384F85130002384F86F
:10B940005030032003B0BDE8F08313B1B8F1010F0C
:10B9500008D12B783373236B01332363E38E013BD0
:10B960009BB2E386E38E9BB2002BB7D023689A6824
:10B97000920703D5226B12781A73ECE7FCF7EEFC02
:10B98000A0EB0900B842EDD37B1CEBD0D3E720231A
:10B990006365AAE70220D5E72DE9F74304460D4683
:10B9A00091461E46DDF82880FCF7D8FC94F851300B
:10B9B0006268012B0746D9B20AD0B2F5827F40F007
:10B9C000E580A368002B40F0E180042940F0DE8090
:10B9D000002D4BD0B9F1000F48D0002E46D094F87E
:10B9E0005030012B00F0D280012384F8503094F8BD
:10B9F0005130C4F83890042B1CBF052384F8513013
:10BA000000236365C4E910332368E687E686196876
:10BA1000A687490658BF1968256358BF41F0400101
:10BA2000A68658BF1960E168B1F5006F55D10AB11B
:10BA3000012E07D135F8022BDA60E38E2563013B36
:10BA40009BB2E3860125E38E9BB28BB9E38F9BB259
:10BA500073B93A4641462046FFF728FE002800F019
:10BA6000818020236365002384F85030012031E079
:10BA700021688B689A070DD5E38E9BB253B145B10F
:10BA8000236B33F8022BCA602363E38E013B9BB226
:10BA9000E38600258A6812F001020CD0E38F9BB286
:10BAA0004BB1A36BC96823F8021BA363E38F013B6F
:10BAB0009BB2E3871546FCF751FCC01B4045C2D33F
:10BAC000B8F1FF3FBFD0012384F85130002384F840
:10BAD0005030032003B0BDE8F0830AB1012E08D135
:10BAE0002A781A73236B01332363E38E013B9BB2E5
:10BAF000E38601252DE0226893689B070ED5E38E2F
:10BB00009BB25BB14DB1236B1B781373236B013375
:10BB10002363E38E013B9BB2E38600252268916894
:10BB200011F001010DD0E38F9BB253B1A36BD2682A
:10BB30001A70A36B0133A363E38F013B9BB2E387CE
:10BB40000D46FCF70BFCC01B404502D3B8F1FF3F8C
:10BB5000B9D1E38E9BB2002BCDD1E38F9BB2002BEA
:10BB6000C9D176E7A36833B901932368DA680192F3
:10BB70009B680193019B012384F85130606D002381
:10BB8000C01A84F8503018BF0120A3E70220A1E7B3
:10BB90002DE9F7431E4690F85130012B04468946A3
:10BBA0001746DDB204D00225284603B0BDE8F08375
:10BBB0000029F9D0002AF7D04368B3F5827F0BD172
:10BBC00083684BB9042380F85130134600960A4627
:10BBD000FFF7E2FE0546E7E7FCF7C0FB94F85030BC
:10BBE000012B8046DFD0A268C4F8389001230025DD
:10BBF00084F85030B2F5004F4FF0040384F8513010
:10BC0000C4E9105565652368E787A7872563A5867E
:10BC1000E58607D11A6822F040021A601A6822F4F9
:10BC200080421A601A6855065EBF1A6842F04002E8
:10BC30001A60E368F3B1E38F9BB2FBB123689A68A3
:10BC4000D2073CD5DA68A36B23F8022BA363E38FFA
:10BC5000013B9BB2E387EEE723689A68D0071ED5C5
:10BC6000A26B1B7B1370A36B0133A363E38F013BB8
:10BC70009BB2E387E38F9BB2002BEDD14246314666
:10BC80002046FFF74FFD18BB012384F85130656D46
:10BC90000023ED1A84F8503018BF012584E7FCF723
:10BCA0005DFBA0EB0800B042E4D3711CE2D001239D
:10BCB00084F85130002384F85030032574E7FCF7F2
:10BCC0004DFBA0EB0800B042B5D3731CB3D0EEE738
:10BCD00020236365D8E7000070B590F85130012B40
:10BCE0000446DDB250D1002936D0002A34D090F875
:10BCF0005030012B48D0032380F851300023436596
:10BD0000C0E91033C28683638387C38783688286D2
:10BD1000B3F5004F026880F85050016307D11368F3
:10BD200023F040031360136843F480431360A06C56
:10BD3000164B0364164BC363164BC364E38E002695
:10BD400006659BB20C32FCF71DFC38B1636D84F8BC
:10BD5000506043F010036365284670BD23681A687D
:10BD6000520658BF1A684FF000055CBF42F040020F
:10BD70001A6084F850505A6842F020025A605A689B
:10BD800042F002025A60E7E70225E5E7B9C0010880
:10BD9000FFC00108DDC0010870B5044690F85100ED
:10BDA0000128C5B208D06068B0F5827F6ED1A06866
:10BDB00000286BD1042D69D1002939D0002A37D051
:10BDC000002B35D094F8500001285FD0012084F872
:10BDD000500094F85100A38604281CBF052084F865
:10BDE000510000206065E386E387A38794F8513013
:10BDF0002163042BC4E9100018BF2549E06C12BF71
:10BE0000244B2549254BA263C0E90F31244B2168FF
:10BE1000C364E38F002606659BB20C31FCF7B2FBCE
:10BE2000054638B1636D84F8506043F010036365D4
:10BE3000012070BD2268A06C5368216B43F00103A0
:10BE40005360E38EC0E90F55C0E913559BB20C3225
:10BE5000FCF798FB30B1636D84F8505043F0100349
:10BE60006365E5E723681A6852065EBF1A6842F008
:10BE700040021A60002284F850205A6842F02002E2
:10BE80005A605A6842F002025A60D2E70220D0E7B4
:10BE9000D1C00108CFC10108C5C0010869C10108AE
:10BEA000DDC001082DE9F041134690F85120012A28
:10BEB00004460E46D5B260D1002945D0002B43D0B0
:10BEC00087685FB94268B2F5827F07D1042280F8A3
:10BED0005120BDE8F0410A46FFF75EBF94F85020BC
:10BEE000012A4AD0012284F85020042284F85120EB
:10BEF000B7F5004F4FF000026265C4E91022E387F6
:10BF00002168A663A387A286E28607D10B6823F087
:10BF100040030B600B6823F480430B60E06C184B0C
:10BF20000364184BC363184BC364E38F0027076592
:10BF30009BB232460C31FCF725FB40B1636D84F8AF
:10BF4000507043F0100363652846BDE8F081236814
:10BF50001A68520658BF1A684FF000055CBF42F0DD
:10BF600040021A6084F850505A6842F020025A6029
:10BF70005A6842F001025A60E6E70225E4E700BF92
:10BF8000C5C0010869C10108DDC001081FB5454BE6
:10BF900045F6C0521B68B3FBF2F36422534301938E
:10BFA000019B009303685A6822F020025A605A6885
:10BFB000110604460AD53C4A4264009A002A59D127
:10BFC000626D42F040026265019A00925A68520620
:10BFD0000AD5364A2264009A002A53D1626D42F093
:10BFE00040026265019A00925A68900714D5A06CCD
:10BFF00090B100230365FCF7FEFA08B140236365A6
:10C0000023685A6822F002025A60009A002A41D13D
:10C01000626D42F0400262655A68D20711D5E06C49
:10C0200078B100230365FCF7E6FA08B140236365A5
:10C0300023681A6822F040021A605A6822F001024E
:10C040005A600022E287E286616D402918BF62656E
:10C050000292D968029199680291029903929B68B1
:10C060000393039B14BF10460120012384F8513031
:10C0700004B010BD009A013A009294F85120072AAA
:10C080009BD1A1E7009A013A009294F85120072A27
:10C09000A1D1A7E7009A013A00929A689107B4D516
:10C0A000BAE700BFDC000020D9B5010881B501085E
:10C0B000704770477047704708B5806BFFF7FBFF0C
:10C0C00008BD704708B5806BFFF7FBFF08BD7047E0
:10C0D00008B5806BFFF7FBFF08BD7047806B0268F7
:10C0E00008B5536823F003035360436D43F0100316
:10C0F0004365012380F85130FFF7EFFF08BD37B5E6
:10C100000546846BFCF72AF92B681B68DB050246A1
:10C1100026D42368596821F020015960596821F01C
:10C120000201596020466421FFF7C0FA18B1636D1F
:10C1300043F020036365A36833B901932368DA6889
:10C1400001929B680193019B0023E386012384F8FD
:10C150005130636D23B12046FFF7BFFF03B030BD00
:10C160002046FFF7A5FFF9E738B50546846BFCF7D5
:10C17000F5F82B681B68DB05024624D42368596850
:10C1800021F020015960A168C9B96168B1F5827FC9
:10C1900015D1596821F00301596020466421FFF749
:10C1A000C1FA08B1202363650023E387012384F8E3
:10C1B0005130636D3BB12046FFF78FFF38BD5968A2
:10C1C00021F00101E8E72046FFF773FFF6E738B5F5
:10C1D0000546846BFCF7C2F82B681B68DB0502463A
:10C1E0001ED421684B6823F020034B602046642155
:10C1F000FFF75CFA18B1636D43F0200363652268B2
:10C20000536823F0030353600023E386E38701238D
:10C2100084F85130636D1BB12046FFF75EFF38BDD7
:10C220002046FFF747FFFAE7036A026A22F001029D
:10C2300070B50262446882690D6822F073022A4375
:10C240008D6823F002032B430A4DA8420BD1CD6821
:10C2500023F008032B43D1E9055624F440743543F9
:10C2600023F004032C43446082614A684263036202
:10C2700070BD00BF00000140036A026A22F48072B0
:10C2800070B502624468C2690D6822F073022A43E5
:10C290008D6823F4007343EA05230B4DA8420DD1AA
:10C2A000CD6823F4006343EA0523D1E9055624F45D
:10C2B0004054354323F4806344EA05144460C2616A
:10C2C0004A68C263036270BD00000140036A026AEB
:10C2D00022F4805230B502624468C2690D6822F4CB
:10C2E000E64242EA05228D6823F4005343EA05330F
:10C2F000064DA84202BF4D6924F4804444EA8514E7
:10C300004460C2614A680264036230BD00000140BB
:10C310007047704730B5034690F83E0093F83F20D1
:10C3200093F8425093F84340C0B2D2B2EDB2E4B2B7
:10C33000B9B9012844D1012D12D1022283F83E203F
:10C3400083F842201B681A6A22F001021A621A6AF4
:10C3500042F001021A621A6842F001021A600020DB
:10C3600030BD042911D1012A2AD1012C28D1022261
:10C3700083F83F2083F843201B681A6A22F01002DA
:10C380001A621A6A42F01002E4E7012818D1012A61
:10C39000E6D1012DE4D1012CE2D1022283F83E2026
:10C3A00083F83F2083F8422083F843201B681A6AF1
:10C3B00022F001021A621A6A42F001021A62DCE7F4
:10C3C0000120CDE7082910D004D841B1042909D0B3
:10C3D000002070470C29FBD10368186C7047036874
:10C3E000586B70470368986B70470368D86B704749
:10C3F0001D4A036890420ED0B0F1804F0BD0A2F5D9
:10C400007C42904207D002F58062904203D002F550
:10C410008062904208D14A6823F070031343CA68CF
:10C4200023F4407313430AE0104A9042F7D002F518
:10C4300080629042F3D002F580629042EFD04A6968
:10C4400023F0800313438A68C2620A688262064A44
:10C45000904204BF0A690263026842F0040202606B
:10C46000012242610360704700000140004001402A
:10C4700010B5044630B390F83D3003F0FF021BB90D
:10C4800080F83C2007F036FE0223206884F83D3017
:10C49000211DFFF7ADFF012384F84630002084F80A
:10C4A0003E3084F83F3084F8403084F8413084F8DE
:10C4B000423084F8433084F8443084F8453084F8BE
:10C4C0003D3010BD0120FCE710B5044630B390F8B4
:10C4D0003D3003F0FF021BB980F83C20FFF718FF46
:10C4E0000223206884F83D30211DFFF781FF0123DE
:10C4F00084F84630002084F83E3084F83F3084F8D9
:10C50000403084F8413084F8423084F8433084F875
:10C51000443084F8453084F83D3010BD0120FCE7FC
:10C5200010B5044630B390F83D3003F0FF021BB95C
:10C5300080F83C20FFF7EDFE0223206884F83D30B0
:10C54000211DFFF755FF012384F84630002084F8B1
:10C550003E3084F83F3084F8403084F8413084F82D
:10C56000423084F8433084F8443084F8453084F80D
:10C570003D3010BD0120FCE7F8B50D46044600280B
:10C580004CD090F83D3003F0FF021BB980F83C20FE
:10C5900007F0ECFD2146022384F83D3051F8040BEE
:10C5A000836823F4804323F007038360FFF720FFB1
:10C5B00081682A688369AE69076A1143AA6823F40F
:10C5C000407323F0030342EA06221A432B69EE6903
:10C5D0001B0143EA0623EE6833432E6A22F47C42B1
:10C5E00022F0FC0243EA063313436E696A688160F5
:10C5F00027F0AA0742EA0612836117430123076264
:10C6000084F84630002084F83E3084F83F3084F8C7
:10C61000423084F8433084F83D30F8BD0120FCE717
:10C62000036A026A22F0100270B5026244688269ED
:10C630000D6822F4E64242EA05228D6823F02003C9
:10C6400043EA05130B4DA8420DD1CD6823F08003BA
:10C6500043EA0513D1E9055624F44064354323F039
:10C66000400344EA8504446082614A68826303624D
:10C6700070BD00BF0000014038B590F83C30012B80
:10C6800004464FD00120082A84F83C003AD006D84E
:10C69000BAB1042A26D0002384F83C3038BD0C2AD5
:10C6A000F9D12068FFF712FEC3690A6943F40063F9
:10C6B000C361C36923F48063C361C36943EA02238E
:10C6C0002EE02068FFF7B0FD83690A6943F0080394
:10C6D0008361836923F00403836183691343836166
:10C6E0000020D8E72068FFF79BFF83690A6943F4BD
:10C6F00000638361836923F480638361836943EA10
:10C700000223ECE72068FFF7B7FDC3690A6943F02D
:10C710000803C361C36923F00403C361C3691343FE
:10C72000C361DDE70220B9E770B5056A046A154EFA
:10C7300024F001040462B04284691ED0B0F1804F3D
:10C740001BD0A6F57C46B04217D006F58066B042F5
:10C7500013D006F58066B0420FD006F59A36B04287
:10C760000BD044F0010263F3071201F00A0125F037
:10C770000A0319438261016270BD24F0030422435D
:10C78000F1E700BF00000140F8B590F83C30012B04
:10C7900005460C4600F082800120082A85F83C00FE
:10C7A0005CD006D842B3042A36D0002385F83C304A
:10C7B000F8BD0C2AF9D12B68CE68186AD1E9002798
:10C7C000196A21F480511962D969120321F4407168
:10C7D00041EA072120F4204002F4204266F30F31A1
:10C7E0000243D9611A62DA69A16822F44062DA610F
:10C7F000DA6942EA01224FE02868CB68D1E90012E9
:10C80000FFF792FF8369A26823F00C0383618369B9
:10C81000134383610020C8E72B68CE68186AD1E90A
:10C820000027196A21F0100119629969120121F497
:10C83000407141EA072120F0A00002F0A00266F357
:10C840000F31024399611A629A69A16822F4406229
:10C850009A619A6942EA01229A61DBE72B68E768EC
:10C86000186A1E6A26F48076D1E900211E62DE690C
:10C87000120226F00306314320F4206002F4206205
:10C8800067F307110243D9611A62DA69A16822F0DD
:10C890000C02DA61DA690A43DA61BBE7022087E752
:10C8A00010B584680A4324F47F4442EA03222243F9
:10C8B000826010BD38B590F83C30012B04464FF033
:10C8C000020000F08E8084F83D000122206884F888
:10C8D0003C20836823F47F4323F0770383600B6855
:10C8E000602B4FD032D8402B64D016D8202B0DD0DF
:10C8F0000AD833F0100109D0012384F83D30002319
:10C9000084F83C30104638BD302BF5D1826822F0D7
:10C910007002134343F0070328E0502BECD14A6820
:10C92000CD68016A036A23F001030362836921F081
:10C930000A0123F0F00343EA05130A43836102620C
:10C94000836823F0700343F057030FE0B3F5805F73
:10C950000DD0B3F5005F0CD0702BCDD1CB68D1E9F1
:10C960000121FFF79DFF836843F077038360002276
:10C97000C2E7CB68D1E90121FFF792FF836843F456
:10C980008043F3E7036A026A4D68C96822F0100227
:10C990000262826923F0A00322F4704243EA051385
:10C9A00042EA013282610362836823F0700343F03C
:10C9B0006703DBE74A68CD68016A036A23F0010375
:10C9C0000362836921F00A0123F0F00343EA0513AF
:10C9D0000A4383610262836823F0700343F04703D4
:10C9E000C4E702468EE7036A10B501F01F01012477
:10C9F0008C4023EA04030362036A8A401A430262FA
:10CA000010BD000008B529B990F83E30012B1DD0AB
:10CA100001202EE0042907D190F83F30012BF7D1F7
:10CA2000022380F83F3014E0082907D190F8403005
:10CA3000012BEDD1022380F840300AE090F841301C
:10CA4000012BE5D1022380F8413002E0022380F877
:10CA50003E3000680122FFF7C6FF134B984209D011
:10CA6000B0F1804F0BD1836803F00703062B15D17B
:10CA7000002008BD436C43F400434364F3E70B4BD1
:10CA80009842F0D003F580639842ECD003F58063C0
:10CA90009842E8D003F59A339842E4D0036843F013
:10CAA00001030360E4E700BF000001400004004010
:10CAB000FFF7A8BF38B50022044600680D46FFF70F
:10CAC00092FF184B98420DD1026A41F211131A429B
:10CAD00008D1026A40F244431A4202BF436C23F475
:10CAE00000434364026A41F211131A4208D1026AF8
:10CAF00040F244431A4202BF036823F0010303607B
:10CB000001231DB984F83E30002038BD042D02D128
:10CB100084F83F30F8E7082D0CBF84F8403084F8E3
:10CB20004130F1E700000140FFF7C4BF08B50346FC
:10CB300089BB90F83E0093F84220C0B20128D2B2DF
:10CB400056D1012A26D1022200293AD183F83E206B
:10CB500083F8422018680122FFF745FF254B9842D1
:10CB600012D0B0F1804F0FD0A3F57C4398420BD088
:10CB700003F58063984207D003F58063984203D0A1
:10CB800003F59A3398422ED1836803F00703062BEE
:10CB900029D1002008BD042905D190F83F0093F861
:10CBA0004320C0B2CAE708290BBF90F8400093F8B1
:10CBB000410093F8442093F845200CBFC0B2C0B2A6
:10CBC000BCE7042904D183F83F2083F84320C1E760
:10CBD00008290BBF83F8402083F8412083F84420C4
:10CBE00083F84520B6E7036843F001030360D0E70C
:10CBF0000120CFE70000014038B50446006800225C
:10CC00000D46FFF7F0FE026A41F211131A4208D1F5
:10CC1000026A40F244431A4202BF036823F0010350
:10CC2000036001232DB984F83E3084F8423000209F
:10CC300038BD042D04D184F83F3084F84330F6E742
:10CC4000082D0BBF84F8403084F8413084F844301C
:10CC500084F84530EBE7000030B590F83C30012B0C
:10CC600002464FF002002AD0136882F83D005C684B
:10CC70000D68986824F070042C435C60104CA3424B
:10CC800012D0B3F1804F0FD0A4F57C44A3420BD057
:10CC900004F58064A34207D004F58064A34203D066
:10CCA00004F59A34A34204D1496820F0800001437E
:10CCB00099600123002082F83D3082F83C0030BDAD
:10CCC0000000014090F83C30012B02461ED0CB689A
:10CCD000886823F440730343486823F48063034364
:10CCE000086823F400630343086923F48053034373
:10CCF0004869C96923F40053034323F480430B4379
:10CD0000116800204B6482F83C0070470220704795
:10CD100090F83C20012A18BF026803461DBF00207E
:10CD2000116583F83C0002207047026802F10C0391
:10CD300053E8003F23F490730C3242E8003102685C
:10CD40000029F2D102F1140353E8003F23F001035C
:10CD500002F1140C4CE800310029F3D1036B012BD4
:10CD60000BD102F10C0353E8003F23F0100302F152
:10CD70000C0C4CE800310029F3D1202380F842301C
:10CD800000230363704700000268C16838B5136967
:10CD900023F440530B431361054683680069D1684F
:10CDA000034368690343E86921F4164121F00C014B
:10CDB00003430B43D3605369A96923F440730B43C6
:10CDC00053611F4B9A4203D003F580639A4224D1EA
:10CDD000FDF7F6FDEA691921B2F5004FD5E90043E8
:10CDE000A0FB01011CD1DA184FF0000545EB05034B
:10CDF000E3F742FF6422B0FBF2F102FB1103DB0018
:10CE00003233B3FBF2F303F007025B0002EB0112D3
:10CE100003F4F8731344A36038BDFDF7C1FDD9E7EF
:10CE20009A009B0FE3F728FF6422B0FBF2F102FBAC
:10CE300011031B013233B3FBF2F303EB0113EAE7F7
:10CE40000010014010B5044648B390F8413003F09B
:10CE5000FF021BB980F8402007F082FA22682423E1
:10CE600084F84130D36823F40053D3602046FFF7A1
:10CE70008BFF23681A6922F490421A615A6922F0E2
:10CE80002A025A61DA6842F40052DA600020202354
:10CE9000606484F8413084F84230606310BD012042
:10CEA000FCE7000070B50446134694F84120202AA0
:10CEB000D5B22ED1C9B1C3B100222120E38462646E
:10CEC00084F84100A06B144E2162A384C663134E04
:10CED0000664134EC0E9136222680432FBF752FB6A
:10CEE00028B11023636484F84150012070BD236889
:10CEF0006FF040021A60226802F1140353E8003F09
:10CF000043F0800302F1140444E800310029F3D116
:10CF1000ECE70220EAE700BF03D0010851D0010886
:10CF200061D0010810B50446226802F10C0353E8F1
:10CF3000003F23F4F0730C3242E8003123680029EB
:10CF4000F2D103F1140252E8002F22F0010203F1A2
:10CF5000140040E800210029F3D1226B012A0BD1F3
:10CF600003F10C0252E8002F22F0100203F10C0032
:10CF700040E800210029F3D15A6912061AD503F1BD
:10CF8000140252E8002F22F0800203F1140040E85E
:10CF900000210029F3D1A06B60B10165FBF72BFBE9
:10CFA00040B1A06BFBF736FC202803D1102363644B
:10CFB000032010BD226853695B0616D502F11403E5
:10CFC00053E8003F23F0400302F1140040E8003131
:10CFD0000029F3D1E06B40B10165FBF70CFB20B1F8
:10CFE000E06BFBF717FC2028E0D000202023E08432
:10CFF000E085606484F8423084F841302063D8E7EB
:10D00000704708B50346806B1B681B6813F4807378
:10D010001AD1C384026802F1140353E8003F23F0DD
:10D020008003143242E8003102680029F2D102F193
:10D030000C0353E8003F43F0400302F10C0040E8CA
:10D0400000310029F3D108BDFFF7DAFFFBE7704795
:10D0500008B5806BFFF7FBFF08BD7047704770474E
:10D0600008B5806B03685A6990F84110212912D1E4
:10D07000120610D50022C28403F10C0252E8002FE0
:10D0800022F0C00203F10C0C4CE800210029F3D17E
:10D09000202280F841205B6990F84220222A05D1A5
:10D0A0005B0603D50023C385FFF73FFE436C43F0C7
:10D0B00010034364FFF7D3FF08BD08B5806B00235E
:10D0C000C385FFF7CCFF08BD7047806B08B501230F
:10D0D0004363036B012B04D1818D4908FFF7F4FFF3
:10D0E00008BDFFF7BBFFFBE708B50346806B1B6875
:10D0F0001B6813F4807337D1C385026802F10C03F7
:10D1000053E8003F23F480730C3242E80031036897
:10D110000029F2D103F1140252E8002F22F001029B
:10D1200003F1140C4CE800210029F3D103F114029F
:10D1300052E8002F22F0400203F1140C4CE80021C9
:10D140000029F3D1202280F84220026B012A0BD162
:10D1500003F10C0252E8002F22F0100203F10C0C34
:10D160004CE800210029F3D100234363036B012B1A
:10D1700003D1818DFFF7A8FF08BDFFF76EFFFBE726
:10D1800090F84230222B07B542D181680268836A49
:10D19000B1F5805F3ED1016900293ED15268C2F3EA
:10D1A000080223F8022B8362C38D013B9BB2C38527
:10D1B000002B2DD10268D16821F02001D160D16807
:10D1C00021F48071D160516921F001015161202267
:10D1D00080F842204363026B012A026827D103636F
:10D1E00002F10C0353E8003F23F0100302F10C0C92
:10D1F0004CE800310029F3D11368DB0605D5019115
:10D200001368019353680193019B818DFFF75CFFC5
:10D2100003B000BD39B9016929B95268D2B21A7098
:10D22000836A0133BFE7526802F07F02F7E7FFF736
:10D2300014FFEDE703681A6873B51607D9685D69CE
:10D24000044608D1960668D58D0666D502B0BDE8BD
:10D250007040FFF795BF05F0010001F4907505439C
:10D260005BD0D60705D5CD0542BF636C43F0010303
:10D270006364530704D518B1636C43F0020363641D
:10D28000960704D518B1636C43F004036364150773
:10D2900007D501F0200303431EBF636C43F008036E
:10D2A0006364636C002B32D0920604D58B0602D5E2
:10D2B0002046FFF765FF26687369626C03F0400340
:10D2C00002F0080253EA0205204622D0FFF72DFDA6
:10D2D00073695E0618D5226802F1140353E8003F13
:10D2E00023F04003143242E800310029F3D1E06B0F
:10D2F00050B1774B0365FBF7BCF940B1E06B036DB0
:10D3000002B0BDE8704018472046FFF7A8FE02B003
:10D3100070BDFFF7A4FE6564F9E7206B012840F0BB
:10D320009B80D50640F19880C80640F19580002288
:10D3300001921A6801925A680192019A5969A28D64
:10D34000490656D5E06B0168496889B2002947D083
:10D35000914245D2C269E185B2F5807F36D003F1B2
:10D360000C0252E8002F22F4807203F10C0040E816
:10D3700000210029F3D103F1140252E8002F22F01A
:10D38000010203F1140040E800210029F3D103F168
:10D39000140252E8002F22F0400203F1140040E88A
:10D3A00000210029F3D1202284F84220216303F1D7
:10D3B0000C0252E8002F22F0100203F10C0040E8AA
:10D3C00000210029F3D1E06BFBF715F90223636319
:10D3D000E38DA18DC91A89B22046FFF775FE96E745
:10D3E000914294D1C369B3F5807F90D102236363E6
:10D3F000F2E7E18DE08D80B289B2002887D0511A22
:10D4000089B2002983D003F10C0252E8002F22F4E4
:10D41000907203F10C0545E800200028F3D103F1D8
:10D42000140252E8002F22F0010203F1140545E82E
:10D4300000200028F3D1202284F84220206303F149
:10D440000C0252E8002F22F0100203F10C0545E80F
:10D4500000200028F3D1C9E7160628D50D0626D5E9
:10D4600094F84120212A7FF452AFA168226AB1F5D5
:10D47000805F17D12169A9B932F8021BC1F30801F5
:10D4800059602262E28C013A92B2E284002A7FF46F
:10D490003EAFDA6822F08002DA60DA6842F04002D9
:10D4A000DA6034E7511C216212785A60EAE75006CC
:10D4B0007FF52DAF4A067FF52AAFDA6822F04002E9
:10D4C000DA60202384F841302046FFF799FD1EE7FB
:10D4D000BBD0010837B5134604468285002281621D
:10D4E0004264222084F84200E06B214DC563214D47
:10D4F0000564214DC0E9135225680A46291DFBF732
:10D5000041F838B110236364202384F842300120AD
:10D5100003B030BD236801901A6801925A680192E5
:10D52000019A22695AB103F10C0252E8002F42F429
:10D53000807203F10C0444E800210029F3D103F1C7
:10D54000140252E8002F42F0010203F1140444E8EF
:10D5500000210029F3D103F1140252E8002F42F018
:10D56000400203F1140444E800210029F3D1CFE77D
:10D57000E9D00108CBD0010861D0010870B490F85F
:10D580004260202E06D141B13AB10024046370BC40
:10D59000FFF7A0BF022070BC70470120FBE784B0FA
:10D5A00010B503AC84E80E000B46049942680B43A7
:10D5B00005990B4306990B4307990B430899BDE85E
:10D5C000104022F4FD420B4322F07F0213434360DC
:10D5D00004B000207047D0F8800070470B68C0F896
:10D5E00080300020704703230360002070470068EC
:10D5F00000F0030070470B6810B58360D1E9013477
:10D600002343CC68C268096923430B436FF30B02C1
:10D610001343C360002010BD1430405870470B689E
:10D6200010B543624B688362D1E9023423430C692D
:10D63000C26A496923430B4322F0F7021343C362D2
:10D64000002010BD10B5002386B0CDE90133CDE92F
:10D65000033301A94FF4806305930446FFF7CBFF22
:10D660000B4B4FF4FA521B68B3FBF2F341F28832D2
:10D6700053434BB1626B120603F1FF33F9D5C52357
:10D68000A363002006B010BD4FF00040FAE700BFD2
:10D69000DC0000200346444810B500684FF4FA54FB
:10D6A000B0FBF4F04243002A49D0586B10F0450F0C
:10D6B00007D0000505D45A6B540704D5042098639D
:10D6C00010BD013AEFE75A6BD00703D501229A63E8
:10D6D0000120F5E7C5229A631A69D2B29142F7D1C7
:10D6E0005B69324818400028EAD0002B2ADB5A0038
:10D6F0002BD49C002BD4D9002BD41A012CD45C0140
:10D700002DD4D9012ED41A022FD45C0230D4990220
:10D7100031D4DA0232D45C0333D4990334D4DA033B
:10D7200035D41C0436D4590437D49A0438D413F0B1
:10D73000080F0CBF4FF480304FF40000C0E74FF0EB
:10D740000040BDE74FF00070BAE74020B8E7802006
:10D75000B6E74FF48070B3E74FF40070B0E74FF4D2
:10D760008060ADE74FF40060AAE74FF48050A7E770
:10D770004FF40050A4E74FF48040A1E74FF400407D
:10D780009EE74FF400309BE74FF4802098E74FF47A
:10D79000002095E74FF4801092E74FF400108FE7D8
:10D7A0004FF480008CE700BFDC00002008E0FFFDA4
:10D7B00030B587B010254023CDE9025301910022F6
:10D7C0004FF4806301A9CDE904230446FFF713FF5A
:10D7D00041F288322946204607B0BDE83040FFF7C5
:10D7E00059BF30B587B011254023CDE902530191CF
:10D7F00000224FF4806301A9CDE904230446FFF71A
:10D80000FAFE41F288322946204607B0BDE8304092
:10D81000FFF740BF30B587B012254023CDE9025352
:10D82000019100224FF4806301A9CDE9042304464D
:10D83000FFF7E1FE41F288322946204607B0BDE8F5
:10D840003040FFF727BF30B587B018254023CDE91A
:10D850000253019100224FF4806301A9CDE9042312
:10D860000446FFF7C8FE41F288322946204607B039
:10D87000BDE83040FFF70EBF30B587B01925402313
:10D88000CDE90253019100224FF4806301A9CDE953
:10D8900004230446FFF7AFFE41F2883229462046B2
:10D8A00007B0BDE83040FFF7F5BE000030B50023FB
:10D8B00087B00C254022CDE90323CDE9013501A92C
:10D8C0004FF4806304460593FFF795FE034A29460B
:10D8D000204607B0BDE83040FFF7DCBE00E1F505AB
:10D8E00030B587B007254023CDE9025301924FF4AC
:10D8F0008063002201A9CDE904230446FFF77BFEE3
:10D9000041F288322946204607B0BDE83040FFF793
:10D91000C1BE30B587B037254023CDE90253019110
:10D9200000224FF4806301A9CDE904230446FFF7E8
:10D9300062FE41F288322946204607B0BDE83040F9
:10D94000FFF7A8BE30B587B00D254023CDE90253BF
:10D95000019100224FF4806301A9CDE9042304461C
:10D96000FFF749FE41F288322946204607B0BDE85C
:10D970003040FFF78FBE0000114B4FF4FA511B6887
:10D98000B3FBF1F341F2883102464B43ABB1516B2B
:10D9900011F0450F07D0090505D4536B5B0704D57B
:10D9A000042090637047013BF0E7506B10F00100DA
:10D9B00014BF0123C523936370474FF000407047A5
:10D9C000DC00002010B5002386B00222CDE9013230
:10D9D000C022CDE9032301A94FF4806304460593D7
:10D9E000FFF709FE204606B0BDE81040FFF7C4BFB0
:10D9F00010B586B00922C023CDE9022301914FF46E
:10DA000080630021CDE9041301A90446FFF7F3FD6B
:10DA1000204606B0BDE81040FFF7AEBF0F4B4FF4F5
:10DA2000FA511B68B3FBF1F341F2883102464B43D4
:10DA300083B1516B11F0450F0AD0090508D4506B22
:10DA400010F0040015BF0420C52390639363704752
:10DA5000013BEDE74FF00040704700BFDC000020C5
:10DA600010B541F0004186B0292241F480114023D5
:10DA7000CDE9022301914FF480630021CDE9041325
:10DA800001A90446FFF7B7FD204606B0BDE81040E7
:10DA9000FFF7C4BF03461E4810B500684FF4FA54A0
:10DAA000B0FBF4F041F28834604358B35C6B14F07F
:10DAB000450F07D0240505D4586B440704D504202E
:10DAC000986310BD0138F0E7586BC00703D50122F9
:10DAD0009A630120F5E71869C0B28142F9D1C521E6
:10DAE00099635B6913F4604002D11B0C1380E8E773
:10DAF0005A040AD413F4004F0CBF4FF480304FF493
:10DB00008050DEE74FF00040DBE74FF40050D8E7ED
:10DB1000DC00002070B5002386B003264022CDE94A
:10DB20000323CDE901360D464FF4806301A9044675
:10DB30000593FFF760FD2A463146204606B0BDE852
:10DB40007040FFF7A7BF0000134B4FF4FA511B685A
:10DB5000B3FBF1F341F2883102464B43CBB1516B39
:10DB600011F0450F07D0080505D4536B590704D5AC
:10DB7000042090637047013BF0E7506B10F0010008
:10DB800002D0012393637047536B5B0603D5402398
:10DB9000F8E74FF000407047DC00002010B54FF46C
:10DBA000D57286B00823CDE9012340210023CDE9B9
:10DBB00003134FF4806301A904460593FFF71BFD8F
:10DBC000204606B0BDE81040FFF7BEBF82B000237C
:10DBD00002460193019B01330193019BB3F1706FE6
:10DBE0001AD81369002BF5DA0A230193019B83B934
:10DBF000136943F001031361019B01330193019BFE
:10DC0000B3F1706F08D8106910F00100F4D102B0C0
:10DC10007047019B013BE8E70320F8E784B038B583
:10DC200005AD85E80E009DF81930012B044627D17B
:10DC3000836B23F480338363C36823F4840323F06A
:10DC40004003C360C36823F44013C3609DF82030D1
:10DC5000012B02BFC36843F48013C360FFF7B6FF14
:10DC60009DF81630012B07D1A36843F00603A3608B
:10DC7000A36843F02003A360BDE8384004B07047B8
:10DC8000C36843F04003C360FFF7A0FF9DF81D3059
:10DC900023B9A36B43F48033A363E1E7A36B23F4BD
:10DCA0008033F9E7022A4AD1274B284A0B44934292
:10DCB00039D9274B274A0B44934236D9264AA1F536
:10DCC0007403A3F51053934231D9244AA1F183730D
:10DCD000A3F5E74393422CD3214B224A0B449342B2
:10DCE00029D9214B214A0B44934226D3204B214A68
:10DCF0000B44934223D3204AA1F1B773A3F55853A1
:10DD000093421ED31D4B1E4A0B4493422CBF062345
:10DD10000723C26822F47052C260C26842EA8323B9
:10DD2000C360002070470F23F3E70E23F1E70D23B4
:10DD3000EFE70C23EDE70B23EBE70A23E9E70923E1
:10DD4000E7E70823E5E700BF405327FFFF340C0057
:10DD5000401E1BFF3F420F007F4F120020D61300D2
:10DD600060B6E5FE5FE3160000D3CEFE40771B00F1
:10DD7000C05BB3FEC091210020753800E05459FE0D
:10DD8000E09C4100836843F00103836000207047FA
:10DD9000836823F0010383600020704738B5C368AF
:10DDA000012923F0C04305460C46C36014D1C36863
:10DDB00043F00053C36000240A20FAF7D5FA6B69D8
:10DDC000D90704F10A0402D4C82CF5D1C824A4F15F
:10DDD000C8035842584138BD71B9C36843F0804305
:10DDE000C3600A20FAF7C0FA6B69DA0704F10A0483
:10DDF000EDD5C82CF5D1E9E70120ECE782B000238E
:10DE000002460193019B01330193019BB3F1706FB3
:10DE100015D81369002BF5DA8901002341F02001A0
:10DE200001931161019B01330193019BB3F1706F69
:10DE300005D8106910F02000F4D102B0704703201B
:10DE4000FBE782B0002302460193019B013301935B
:10DE5000019BB3F1706F13D81369002BF5DA00231F
:10DE6000019310231361019B01330193019BB3F1D3
:10DE7000706F05D8106910F01000F4D102B070472F
:10DE80000320FBE7D0F800381943C0F80018002041
:10DE90007047000084B02DE9F843044609A880E8E3
:10DEA0000E0000239DF824609DF82E50194603F1C2
:10DEB000400204EB820201330F2B5160F7D104F5CD
:10DEC0000067002D6CD17B6843F002037B60A36B7D
:10DED00043F40013A363A36B23F40023A363A36B96
:10DEE00023F48023A3630023C4F8003E9DF8293067
:10DEF000012B5FD19DF82710002959D12046FFF74B
:10DF0000C1FF10212046FFF779FF01462046FFF7A9
:10DF100098FF0843C0B2002300383B6118BF0120BE
:10DF20007B6104F51062FB6119464FF0904C4FF095
:10DF3000006E4FF67F389E423ED8002204F53063D3
:10DF400011464FF0904C4FF0006E4FF67F389642DE
:10DF500045D83B6923F480733B610023A3616FF0D4
:10DF6000804363619DF826301BB9A36943F0100319
:10DF7000A361A269234B1343A3619DF82A301BB10F
:10DF8000A36943F00803A361012D01BFA36943F016
:10DF9000804343F00403A361BDE8F84304B0704735
:10DFA000A36B23F40013A363A36B43F4002399E74B
:10DFB0001946A3E70321A1E7D2F80090B9F1000FB9
:10DFC0000BDA3BB9C2F800E011610133C2F80880F6
:10DFD0002032B0E7C2F800C0F6E71160F4E7D3F8EA
:10DFE0000090B9F1000F0BDA3AB9C3F800E01961FB
:10DFF0000132C3F808802033A9E7C3F800C0F6E770
:10E000001960F4E700383C80D0F8083813F00600B7
:10E0100004D013F0020F14BF02200F20704730B558
:10E020000C78012204F00F05AA404D78012D00F56F
:10E03000006300EB441019D1DD692A43DA61D0F89E
:10E0400000391A0410D48A68D0F80059C2F30A03C0
:10E050000A792B4343EA824343EA845343F08053D3
:10E0600043F40043C0F80039002030BDDC6944EAC5
:10E070000242DA61D0F8003B1B04F5D48B68D0F87B
:10E08000002BC3F30A0313430A7943EA824343F0A4
:10E09000805343F40043C0F8003BE5E710B50A782D
:10E0A0004978012900EB421300F5006002F00F02ED
:10E0B00022D1D3F8001900290BDAD3F8001941F066
:10E0C0000061C3F80019D3F8001941F08041C3F88A
:10E0D0000019C46B012101FA02F224EA0204C463AC
:10E0E000C16921EA0202C261D3F80019144A0A4048
:10E0F000C3F80029002010BDD3F8001B00290BDA5B
:10E10000D3F8001B41F00061C3F8001BD3F8001BDB
:10E1100041F08041C3F8001BC46B4FF4803101FA19
:10E1200002F224EA0204C463C16921EA0202C26164
:10E13000D3F8001B034A0A40C3F8002BDAE700BFFC
:10E14000007833EC0078F3EF82B000234A78019333
:10E150000B78012A4FEA43131ED100F51060C11855
:10E16000C258002A02DB002002B07047C25842F0B9
:10E170000062C250C25842F08042C25042F2107255
:10E18000019B01330193019B934201D90120EBE7ED
:10E190000B68002BF4DBE6E700F53060C118C258CD
:10E1A000002AE0DAC25842F00062C250C25842F07F
:10E1B0008042C25042F21072019B01330193019BD5
:10E1C0009342E3D80B68002BF6DBCCE710B59DF843
:10E1D000084044B9033301329B0800EB023001EBE5
:10E1E0008303994201D1002010BD51F8042B026035
:10E1F000F7E700002DE9F7434B7891F800E091F83C
:10E2000004C0724C012B1746714B0A6900EB4E1586
:10E2100040F08D8005F5106642BB326913403361D2
:10E22000336943F400233361336923403361012FA1
:10E2300052D1CB6903B17361BCF1010F0CD1D0F89D
:10E24000083813F4807FD5F800390CBF43F0005331
:10E2500043F08053C5F80039D5F8003943F0044342
:10E26000C5F80039002003B0BDE8F083D6F810806F
:10E2700008EA040434613469234033618B68BEF1D9
:10E28000000F0DD193423CBF0B611A46336943F432
:10E29000002333613369C2F312041C433461C6E7BF
:10E2A0009C18013CB4FBF3F44A4BD6F810801FFADB
:10E2B00084F903EAC44444EA0804BCF1010F346160
:10E2C000E8D1336923F0C043336134694FEA4973BD
:10E2D00003F0C0432343DCE7D5F80039BCF1010F5C
:10E2E00043F00443C5F800390B690CD0002BB9D0BA
:10E2F000D0F834280EF00F0E012303FA0EF3134367
:10E30000C0F83438AEE7D0F8082812F4807FD5F88A
:10E3100000290CBF42F0005242F08052C5F800299B
:10E320000097C9689BB27246FFF750FF9AE7D5F88D
:10E33000108B08EA0404C5F8104BD5F8104B2340A5
:10E3400005F5306633618B68BEF1000F27D102B14D
:10E350000B610B623269C3F31203134333613369F8
:10E3600043F40023012F336102D1CB6803B1736101
:10E37000BCF1010F0CD1D0F8083813F4807FD5F828
:10E38000003B0CBF43F0005343F08053C5F8003B03
:10E39000D5F8003B43F00443C5F8003B62E7002A90
:10E3A000D8D09C180B4AD6F810E0013CB4FBF3F42B
:10E3B000A4B202EAC442634342EA0E020B62326133
:10E3C0003269C3F312031343CCE700BF0000F8FF28
:10E3D000FFFF07E00000F81F70B50023940800F568
:10E3E000805502F00302A34204D301EB840132B949
:10E3F000084670BD2E6841F823600133F3E700F54D
:10E40000805000230468D80024FA00F058540133E7
:10E4100098B28242F7D15018EBE74A780B78012A7C
:10E4200000EB431012D1D0F80029002A06DB2BB1F3
:10E43000D0F8003923F08043C0F80039D0F8003913
:10E4400043F40013C0F8003900207047D0F8002BC7
:10E45000002A06DB2BB1D0F8003B23F08043C0F844
:10E46000003BD0F8003B43F40013C0F8003BEBE75F
:10E470000B784A7800EB43100B79012AA3F10203D1
:10E48000DBB20FD1D0F80029012B22F40012C0F822
:10E49000002905D8D0F8003943F08053C0F800397E
:10E4A00000207047D0F8002B22F40012012BC0F896
:10E4B000002B9EBFD0F8003B43F08053C0F8003BD8
:10E4C000EEE7D0F8003823F4FE63C0F80038D0F847
:10E4D0000038090101F4FE611943C0F8001800205A
:10E4E0007047D0F8003E23F00303C0F8003ED0F898
:10E4F000043823F00203C0F8043800207047D0F835
:10E50000003E23F00303C0F8003ED0F8043843F087
:10E510000203C0F804380020704742698069104047
:10E520007047D0F8183800F50060C0691840000C3A
:10E530007047D0F8183800F50060C069184080B204
:10E54000704700EB411100F50060D1F8082B4069DD
:10E5500010407047D0F81028D0F8343800EB411044
:10E5600001F00F01CB4000F51060DB018068DBB2E9
:10E57000134318407047406900F001007047D0F81D
:10E5800000396FF30A03C0F80039D0F8043843F4B7
:10E590008073C0F8043800207047000030B5056C67
:10E5A000104CA54200F5306303D9D0F8004B002C85
:10E5B00016DB00241C611C6944F400241C611C69E6
:10E5C00044F018041C611C69012944F0C0441C611A
:10E5D00001BF5A61D0F8003B43F08023C0F8003BF4
:10E5E000002030BD0A30544FD0F8D43200EB830005
:10E5F00010B5D0F8C0428CB1D0F8C4321BB194F839
:10E600000002FF2801D1002010BD9B6894F8012270
:10E6100021469847FF2384F80032F4E70320F3E70C
:10E620000A23038000487047C800002070B582218B
:10E6300006460F4800F06AFB012105460C4800F031
:10E6400065FB812104460A4800F060FB0DB11022F1
:10E65000AA711CB1402222710022627118B14022BD
:10E6600002710022427143230148338070BD00BF14
:10E670004C000020FFF7DABF70B5822106460F4834
:10E6800000F044FB012105460C4800F03FFB8121CE
:10E6900004460A4800F03AFB0DB11022AA711CB1E1
:10E6A000002222710222627118B10022027102223C
:10E6B000427143230148338070BD00BF4C000020ED
:10E6C00038B5D0F8D432B033044650F823508DB169
:10E6D00005F0EAFFD4F8D432C5F80C0204EB830449
:10E6E000D5F80402D4F8C43205F50371DB68984705
:10E6F000002038BD0320FCE7F8B5D0F8D46200EB69
:10E7000086060A46D6F8C05235B301F00F0C14271E
:10E7100007FB0C077B698BB1D0F8C8424FF0240E81
:10E720000EFB0C44E469B3FBF4FC04FB1C332BB973
:10E730007B611A4606F000F80020F8BD0023C5F8FA
:10E740001432D6F8C4321B69002BF5D0D5F8080274
:10E7500005F504719847EFE70320EEE7D0F8D432CF
:10E76000F7B500EB83030022D3F8C0628DF80520D3
:10E7700004460D46ADF80620002E65D091F800C085
:10E780001CF0600229D0202A5AD1CA884F78F2B1F1
:10E790001CF0800F0ED0D3F8C43231469B68384647
:10E7A0009847EA88072A28BF07223146204600F00A
:10E7B00033FD09E0402A28BF402286F8007286F81F
:10E7C0000122314600F03EFD002003B0F0BDD3F839
:10E7D000C43238469B689847F6E74B780B2B2FD806
:10E7E00001A252F823F000BF19E80108C9E70108A7
:10E7F00041E8010841E8010841E8010841E8010851
:10E8000041E8010841E8010841E8010841E8010840
:10E8100029E8010839E8010890F89C32032B0FD150
:10E8200002220DF10601C1E790F89C32032B07D1BB
:10E8300001220DF10501B9E790F89C32032BC3D0FA
:10E840002946204600F0C1FC0320BEE738B5044647
:10E850000025812105F04CFF012184F83750204626
:10E8600005F046FF84F877518221204605F040FFED
:10E87000D4F8D43284F84B5004EB83036564D3F8A6
:10E88000C0228AB1D3F8C4325B689847D4F8D43236
:10E89000B03354F8230005F00FFFD4F8D432B0336E
:10E8A00044F82350C4F8BC52002038BDF8B50446E3
:10E8B0004FF4077005F0FCFE054630B9D4F8D432A9
:10E8C000B03344F82300022046E04FF407720021E1
:10E8D00008F0EDF8D4F8D432B03344F82350237C58
:10E8E000C4F8BC52CBBB4FF40073812102222046F6
:10E8F00005F0F2FE012184F837104FF40073022274
:10E90000204605F0E9FE01261023032263648221DC
:10E91000082384F87761204605F0DEFED4F8D4326F
:10E9200084F84B6004EB83030027D3F8C432C5F8A6
:10E9300004721B689847D5F80422C5F81472C5F80C
:10E940001872002ABFD0237C93B94FF4007331466C
:10E95000204605F0FAFE0020F8BD40238121022266
:10E96000204605F0B9FE012184F837104023C6E7A0
:10E970004023ECE739B1D0F8D43200EB8300C0F883
:10E98000C4120020704703207047D0F8D432B0334F
:10E9900050F823302BB1C3F80812C3F8102200201E
:10E9A000704703207047D0F8D432B03350F823308A
:10E9B0001BB1C3F804120020704703207047D0F841
:10E9C000D422B03208B550F8222062B1037CD2F8CC
:10E9D000042233B94FF40073012105F0B6FE002084
:10E9E00008BD4023F8E70320FAE778B10023C0F818
:10E9F000B832C0F8C432C0F8D03209B1C0F8B4128D
:10EA0000012380F89C32027005F00EBE032070478F
:10EA100013B500230446ADF8063081B1CB6AC0F8C7
:10EA2000B81223B10DF106009847C4F8D002D4F80B
:10EA3000D8320133C4F8D832002002B010BD032010
:10EA4000FBE705F040BED0F8B8320BB11B681847A1
:10EA50001846704708B5D0F8B8325B689847002868
:10EA600018BF032008BD38B5044600F2AA25284681
:10EA700000F0A0FB012394F8AA12C4F89432B4F871
:10EA8000B032C4F8983201F01F03012B08D0022BDA
:10EA90000CD08BB929462046BDE8384000F054B967
:10EAA00029462046BDE8384000F0B2BA2946204643
:10EAB000BDE8384000F0DBBA204601F08001BDE837
:10EAC000384005F01EBE70B5044639BBD0F894320C
:10EAD000032B12D1D0F85831B0F8602193420ED9EF
:10EAE000D0F864119B1A11449A42C0F85831C0F80A
:10EAF000641138BF1A4600F0B6FB002070BD90F8D4
:10EB00009C32032B06D1D0F8B8321B6913B1C0F880
:10EB1000D4129847204600F0AEFBEEE790F89C3206
:10EB2000032BEAD1D0F8B8329B69002BE5D0002244
:10EB3000BDE87040C0F8D422184770B504460D46B1
:10EB400000293FD1D0F89432022B10D18269038C76
:10EB50009A4214D9416AD21A19448261416200F082
:10EB600069FB2B462A462946204605F0EEFD94F81F
:10EB7000A03213B1002384F8A032002070BD0CD164
:10EB800043699A4209D8D0F89822934205D20A469E
:10EB900000F050FBC4F89852E3E794F89C32032B42
:10EBA00008D1D4F8B832DB6823B10022C4F8D422EB
:10EBB000204698478021204605F0A3FD204600F01E
:10EBC00065FBD4E790F89C32032BD6D1D0F8B8324D
:10EBD0005B69002BD1D00022BDE87040C0F8D42280
:10EBE0001847F8B5012380F89C32D0F8B8320021DC
:10EBF0000446C0F894124160C0F8A41280F8A01234
:10EC0000BBB900260022402511460127402320469B
:10EC100005F062FD84F86371A4F860512B46002270
:10EC20008021204605F058FD84F823702584304665
:10EC3000F8BD5B68002BE4D098470028E1D003269C
:10EC4000E0E701740020704790F89C32042B1EBF4F
:10EC500090F89C32DBB280F89D32042380F89C321D
:10EC60000020704790F89C32042B02BF90F89D3230
:10EC7000DBB280F89C320020704708B590F89C22E7
:10EC8000032A05D1D0F8B83213B1DB6903B1984734
:10EC9000002008BDD0F8D422AE3208B550F82220AA
:10ECA0004AB190F89C32032B01D1136A0BB90020B2
:10ECB00008BD9847FBE70320FAE7D0F8D422AE322C
:10ECC00008B550F822204AB190F89C32032B01D1AC
:10ECD000536A0BB9002008BD9847FBE70320FAE709
:10ECE00000207047012208B580F89C22D0F8B82295
:10ECF0000AB9002008BD5268017990470028F8D071
:10ED00000320F7E7002070470020704710B54288C5
:10ED100003789A420AD90478204423444478052C85
:10ED20009BB2F6D184788C42F3D110BD0020FCE771
:10ED300010B58021044605F0E4FC20460021BDE822
:10ED4000104005F0DEBC000073B50B7803F06003E3
:10ED5000202B04460D4609D0402B07D093B1204606
:10ED6000FFF7E6FF0025284602B070BDD4F8D43284
:10ED7000AE33294654F823309B68204602B0BDE8E4
:10ED8000704018474B78092BE9D801A252F823F0BC
:10ED9000B1EF0108F5EF01085FED0108D9EF0108B7
:10EDA0005FED0108ABEE0108B9ED01085FED010868
:10EDB00085EF0108EDEE01080023ADF806304B8821
:10EDC0001A0A013A062ACAD801A151F822F000BF56
:10EDD000EDED01081FEE010839EE01085FED0108B5
:10EDE0005FED01087DEE010893EE0108D0F8B43222
:10EDF0001B68207C0DF106019847EA88002A00F084
:10EE0000A480BDF80630002BA9D09A4228BF1A462C
:10EE1000ADF806200146204600F0FEF9A2E7027C8C
:10EE2000D0F8B83232B99B6A0DF106009847022338
:10EE30004370E2E7DB6AF7E7DBB2052B8FD8DFE848
:10EE400003F003090D111519D0F8B4325B68002BDB
:10EE5000CFD184E7D0F8B4329B68F8E7D0F8B43269
:10EE6000DB68F4E7D0F8B4321B69F0E7D0F8B432CD
:10EE70005B69ECE7D0F8B4329B69E8E7037C002BD0
:10EE80007FF46DAFD0F8B8320DF106005B6B984798
:10EE9000B3E7037C002B7FF462AFD0F8B8320DF1FA
:10EEA00006001B6B98470723C2E78B88002B7FF473
:10EEB00056AFCB88002B7FF452AF4D887F2D3FF6A5
:10EEC0004EAF90F89C32032B3FF449AFEDB280F87F
:10EED0009E52294605F027FC204600F0CCF91DB1D2
:10EEE000022384F89C323DE70123FAE78978474DF5
:10EEF0000129297003D9FFF71BFF032533E790F899
:10EF00009C32022BDEB208D0032E17D0FFF710FF81
:10EF100029782046FFF79EFDEFE7B1B1012141605E
:10EF2000FFF791FD0546204625B1FFF701FF84F864
:10EF30009C6218E700F09FF90323D2E749B9022346
:10EF400080F89C324160FFF785FD204600F093F980
:10EF500008E741680129F8D0C9B2FFF77BFD29789D
:10EF600061602046FFF76FFD05460028EDD0204682
:10EF7000FFF7DEFE21792046FFF76CFD022384F8BF
:10EF80009C32F0E6CA88012A7FF4E9AE90F89C1220
:10EF90000229CBB207D8002B3FF4E1AE0146002393
:10EFA00041F8083F37E7032B7FF4D9AE011D32E764
:10EFB00090F89C32013B022B3FF6D1AECA88022A60
:10EFC0007FF4CDAED0F8A4320146002B0CBF012354
:10EFD000032341F80C3F1EE74B88012B02D1C4F8F4
:10EFE000A432B2E7022B7FF4BAAE8B881B0A80F8FA
:10EFF000A032AAE790F89C32013B022B3FF6AFAE5D
:10F000004B88012B7FF4AEAE0023E8E7E0E0002060
:10F0100070B50B7803F060025B0604460E4601D51E
:10F02000402A1FD194F89C32013B022B1AD8317927
:10F030000129204617D8FFF765FE88B9D4F8B83201
:10F040009B686BB1C4F8D402314620469847054608
:10F05000F3881BB915B9204600F00DF9284670BD9C
:10F060000325F5E72046FFF763FE0025F6E770B5B8
:10F070000B788A880D7903F06003202B04460E4636
:10F0800058D0402B56D01BB12046FFF751FE3DE033
:10F090004B78012B3CD0032B25D0002BF4D190F8DA
:10F0A0009C32022BD9B261D00329EDD105F00F03B8
:10F0B00012F0800F4FF0140202FB030366D093F8A6
:10F0C0002330002BE0D005F07F03142603FB0666F7
:10F0D000802D064466D02946204605F0D3FA002844
:10F0E00066D001235FE090F89C32022BDAB233D075
:10F0F000032AC9D14B8833B9690604D0F38813B900
:10F10000294605F0FEFA204600F0B5F8002070BD53
:10F1100090F89C32022BDAB21ED0032AB4D14B886D
:10F12000002BF3D16B0602D0294605F0F3FA2046F6
:10F1300000F0A1F829462046FFF7E6FD0028E5D1BA
:10F14000D4F8B832C4F8D4029B68002BDED0314624
:10F150002046BDE8704018476A0695D0294605F05C
:10F16000D0FA8021204605F0CCFACFE769068BD192
:10F1700013064CBF00F1140100F5AA71002301F839
:10F180000E3F0222204600F047F8BFE793F86331B4
:10F19000002B3FF479AF142606FB050606F5AA7688
:10F1A000002D98D10023B373022206F10E01E9E786
:10F1B000B073F9E70B7803704B7843704B8843804A
:10F1C0008B888380CB88C380704710B5802104462C
:10F1D00005F097FA20460021BDE8104005F091BAED
:10F1E00070B50D461646044670B1E1F703F8C3B298
:10F1F00001335B0033802B7003236B70013C0223CF
:10F20000002114F8012F02B970BDEA545A1CD2B281
:10F210000233A954DBB2F4E710B513460222C0F85A
:10F22000942243610A4641628361002105F084FA19
:10F23000002010BD08B513460A46002105F07CFAEF
:10F24000002008BD10B513460322C0F89422C0F870
:10F2500054310A46C0F86411C0F85831002105F055
:10F2600074FA002010BD08B513460A46002105F0C7
:10F270006CFA002008BD08B504220023C0F89422CF
:10F2800019461A4605F058FA002008BD08B50522AF
:10F290000023C0F8942219461A4605F056FA0020B9
:10F2A00008BD0000034B1A1803EB8003107A5B685B
:10F2B0005B6818470CE1002038B5084D2B5C04460C
:10F2C00053B905EB80022B185268187A12689047E0
:10F2D00008B901232B5538BD0020FCE70CE10020C4
:10F2E00030B4054C251804EB800460688468287AE3
:10F2F000A44630BC604700BF0CE1002030B4054C90
:10F30000251804EB80046068C468287AA44630BCE1
:10F31000604700BF0CE10020054B10B41C1803EB44
:10F320008003207A5B685DF8044B1B69184700BFB7
:10F330000CE10020006870470B0A017043700B0C51
:10F34000090E8370C1707047024400F8011B90429F
:10F35000FBD170471B4B0246186830B560B114688A
:10F36000A04207D15C689068844203D19C685069D0
:10F37000844212D0002400E001241869B8B1156855
:10F38000A84207D15D699068854203D198695269A6
:10F39000904206D03CB1002009E0002241B110208B
:10F3A00005E00122FAE702290CBF0020122030BD3F
:10F3B00003EB02139889A0F580735842584100016D
:10F3C000F5E700BFE4E000201F4AF0B513680668C7
:10F3D0009E4207D155688468A54203D19568446967
:10F3E000A54216D01469B44215D157698568AF4259
:10F3F00011D197694569AF420DD10123E9B902EBFB
:10F4000003118989013189B202EB0312581C9181E1
:10F41000F0BD0023F2E70BB1A4B901231D0102EBFB
:10F420000314565185684069A06000206560A08182
:10F430000029E4D04FF48071E6E702EB03118989DB
:10F440000029F7D00020E3E7E4E00020013801289C
:10F4500015D80C4A010102EB00108389B3F5807FB7
:10F4600004D1002383810023535006E0002BFAD0FF
:10F47000013B9BB28381002BF5D000207047022016
:10F48000704700BFE4E00020054B1A68904204BFBB
:10F4900000221A601A69904204BF00221A61704764
:10F4A000E4E00020C3690239023B8B4283BF4389F9
:10F4B000006B01FB030000207047C36A026804333D
:10F4C0005289490AB1FBF2F1186830B1814202D386
:10F4D000091A0833F8E7586808447047034600F1F2
:10F4E0000B010020C20142EA500213F8010B50FA4E
:10F4F00082F28B42D0B2F5D17047036810B58BB160
:10F5000019460A4611F8014B1F2C09D93A2CF8D19B
:10F510001978302906D101339A4203D101320260B1
:10F52000002010BD4FF0FF30FBE7F8B5C37804466C
:10F530000BB90020F8BD456B00F138070123407876
:10F540002A463946FFF7DAFE90B9A36A226AE070CC
:10F55000EB1A9342EDD2A678012EEAD9236A60789D
:10F560001D442A4601233946FFF7C8FE013EF3E752
:10F570000120DFE72DE9F0410025D0F800808D75EE
:10F58000C36906460C46002B59D0036B01330AD0E1
:10F5900001F11507D8F80C3033F81500002850D1C8
:10F5A00025440023AB75316AA57D00234E1E184605
:10F5B0004FF02E0C16F8012F202A00F1010024D064
:10F5C000052A08BFE522092808D1E7181DB94FF020
:10F5D0002E0E87F816E087F809C00133E7187A7213
:10F5E00095B9A2F1410EBEF1190F0CD8092891F876
:10F5F0000C8034BF4FF0080E4FF0100E18EA0E0FBB
:10F600001CBF2032D2B2BA7501330B28D2D12DB92A
:10F61000E21895750A7B002A08BF002323440022C4
:10F620005A72CB7A237201F11C00FFF783FE20602F
:10F6300001F11600FFF77EFEE080000CA080BDE81F
:10F64000F081002101F026FD28B10135152D02D0F1
:10F6500007F8010F9EE70025A2E7F8B50446FFF77B
:10F6600064FF0546002842D12378032B37D1277940
:10F67000012F34D104F1380601464FF400723046B0
:10F680005523FFF761FE84F83632AA2384F8373217
:10F6900052234122722184F8383084F839306123B2
:10F6A00084F83A3084F81F3284F83B2084F81C1226
:10F6B00084F81D1284F81E22A16904F50870FFF772
:10F6C0003BFE616904F50970FFF736FE626A6078F7
:10F6D000013262633B463146FFF710FE257100227E
:10F6E00060781146FFF718FE003818BF0120F8BDFA
:10F6F00001380A4411F8013B00F8013F9142F9D169
:10F700007047C2F307238A76CB760378032B01BFB9
:10F71000120C0A75120A4A75704738B5436B8B4252
:10F7200004460D460FD0FFF700FF58B9607801235B
:10F730002A4604F13801FFF7D3FD10B101204FF044
:10F74000FF35656338BD0020FCE70000002310B5DD
:10F75000C3704FF0FF3343630446FFF7DEFF0346F9
:10F7600018BBB4F836124AF6552291421FD194F8CC
:10F770003820E92A05D0A26B0F4902F0FF128A4215
:10F7800017D104F16E00FFF7D5FD0C4A20F07F4041
:10F79000904208D004F18A00FFF7CCFD084BC31A51
:10F7A00018BF01235B00184610BD0423FBE70323A9
:10F7B000F9E70223F7E700BFEB0090004641540051
:10F7C00046415433F0B5002385B00B600E46154614
:10F7D000FFF793FE013000F012818D4B1C68002C66
:10F7E00000F00F81206901F0C7FC002800F00B81B8
:10F7F0003460237805F0FE056BB16078FFF752FDA9
:10F80000C60708D4002D00F0D580400740F1D28013
:10F810000A2005B0F0BD00202080FFF74DFDC10794
:10F8200000F1F3800DB14207F2D400212046FFF72A
:10F830008DFF022840F0C8806F4604F5FF7304F284
:10F840003E216A4613F8040C10B11846FFF772FD0A
:10F8500010338B4242F8040BF4D1002557F8046BA7
:10F86000002E00F0A98031462046FFF76FFF0128E7
:10F8700000F2A380B4F84330B3F5007F40F0AA80D3
:10F88000B4F84E1021B904F15C00FFF753FD0146B6
:10F8900094F848202162531E012BA27000F29A8036
:10F8A00094F845506581002D00F094806B1E2B422A
:10F8B00040F09080B4F8497027813B0740F08A807F
:10F8C000B4F84B0018B904F15800FFF733FDB4F851
:10F8D0004630002B7ED001FB02FE03EB171CF444E4
:10F8E000604577D3A0EB0C00A842B0FBF5F271D3D2
:10F8F0004FF6F570824271D840F6F575AA4294BF72
:10F90000012502250232334406EB0C00032DE2618F
:10F910006662A362206363D1B4F862303B4359D17D
:10F9200004F16400FFF706FD920002F2FF12B1EB52
:10F93000522FE0624ED34FF0FF33C4E90533032D5D
:10F940004FF0800323712BD1B4F86830012B27D1FD
:10F95000711C2046FFF7E1FE10BBB4F8362220717F
:10F960004AF655239A421BD104F13800FFF7E2FC16
:10F97000284B984214D104F50770FFF7DBFC03F124
:10F98000FF5303F500532033984209D104F5087062
:10F99000FFF7D0FCA06104F50970FFF7CBFC6061B4
:10F9A0001D4A2570138801339BB2E38020461380E3
:10F9B000FFF76AFD00202CE703200135042D7FF4BA
:10F9C0004DAF042806D101E0042801D1012020E731
:10F9D000012801D90D201CE700264BE7032591E7FC
:10F9E000002FF7D0022D03EB0E004FEA42031BBF9E
:10F9F0009B1802F001021A4602EB530295E70B2016
:10FA000007E70C2005E70F2003E7032001E700BF0D
:10FA100008E100205252614104E1002001292DE952
:10FA2000F84305460C4616466ED9C3698B426BD91E
:10FA30000378022B3FD0032B4FD0012B64D101EB75
:10FA40005107816A01EB5721FFF767FE10B10120D2
:10FA5000BDE8F88305F1380807F10109C7F3080785
:10FA600014F0010418BF18F80720F3B21EBF02F00B
:10FA70000F0242EA0313DBB208F80730A96A012338
:10FA8000EB7001EB59212846FFF747FE0028DED135
:10FA9000C9F308023CB1C6F3071608F80260012357
:10FAA000EB700020D4E718F80230C6F3032623F0E9
:10FAB0000F031E43F1E7816A01EB1421FFF72DFECE
:10FAC0000028C4D1640005F1380304F4FF741A1946
:10FAD0001E55C6F307265670E1E7816A01EBD41183
:10FAE000FFF71BFE0028B2D1A40005F1380304F48F
:10FAF000FE7423441846FFF71DFC014666F31B0104
:10FB00001846FFF719FCCAE70220A1E740B10C290B
:10FB100004D80A2904D8006901F037BB0F29FAD1AB
:10FB2000704703284B8B04BF8A8A43EA0243184676
:10FB300070470129F8B506460C464ED9C36999426B
:10FB40004BD20378022B29D0032B34D0012B44D184
:10FB500001EB5105816A01EB5521FFF7DEFD10B184
:10FB60004FF0FF30F8BD6F1CB16AC5F3080535448E
:10FB700001EB5721304695F83850FFF7CEFD0028AD
:10FB8000EED1C7F30807374497F8383045EA032029
:10FB9000E3074CBF0009C0F30B00E3E7816A01EB08
:10FBA0001421FFF7BAFD0028DAD1640004F4FF74D1
:10FBB0003444208FD6E7816A01EBD411FFF7ADFD05
:10FBC0000028CDD1A40006F1380004F4FE742044CE
:10FBD000FFF7B0FB20F07040C4E70120C2E7F8B5A2
:10FBE0000C46012C0568064611462BD9EB69A34249
:10FBF00028D92AB14FF0FF322846FFF70FFF38B956
:10FC000021463068FFF795FF2746044608B90020D3
:10FC1000F8BD012816D0431C16D0002239462846CC
:10FC2000FFF7FCFE0028F3D1D5E90632911E8B4286
:10FC300005D20133AB612B7943F001032B71A24252
:10FC4000DED8E4E70220E3E70120E1E72DE9F04117
:10FC5000056880460F4671B96E69EEB1EB699E4248
:10FC600028BF01263446EB690134A34217D8012E80
:10FC700014D1002406E02846FFF75BFF0128044664
:10FC800003D801242046BDE8F081431C30D0EB6945
:10FC90008342F7D83E46E5E70126E3E70224D8F899
:10FCA00000002146FFF745FF30B10128E9D00130BF
:10FCB0001ED0B442D7D1DCE74FF0FF3221462846B0
:10FCC000FFF7ACFE90B957B9D5E90632023A934234
:10FCD0006C6110D92B7943F001032B71D2E72246D6
:10FCE00039462846FFF79AFE0028EDD00128C8D1F2
:10FCF0004FF0FF34C6E7013BAB61EBE743692DE909
:10FD0000F04703F12008C36905468A468BB1B8F570
:10FD1000001F0ED2C8F308070468002F4FD1816975
:10FD20000133C36141B92389B3EB581F47D800237E
:10FD3000EB610420BDE8F087B4F80A9009F1FF39BF
:10FD400019EA58293BD12046FFF7F3FE0128064661
:10FD500001D80220EEE7421C01D10120EAE7E36965
:10FD6000834226D8BAF1000FE1D0A9692846FFF7EF
:10FD70006DFF0646002835D00128EAD0431CECD0A0
:10FD80002046FFF7D2FB01460028E6D104F13800F7
:10FD90004FF40072FFF7D8FA31462046FFF782FB96
:10FDA0004FF0010A6389606399450FD3A0EB090006
:10FDB0006063AE6131462046FFF774FBE86138347A
:10FDC0003C44C5F814802C620020B3E784F803A0FB
:10FDD0002046FFF7AAFB0028BFD1606B09F101099B
:10FDE0000130DFE70720A5E72DE9F843FF26076884
:10FDF000804635460424D8F81C1019B9002C6AD066
:10FE0000042454E03846FFF788FC044600284ED10D
:10FE1000D8F820000378002BF2D0C27AE52B02F04C
:10FE20003F0288F8062048D02E2B46D022F0200131
:10FE3000082942D00F2A45D159063CD503F0BF0509
:10FE4000D8F81430467BC8F83030437BB34234D105
:10FE5000428B92BB0378FC68DFF880E023F040031C
:10FE6000013B0D214B434FF0010C4FF6FF791EF87B
:10FE7000011B415ABCF1000F21D0132B1DD824F8CF
:10FE800013108C46013301320D2AF0D1027852064C
:10FE900004D5132B11D8002224F81320013DEDB214
:10FEA00000214046FFF72AFF04460028A3D0002384
:10FEB000C8F81C300FE0AB42C7D0FF25F0E749453A
:10FEC000E1D0FAE71DB9FFF709FBB04203D04FF0CC
:10FED000FF33C8F830302046BDE8F883E42103083A
:10FEE000B1F5001FF8B506460C4601D30220F8BD57
:10FEF000CA06FBD1826805684161BAB92B78022B2A
:10FF000001D9EB6A9BB92B89B3EB541FEED9E86A90
:10FF1000C6E906200028E9D000EB54203835C4F3A8
:10FF200008042544F06135620020E0E713466F893C
:10FF30001A467F02BC42114603D22846FFF7B2FAA6
:10FF4000E6E73068FFF7F5FD431C024606D00128BE
:10FF5000CCD9EB698342C9D9E41BEBE70120C6E7A2
:10FF60002DE9F04F85B00368009300210446FFF7A8
:10FF7000B7FF0646002840F094804FF0FF3A4FF05C
:10FF8000FF08C4F830A0C146E1690098FFF7C5FB3F
:10FF90000646002840F08580256A2F78002F00F063
:10FFA0008480EA7AE52F02F03F03A37103D01007A3
:10FFB00059D50F2B02D0C4F830A04CE094F82F3064
:10FFC00059063ED47A0644D5636995F80D802363BB
:10FFD00007F0BF076B7B43453DD16B8B002B3AD1BC
:10FFE0002E78009BDFF8CC90D3F80CB006F03F06DB
:10FFF000013E0D235E43012219F8013BEB5A6AB31F
:020000040802F0
:10000000132E28D81846039301F060F8711C029053
:100010003BF81600019101F059F8029A82421AD178
:10002000039B01991A460E46214B4B45E4D12B7890
:100030005B0603D512B13BF8163063B9013F5FFA96
:1000400087F900212046FFF759FE064600289BD07D
:1000500027E0B945BED04FF0FF09F2E74FF6FF7138
:100060008B42E1D0F7E7B9F1000F04D12846FFF742
:1000700035FA404515D094F82F6016F001069AD154
:1000800004F1240205F10B0115F8013B12F8010BF4
:10009000A942A3EB000302D0002BF5D08BE7002B85
:1000A00089D1304605B0BDE8F08F0426F9E700BFDE
:1000B000F1210308E42103082DE9F04F90F82F8087
:1000C00018F0A00889B0044640F0A5800668F268E0
:1000D00032F81830002B6AD104F124070C2239467B
:1000E00005A8FFF705FB9DF81FB01BF0010F00F0FE
:1000F00099804023904D84F82F304FF0010A0B2255
:1001000005A93846D6F80C90FFF7F2FABAF1050FB8
:100110005ED9A9F10201534631F8022F002A49D1D4
:1001200005A8072203F00F0C0CF13001392988BF14
:100130000CF137010F2B00F8011D02F1FF324FEADD
:10014000131147D802F120036B447E2103F8141CDD
:1001500004F12301084600239A4206D010F801CF8B
:10016000BCF1200F03F1010E36D1072A9EBF02F128
:10017000180002F12000684403F1010396BF10F853
:10018000140C20200132072BC854EED92046FFF76B
:10019000E7FE8146002841D10AF1010ABAF1640F55
:1001A000ADD14FF00709484609B0BDE8F08F08F11E
:1001B00001088DE7102002F0010C0CEB430313F44F
:1001C000803F18BF6B4001384FEA5202F3D1A3E7DA
:1001D0005346A5E70B46A5E77346BDE780460121D8
:1001E0002046FFF78BFD814698B30428D9D0DAE783
:1001F00001462022206AFFF7A7F80B22206A394621
:10020000FFF776FA94F82F30226A03F0180313737D
:100210000123F370C7E74FF00609C4E70428C2D1F1
:1002200084F82FB01BF0020F18BF08F10C054FF037
:100230000001204618BF0D23D4F800A016BFB5FB5F
:10024000F3F501250135FFF74BFE81460028AAD1C1
:100250008046E1695046FFF760FA002869D1236AB9
:100260001B78E52B01D0002BB8D108F101084545DA
:10027000B5D1013D55D061692046A1EB4511FFF78D
:100280002FFE814600288ED13846FFF727F94FF61A
:10029000FF780190E1693046FFF73FFA8146002878
:1002A00081D1236A019AD6F80CE05A73E9B24FF073
:1002B0000F024FF00D0CDA72DFF880A018734A1E9F
:1002C0000CFB02F29876D87684461AF8019B4045DA
:1002D00018BF3EF8120003F8090003EB090B0CF1FC
:1002E000010C18BF01324FEA1029002808BF404610
:1002F000BCF10D0F8BF80190E7D1404502D03EF8DC
:1003000012200AB941F0400119700123F370002155
:100310002046FFF7F3FC814600287FF444AF013DFF
:10032000B8D1E1693046FFF7F8F9814600283FF47B
:100330005FAF4FF0010936E721100100E421030807
:100340002DE9F74F0368009306468A4611F8013BF2
:100350002F2BFAD05C2BF8D00023B3609AF8003032
:100360001F2B00F2928080230021304686F82F3028
:1003700003B0BDE8F04FFFF7B3BD013598E0152D90
:100380000CD00121204600F085FE38B17F2807D827
:10039000874911F8012B1AB19042FAD1062003E1E6
:1003A00028F8020F2F4678E032F8021D202902D0EB
:1003B0002E2940F08B80013F85E0013196E0C14558
:1003C00080F0C380BA4210D1B8F10B0F05D1C0E064
:1003D000BA4202D044F0030436D8AD00EDB23A463A
:1003E0004FF00B084FF00809A8E07F280CD9002136
:1003F000019200F04FFE44F00204019A50B16D49A1
:10040000014411F8800C28B16B4B13F8011B59B152
:100410008842FAD144F003045F2006EB090109F198
:10042000010981F8240089E0A0F14101192902D8CD
:1004300045F00205F1E7A0F1610119299EBF2038BE
:1004400045F0010580B2E8E74FF0080885E0A10714
:1004500000F19A80012D08BF44F01004042B08BF5E
:1004600044F0080490E05A0700F19E80B379DB065F
:1004700066D5009B03F138017369C3F3080319447F
:10048000009B1878FFF74DFBB0603368D3F80CB0D1
:100490000AF1FF39ABF10208002719F8014F1F2CB0
:1004A00007F101050CD92F2C02D05C2C7FF467AF2B
:1004B0001AF805202F2A3FF460AF5C2A3FF45DAFA5
:1004C000AA440BEB4702002F7FF46EAF4FF00003FE
:1004D0002BF817300BEB4705002F3FF45FAF2021BF
:1004E0000B2206F12400FEF72FFF00213BF811201C
:1004F000202A3FF462AF2E2A3FF45FAF1F2C8CBF3F
:1005000000240124A40009B144F0030435F8022DAD
:100510002E2A01D0013FF9D14FF000094FF0080811
:100520004D463BF811004A1CB8B1202804D02E28B3
:100530007FF445AFBA4205D044F003041146F0E71A
:10054000052031E0C145FFF43FAFB8F10B0F7FF458
:100550003FAF44F003044FF00B0896F82430E52B2E
:1005600004BF052386F82430B8F1080F04BFAD009E
:10057000EDB205F00C030C2B04D005F00305032DA0
:100580007FF465AF44F0020486F82F403046FFF751
:10059000E7FC96F82F3000283FF465AF042803D11C
:1005A00013F0040F08BF052003B0BDE8F08F00BFB3
:1005B0009A990208F1210308A399020838B50D465B
:1005C0000446E8B1036813B90920002419E01A7839
:1005D000002AF9D08188DA889142F5D1186900F0B3
:1005E000CBFD034678B123685878FEF75BFE10F028
:1005F0000100246805D000212046FFF787FAE3E7D1
:1006000009202C6038BD0F201C46FAE7F0B585B0F4
:10061000CDE9001003A816460391FEF76EFF0130E6
:100620002BD0174F3C6864B12046FEF72DFF2069A0
:1006300000F09DFD18B90224204605B0F0BD00234E
:100640002370019C14B93C600024F5E72146002585
:1006500001F8105B284600F07BFD0028EBD0012E4E
:100660003C60F1D101A92A466846FFF7ABF8044681
:1006700001460198FFF74AFADEE70B24DCE700BFEA
:1006800008E100202DE9F04F9DB09146019104460C
:10069000002800F0018102F03F08424603A901A8AA
:1006A000FFF790F8039D0746002866D104ABEB6086
:1006B0008DF84200002301990F950FA81793FFF7BB
:1006C0003FFE9DF842A0179E58B99DF96B30002B54
:1006D00057DB09F03E01003918BF01210FA8FEF7D2
:1006E00039FE19F01C0F69D000284CD0042844D1E1
:1006F0006A4B1A681AB11B69002B40F0C7800FA81B
:10070000FFF7DAFCC8BB9DF842A0179E48F0080826
:1007100003F016F80246014606F10E00FEF70CFE45
:10072000114606F11600FEF707FE2023F372287823
:100730003146FFF7F6F9002281462846FEF7E1FF31
:100740000022012332777277B277F277EB70B9F13A
:10075000000F40D049460FA8D5F834B08DF842A01C
:100760001796FFF73CFA40B959462846FEF7D5FFE1
:1007700009F1FF336B6170B301200023236007464A
:100780006EE00620ADE71AF0110F22D119F0040F28
:100790007ED119F0080FBBD16B6B8DF842A0B8F178
:1007A000010FC4E9093694BF002101210FA8179653
:1007B000FEF70AFE206188B90220DEE70028DCD1BE
:1007C0001AF0100F66D119F0020FE5D01AF0010FE0
:1007D000E2D00720D1E748F04008DDE7287831462D
:1007E000FFF79FF9A06006F11C00FEF7A3FD0021B2
:1007F000EB88E06004F13006E1622560A38084F8B4
:10080000148061752162A1614FF400723046FEF7D9
:100810009BFD18F0200F23D0D4F80C80B8F1000F06
:100820001ED0B5F80A90A168C4F818804FEA49298B
:10083000C8451DD80020E16100289ED1C8F30803F7
:1008400073B12846FEF72EFE0028B5D000EB5822E3
:100850002262687801233146FEF742FD00288BD1E1
:1008600039462846FFF752F938461DB0BDE8F08FEB
:100870002068FFF75EF901280146A8EB090803D9B3
:10088000431CD5D10120D6E70220D4E7122074E71B
:10089000082072E7042070E70927E5E7E4E000207C
:1008A0002DE9F04F9B4687B000238A46CBF80030F5
:1008B00005A904469046FFF781FE059D074608B945
:1008C000677D27B139462846FFF720F909E0237DE7
:1008D00013F00103029308D107212846FFF716F908
:1008E0000727384607B0BDE8F08FA369E668F61A17
:1008F000464504F1300328BF464601930EB9314600
:10090000E1E7A169C1F30803002B40F08180B5F84D
:100910000A9009F1FF3919EA51291FD149B9A06894
:10092000012811D8022161752846FFF7EFF8022748
:10093000D7E7E36A1BB12046FEF7BFFDF0E7E169A8
:100940002068FFF7F6F8EBE7431C06D1012161753B
:100950002846FFF7DBF8029FC3E7E061E16928461C
:10096000FEF7A0FD0028DDD0B6F5007F09EB0008FA
:1009700032D36A89687809EB562191424FEA5623AF
:10098000514688BFA2EB090342460393FEF7A8FC39
:10099000039B0028DAD194F91420002A0EDA206A89
:1009A000A0EB0800984209D24FF4007204F1300124
:1009B0000AEB40200393FEF79BFE039B4FEA43287C
:1009C000A3694344A361DBF800304344C244CBF83D
:1009D0000030A6EB080691E7226A424516D094F94A
:1009E0001430002B0ADA019968780123FEF786FC9F
:1009F0000028ABD1237D03F07F032375019968782C
:100A000001234246FEF76CFC00289FD1C4F82080E9
:100A1000A169019BC1F30801C1F50078B04528BF69
:100A2000B046424619445046FEF762FEC8E72DE93B
:100A3000F04F9A4685B000238946CAF8003003A9D2
:100A400004461646FFF7BAFD039D074608B9677DC1
:100A500027B139462846FFF759F807E0237D9A0762
:100A600008D407212846FFF751F80727384605B074
:100A7000BDE8F08FA369F34228BFDE4304F13003E1
:100A80000093D6B1A169C1F30803002B40F0988010
:100A9000B5F80A8008F1FF3818EA51282BD131B98E
:100AA000A06890B901462046FFF7D0F804E0E36A59
:100AB0004BB12046FEF701FD38B9237D43F04003DA
:100AC00023750021C6E7E169EDE7012806D102217F
:100AD00061752846FFF71AF80227C7E7431C06D1BD
:100AE000012161752846FFF711F80127BEE7A368C9
:100AF000E06103B9A06094F91430002B0BDA226A8C
:100B0000009968780123FEF7F9FB0028E8D1237DDE
:100B100003F07F032375E1692846FEF7C3FC002834
:100B2000D5D0B6F5007F08EB000B37D3698908EB09
:100B3000562088424FEA5623687888BFA1EB080305
:100B40005A4649460193FEF7D9FB019B0028C7D1BD
:100B5000216AA1EB0B0199420DD24FF4007209EB0F
:100B6000412104F130000193FEF7C2FD227D019B7B
:100B700002F07F0222754FEA4328A369E2684344EA
:100B8000A3619A422CBFE260E360DAF8003043448C
:100B9000C144CAF80030A6EB080672E7236A5B4539
:100BA0000CD0E168A369994208D9687801235A46B4
:100BB00004F13001FEF794FB002891D1C4F820B075
:100BC000A069009BC0F30800C0F50078B04528BFBD
:100BD000B046184442464946FEF78AFD237D63F03D
:100BE0007F032375C9E72DE9F34101A90546FFF706
:100BF000E5FC019F0446002843D12B7D13F04004FF
:100C00003FD01B0614D52A6A7878012305F13001FC
:100C1000FEF774FB40B101213846FEF777FF01244F
:100C2000204602B0BDE8F0812B7D03F07F032B75D9
:100C300002F086FD696A80463846FEF76EFD04467E
:100C4000F8B9AE6AF37A43F02003F372AA68286811
:100C50003146FEF756FDE96806F11C00FEF76CFB15
:100C6000414606F11600FEF767FB0123B474F474E5
:100C70003846FB70FEF7F1FC2B7D23F04003044661
:100C80002B7521463846FEF741FFC9E737B50546C3
:100C9000FFF7A9FF044678B901A92846FFF78EFCA3
:100CA000044648B92869FEF7D1FB044600B928601C
:100CB00001980021FEF72AFF204603B030BD2DE940
:100CC000F04F85B00D4603A90446FFF777FC039E5D
:100CD000074608B9677D27B139463046FEF716FF4B
:100CE00022E0E36A002B00F082806A1C44D11D469A
:100CF000D4F8089055F804BB4FF00208B9F1000F82
:100D000031D048464FF0000A014601902068FEF7B6
:100D100010FF012801990AF1010A0BD8022161751F
:100D20003046FEF7F3FE0227384605B0BDE8F08FE7
:100D30008146E6E7431C06D1012161753046FEF786
:100D4000E5FE0127F0E701318142DDD008F102081C
:100D5000C34521BF2B4643F808ABC5F804901D4698
:100D6000F3698342E4D8E36AD845C3F8008000F20F
:100D7000B48000232B60AFE7E3689D4228BF1D4687
:100D8000A561002DA8D005F1FF3841462046FEF7A9
:100D900094FB0146E0613046FEF784FB0028BDD09D
:100DA000C5F30805002D97D07589013D05EA582542
:100DB0000544226AAA428FD094F91430002B04F122
:100DC00030080ADA707801234146FEF797FA0028C6
:100DD000B2D1237D03F07F032375707801232A4667
:100DE0004146FEF77DFA0028A6D1256274E7E36844
:100DF000AB4204D2227D12F0020F08BF1D46002232
:100E0000A369A26185B90025E268A369934282BF04
:100E1000227DE36042F04002C3F3080388BF2275DD
:100E2000002B3FF459AFC4E7B6F80A804FEA4828D0
:100E300083B1013B6A1EB3FBF8F1B2FBF8F28A42C0
:100E400008D3C8F100021340E169A361ED1A00293B
:100E5000D9D002E0A16899B1E1614545A3691CD8E8
:100E6000A3692B44A361C5F30803002BCBD0304604
:100E7000FEF718FB00283FF451AF00EB5525C3E700
:100E80002046FEF7E3FE012801463FF447AF481C29
:100E90003FF452AFA160E161D9E74344A361237DF0
:100EA0009A07A5EB080906D52046FEF7CFFE0546B2
:100EB00028B90146D4E72068FEF73BFE05466B1CC7
:100EC0003FF43AAF012D7FF629AFF369AB427FF6CD
:100ED00025AFE56129464D46BFE71127FCE670B511
:100EE0008EB005460191002840D0002202A901A839
:100EF000FEF768FC029E0446002830D103AB2E604A
:100F00000199F3602846FFF71BFA044620BB95F9C8
:100F10002F30002B07DBAB79DB0623D53078296A2D
:100F2000FEF7FFFDA860F388AB8000212846FEF79E
:100F3000D7FF044698B9AB6863B101462846FEF76F
:100F400043FA286180B121463046FEF7DFFD204696
:100F50000EB070BD2861F6E7042808BF0524002301
:100F60002B60F0E70524FAE71224F8E70924EEE7FE
:100F700037B501A90546FFF721FB044638B92869B2
:100F800040B900232B6001980021FEF7BFFD2046E9
:100F900003B030BDFEF75AFA0028F2D00224F2E77F
:100FA0002DE9F0418CB00E4669460546FFF706FB79
:100FB000009F044628B966B901462846FEF790FF0F
:100FC000044638462146FEF7A1FD20460CB0BDE898
:100FD000F08101ABFB602846FEF706FF10F0FB082E
:100FE0000446EED131462846FEF7C4FA414628466B
:100FF000FEF784FE0428044614BF04460024E0E7FC
:101000002DE9F34104469046064600254F1EAF42A7
:1010100012DD01AB012269464046FFF741FC019B0E
:10102000012B09D19DF800300D2BF2D00A2B06F8C8
:10103000013B05F10105EAD100239D4214BF204682
:101040001846337002B0BDE8F081000030B50E4B99
:101050005C7A054604F0FF00A4B95C7A18555C7A06
:1010600003EB840465605C7A1C4422725A7A541C37
:10107000E4B25C723A2330324B702F230A708B70CB
:10108000C87030BD0120FCE70CE100200022FFF712
:10109000DDBF00007F2815D931B1FF2811D80A4BD8
:1010A000803833F810007047074B33F8022B824228
:1010B00005D001318029F8D18031C8B2704789B29A
:1010C000FAE70020704700BF2025030870B51E4BCB
:1010D0001E4AB0F5805F38BF1346191D31F8043C35
:1010E0000A46ABB1984213D331F8024C250AE6B256
:1010F00053FA84F4A04221DA082D09D8DFE805F07C
:1011000005090F11131517191B00C01A31F810002B
:1011100070BDC31A03F00103C01A80B2F8E710389B
:10112000FBE72038F9E73038F7E71A38F5E70830F9
:10113000F3E75038F1E7A0F5E350EEE70431002D76
:10114000CCD102EB4603C8E7722203082E23030822
:1011500013B500230C4668460121CDE9003300F0A9
:1011600086F82060003818BF012002B010BD08B515
:1011700000F0C7F8012008BD08B54FF47A7100F0FF
:1011800099F8B0FA80F0400908BD00F0B8B808B589
:1011900001F0EEF8002008BD08B501F00BFC0138A5
:1011A00018BF012008BDEFF305830BB101F03EB974
:1011B00001F036B970B5054646692A69B5F90840A7
:1011C0000B4686B0D0E9001076B1AD6965B1842CCC
:1011D00014BF03340024CDE90165009400F0F8FF4A
:1011E0000590059806B070BD842C14BF033400240C
:1011F00005ADCDE9004592B201F022F80128F0D00A
:101200000020EFE708B5012838BF012001F06EFA91
:10121000002008BD07B500230193EFF30583ABB1B0
:1012200001A900F0B6FB012802D0FF2003B000BDE9
:10123000019B4BB14FF0E0234FF08052C3F8042DD7
:10124000BFF34F8FBFF36F8F0020EFE71A461946A9
:1012500000F043FA0128E8D1F6E710B5EFF3058472
:101260001CB900F0FDFD204610BD8224FBE70346BB
:1012700013B55C68084664B1012919D10323002223
:1012800000931146234600F0BAF90446204602B006
:1012900010BD0129FAD12146032200F0FAF90446D3
:1012A0000028F3D000231A46194600F016FAEDE79D
:1012B0000024EBE707B500230193F0B1EFF30582BB
:1012C000B2B101AA194600F032FD012802D0FF2078
:1012D00003B000BD019B4BB14FF0E0234FF08052B3
:1012E000C3F8042DBFF34F8FBFF36F8F0020EFE7DC
:1012F00000F03FFC0128F9D0E9E78020E8E7FFF79C
:1013000089BFFFF7AABF13B5034607C80AB1DB6858
:101310002BB9002202B0BDE8104000F0BAB9002499
:10132000009400F06CF902B010BD1FB501910021CE
:101330000391EFF30583BBB10B4603AA01A900F0AB
:10134000CBFA012802D0FF2005B000BD039B4BB1B2
:101350004FF0E0234FF08052C3F8042DBFF34F8FBE
:10136000BFF36F8F0020EFE7012A38BF012201A9E8
:1013700000F0B3F90128F5D0E5E730B585B00023DA
:101380000546144608460391029311B98023019340
:1013900018E00093EFF30583E3B16A4602A900F079
:1013A000C6FC431E58425841009B000101904BB1BE
:1013B0004FF0E0234FF08052C3F8042DBFF34F8F5E
:1013C000BFF36F8F04AB13E9070085E807002846D9
:1013D00005B030BD02A900F02DFB012801D110237A
:1013E000D5E7003C18BF0124A4010194EAE700F10D
:1013F00008034FF0FF32C0E902234360036100237A
:101400000360704700230361704743684B609A682C
:101410008A60516099600368086101330360704716
:1014200030B50C68631C0AD103695A684A60916040
:101430008B605960036808610133036030BD00F1BF
:101440000802134652681568A542FAD9EDE7D0E9BB
:10145000011203698A6051605968814208BF5A606D
:10146000002202611A68013A1A601868704710B5C4
:10147000044601F04FFEA46B01F06CFEB4FA84F058
:10148000400910BD70B51646026C856B044642B922
:1014900006689EB9806801F0E5FAA6600135A5638B
:1014A00070BD6EB9406805F07CFC6368226C134423
:1014B000A2686360934224BF236863600020EDE765
:1014C000C06805F06EFC226CE36851429B1A2268EA
:1014D000E36093423EBFA3685B18E360022EEDD148
:1014E0000DB1013DEAE72846D8E7034610B41A6C6F
:1014F000084662B1DC68A1189C68D960A14228BF87
:1015000019685DF8044B28BFD96005F04ABC5DF846
:10151000044B704770B5044601F0FCFD94F845504B
:1015200004F124066DB2002D01DD636AB3B9FF2317
:1015300084F8453001F00EFE01F0ECFD94F84450C3
:1015400004F110066DB2002D01DD23697BB9FF2384
:1015500084F84430BDE8704001F0FCBD304601F035
:1015600093F908B101F01AFA013D6DB2DBE730469C
:1015700001F08AF908B101F011FA013D6DB2E2E71C
:1015800038B50D46044640B94FF0500383F3118837
:10159000BFF36F8FBFF34F8FFEE701F0BBFDD4E9C0
:1015A0000F31226862604B43D0185B1A1A44A06066
:1015B000FF230020A063E26084F8443084F84530C3
:1015C000A5B9236973B104F1100001F05DF948B1C8
:1015D0004FF0E0234FF08052C3F8042DBFF34F8F3C
:1015E000BFF36F8F01F0B6FD012038BD04F110008C
:1015F000FFF7FDFE04F12400FFF7F9FEF2E737B52F
:101600000D461C4640B94FF0500383F31188BFF3D9
:101610006F8FBFF34F8FFEE743B94FF0500383F353
:101620001188BFF36F8FBFF34F8FFEE74AB191B9B7
:101630004FF0500383F31188BFF36F8FBFF34F8FC9
:10164000FEE741B14FF0500383F31188BFF36F8F72
:10165000BFF34F8FFEE748230193019B482B08D02F
:101660004FF0500383F31188BFF36F8FBFF34F8F99
:10167000FEE70121002D08BF2246C4E90F0584F8CA
:10168000461022602046019BFFF77AFF204603B0F8
:1016900030BD70B50D46064640B94FF0500383F398
:1016A0001188BFF36F8FBFF34F8FFEE74843483079
:1016B00001F098FE044660B1002380F8463055B131
:1016C00000F14803C4E90F65236001212046FFF7BC
:1016D00057FF204670BD0346F4E72DE9FF410F4652
:1016E00001921E46044640B94FF0500383F311881F
:1016F000BFF36F8FBFF34F8FFEE751B9036C43B158
:101700004FF0500383F31188BFF36F8FBFF34F8FF8
:10171000FEE7022E0BD1E36B012B08D04FF05003F4
:1017200083F31188BFF36F8FBFF34F8FFEE701F094
:1017300041F9054650B9019B4BB14FF0500383F37B
:101740001188BFF36F8FBFF34F8FFEE700254FF077
:10175000000839E0022E3DD0019B1BB901F0FAFCD4
:10176000002050E015B902A801F0D0F801F0F2FC19
:1017700000F04EFE01F0CEFC94F84430FF2B08BF81
:1017800084F8448094F84530FF2B08BF84F84580E6
:1017900001F0E0FC01A902A801F0C4F8002848D13A
:1017A00001F0B8FCA26BE36B9A422FD101F0D2FC9E
:1017B000019904F1100001F02FF82046FFF7AAFE6E
:1017C00000F0D4FE50B3012501F0A4FCA26BE36B42
:1017D0009A42BFD2324639462046FFF753FE636A2B
:1017E0001BB104F1240001F04FF848B14FF0E023A1
:1017F0004FF08052C3F8042DBFF34F8FBFF36F8FAC
:1018000001F0A8FC012004B0BDE8F08101F0A2FCC9
:101810002046FFF77FFE00F0A9FED4E74FF0E0235B
:101820004FF08052C3F8042DBFF34F8FBFF36F8F7B
:10183000C9E72046FFF76EFE00F098FE90E713B56B
:1018400000220B46009011460120FFF7D8FE00232E
:1018500083600360C3601A4619460446FFF73DFFE4
:10186000204602B010BD38B5044640B94FF05003D1
:1018700083F31188BFF36F8FBFF34F8FFEE7856847
:1018800001F092F885420BD1E368013BE3600BB1B4
:10189000012038BD1A4619462046FFF71EFFF7E71C
:1018A0000020F6E738B5482001F09CFD044688B1D9
:1018B00000250121C0E90F1580F846500060FFF7B0
:1018C0005FFEA5602560E5602B462A462946204636
:1018D000FFF703FF204638BD2DE9F8438946174638
:1018E0001E46044640B94FF0500383F31188BFF3FE
:1018F0006F8FBFF34F8FFEE751B9036C43B14FF0C9
:10190000500383F31188BFF36F8FBFF34F8FFEE750
:10191000022E0BD1E36B012B08D04FF0500383F361
:101920001188BFF36F8FBFF34F8FFEE701F006FD05
:10193000EFF311884FF0500383F31188BFF36F8FDB
:10194000BFF34F8FA26BE36B9A4201D3022E1ED1DD
:1019500094F84550A36B6DB2324649462046FFF7D6
:1019600091FD6B1C0ED1636A3BB104F1240000F0C1
:101970008BFF10B10FB101233B60012088F3118868
:10198000BDE8F88301356DB284F84550F5E70020D5
:10199000F4E770B50D46044640B94FF0500383F3A9
:1019A0001188BFF36F8FBFF34F8FFEE7036C43B116
:1019B0004FF0500383F31188BFF36F8FBFF34F8F46
:1019C000FEE7036853B9836843B14FF0500383F3D4
:1019D0001188BFF36F8FBFF34F8FFEE701F0AEFCAE
:1019E000EFF311864FF0500383F31188BFF36F8F2D
:1019F000BFF34F8FA26BE36B934219D994F8451054
:101A00000132FF294BB2A2630DD1636A3BB104F1ED
:101A1000240000F039FF10B10DB101232B6001202B
:101A200086F3118870BD01335BB284F84530F6E768
:101A30000020F5E72DE9FF410E460192044640B92A
:101A40004FF0500383F31188BFF36F8FBFF34F8FB5
:101A5000FEE751B9036C43B14FF0500383F3118893
:101A6000BFF36F8FBFF34F8FFEE700F0A3FF054674
:101A700050B9019B4BB14FF0500383F31188BFF372
:101A80006F8FBFF34F8FFEE700254FF000083DE05A
:101A9000019B1BB901F05EFB002056E015B902A8BE
:101AA00000F034FF01F056FB00F0B2FC01F032FB15
:101AB00094F84430FF2B08BF84F8448094F84530F4
:101AC000FF2B08BF84F8458001F044FB01A902A860
:101AD00000F028FF002841D12046FFF7C8FCB8B32A
:101AE000019904F1240000F097FE2046FFF712FD53
:101AF00000F03CFD48B94FF0E0234FF08052C3F8AE
:101B0000042DBFF34F8FBFF36F8F012501F002FB50
:101B1000A76B002FBCD031462046013FFFF7E5FC04
:101B2000A763236973B104F1100000F0ADFE48B162
:101B30004FF0E0234FF08052C3F8042DBFF34F8FD6
:101B4000BFF36F8F01F006FB012004B0BDE8F08108
:101B50002046FFF7DFFC00F009FDD6E72046FFF73F
:101B6000D9FC00F003FD2046FFF781FC0028CCD013
:101B700092E7F0B585B00446019140B94FF05003AB
:101B800083F31188BFF36F8FBFF34F8FFEE7056CB0
:101B900045B14FF0500383F31188BFF36F8FBFF34C
:101BA0004F8FFEE700F006FF064650B9019B5BB180
:101BB0004FF0500383F31188BFF36F8FBFF34F8F44
:101BC000FEE72E46002752E00546FBE7019B5BB986
:101BD000002D00F08A804FF0500383F31188BFF38B
:101BE0006F8FBFF34F8FFEE716B902A800F08EFE8D
:101BF00001F0B0FA00F00CFC01F08CFA94F84430DB
:101C0000FF2B08BF84F8447094F84530FF2B08BFC1
:101C100084F8457001F09EFA01A902A800F082FE46
:101C200000284CD12046FFF722FC002841D0236831
:101C30003BB901F06FFAA06800F0CCFE054601F058
:101C400089FA019904F1240000F0E6FD2046FFF72F
:101C500061FC00F08BFC48B94FF0E0234FF080525C
:101C6000C3F8042DBFF34F8FBFF36F8F012601F030
:101C700051FAA36B002BA9D0013BA363236813B9CE
:101C800000F094FFA060236973B104F1100000F02C
:101C9000FBFD48B14FF0E0234FF08052C3F8042D14
:101CA000BFF34F8FBFF36F8F01F054FA012005B0DF
:101CB000F0BD2046FFF72EFC00F058FCD6E720468A
:101CC000FFF728FC00F052FC2046FFF7D0FB00286D
:101CD000CCD065B101F01EFA616A19B1236B1968A5
:101CE000C1F10701A06800F00DFF01F033FA0020F8
:101CF000DDE770B50D46044640B94FF0500383F35D
:101D00001188BFF36F8FBFF34F8FFEE7866800F037
:101D10004BFE864204D1E3680133E360012005E015
:101D200029462046FFF725FF0028F4D170BD2DE994
:101D3000F84389469046044640B94FF0500383F378
:101D40001188BFF36F8FBFF34F8FFEE751B9036C5C
:101D500043B14FF0500383F31188BFF36F8FBFF38C
:101D60004F8FFEE701F0EAFAEFF311874FF05003CF
:101D700083F31188BFF36F8FBFF34F8FA56B0DB344
:101D800094F84460494676B22046FFF7AEFB013D29
:101D9000731CA56311D1236953B104F1100000F045
:101DA00073FD28B1B8F1000F02D00123C8F800304C
:101DB000012087F31188BDE8F883013676B284F8F4
:101DC0004460F5E72846F4E710B5044640B94FF003
:101DD000500383F31188BFF36F8FBFF34F8FFEE77C
:101DE00001F098F9A46B01F0B5F9204610BD40B997
:101DF0004FF0500383F31188BFF36F8FBFF34F8F02
:101E0000FEE7806BB0FA80F04009704730B5074AB2
:101E1000002352F8335002EBC3041DB942F83310CB
:101E2000606030BD0133082BF3D1FAE718E10020E0
:101E300010B5094A002352F8331081424FEAC30417
:101E400006D1064A002142F833102244516010BDE9
:101E50000133082BEFD1FAE71CE1002018E1002044
:101E600010B540B94FF0500383F31188BFF36F8F63
:101E7000BFF34F8FFEE7FFF7DBFF90F846301BB94B
:101E8000BDE8104001F048BB10BD70B504460D46DA
:101E9000164601F03FF994F84430FF2B04BF0023AD
:101EA00084F8443094F84530FF2B04BF002384F8B5
:101EB000453001F04FF9A36B2BB93246294604F1A6
:101EC000240000F0C3FC2046BDE87040FFF722BBB1
:101ED0002DE9F041044601F01DF92F4B2F4E1A68F1
:101EE0002F4F01321A603568002D4AD134601B68CB
:101EF000012B1FD1B84640460135FFF778FA072D70
:101F000008F11408F7D1DFF8C080264D4046FFF7EE
:101F10006EFA2846FFF76BFA2348FFF768FA234862
:101F2000FFF765FA2248FFF762FA224BC3F80080F8
:101F3000214B1D60214A2249136808680133136050
:101F4000E26A01239340034314200B6000FB0270FC
:101F5000211DFFF75AFA01F0FDF81A4B1B6873B107
:101F60003368DA6AE36A9A4209D24FF0E0234FF00D
:101F70008052C3F8042DBFF34F8FBFF36F8FBDE8BE
:101F8000F081104B1B68002BD4D13368DA6AE36A06
:101F90009A4298BF3460CDE77CE100207CE20020CB
:101FA000F0E10020C8E10020ACE1002098E1002031
:101FB00080E10020C4E10020C0E1002060E10020B9
:101FC00074E1002070E10020DCE10020F8B51A4B3C
:101FD0001A4D1C680646286804300F46FFF737FA8A
:101FE00040B92A681649D06A0B680122824023EA68
:101FF00002030B60731C07D137B129681148BDE893
:10200000F8400431FFF701BA2B68A4195C6007D3CC
:102010000D4B18682968BDE8F8400431FFF700BA95
:102020000A4B186829680431FFF7FAF9084B1A6857
:10203000A24288BF1C60F8BD78E100207CE200204D
:1020400074E1002080E10020C0E10020C4E1002014
:102050005CE10020064A13681968064B19B94FF075
:10206000FF321A6070471268D268D2685268F8E787
:10207000C4E100205CE1002010B50446503004F0BB
:10208000C7FD94F8A1303BB9206B01F045FA20461A
:10209000BDE8104001F040BA012BF8D0022B08D067
:1020A0004FF0500383F31188BFF36F8FBFF34F8F4F
:1020B000FEE710BD80B5134C134F144D236873B960
:1020C000134B1B68012BF8D94FF0E0234FF08052DF
:1020D000C3F8042DBFF34F8FBFF36F8FEDE701F00F
:1020E00019F8FB68DE68301DFFF7B1F92B68013B7A
:1020F0002B602368013B236001F02CF83046FFF78A
:10210000BBFFDBE794E1002098E100207CE10020A8
:10211000F0E100202DE9F047DDE909949600324610
:1021200007460D46206BA521984604F0C0FC236BA2
:10213000043E1E4426F00706002D43D06B1E04F11A
:1021400033020F3513F8011F02F8011F09B1AB422A
:10215000F8D1002384F84330089D062D28BF0625BA
:102160004FF0000AE5626564201DC4F848A0FFF73F
:1021700049F9C5F1070504F11800FFF743F9C4F860
:102180009CA04C2251462461A5616462C4F84CA015
:1021900084F8A0A004F1500004F089FC0B4B6365A7
:1021A00003F16802D033A265E36542463946304602
:1021B00000F086FF2060B9F1000F01D0C9F800409F
:1021C000BDE8F08784F83450C6E700BFB0F80120BE
:1021D00070B586B0DDE90B5445B94FF0500383F379
:1021E0001188BFF36F8FBFF34F8FFEE744B94FF0F5
:1021F000500383F31188BFF36F8FBFF34F8FFEE758
:10220000A4260596059EA42E08D04FF0500383F314
:102210001188BFF36F8FBFF34F8FFEE72563022551
:1022200084F8A15004AD01950A9D02940095059E85
:10223000FFF770FF2046FFF74BFE049806B070BD15
:102240002DE9F043074685B090008846164699462A
:1022500001F0C8F8054620B94FF0FF3005B0BDE8E1
:10226000F083A42001F0BEF8044698B1002380F862
:10227000A1300D9B056301930C9B029000933246A5
:102280004B4641463846FFF745FF2046FFF720FE04
:102290000120E3E7284601F03FF9DDE770B5044689
:1022A0002A4D00F037FF04B92C68261D3046FFF791
:1022B000CEF860B9E06A264A14234343D35833B9B1
:1022C000244901220B68824023EA02030B60A36ABF
:1022D0001BB104F11800FFF7BAF81F4A1368013365
:1022E00013602B68A3421BD11C483146FFF78DF8C1
:1022F0001B4A13680133136000F02CFF194B1B6855
:1023000013B32B68A3421FD1174B1B6893B14FF037
:10231000500383F31188BFF36F8FBFF34F8FFEE736
:10232000124A13682046013B1360FFF7A5FEFFF732
:1023300091FEE1E74FF0E0234FF08052C3F8042D07
:10234000BFF34F8FBFF36F8F70BD00BF7CE20020E3
:10235000F0E1002074E1002060E1002098E100201D
:1023600094E1002070E1002058E100207CE1002091
:1023700010B588B0002407AA06A905A8CDE9054430
:1023800001F0F4F9059B0293069B079A19491A4834
:10239000CDE900432346FFF71BFF40B300F064FC88
:1023A000012819D14FF0500383F31188BFF36F8FC9
:1023B000BFF34F8F114B124A1B6850331360114B00
:1023C0004FF0FF321A60104B1860104B1C6008B0C1
:1023D000BDE8104000F02EBF013008D14FF050038F
:1023E00083F31188BFF36F8FBFF34F8FFEE708B001
:1023F00010BD00BFAA990208B52002087CE20020A7
:10240000500100205CE1002070E1002078E1002014
:10241000024A136801331360704700BF58E100207F
:10242000014B1868704700BF78E1002008B500F044
:1024300085FF014B186808BD78E10020404B1B6800
:102440002DE9F74F002B75D13E4B1C6801341C6001
:10245000BCB93D4B1A68126842B14FF0500383F388
:102460001188BFF36F8FBFF34F8FFEE7374A1968AC
:10247000106818601160364A136801331360FFF763
:10248000E9FD344E344F3368DFF8D8809C424FF07A
:1024900000050AD3DFF8B0B0DFF8CCA0DBF80030DD
:1024A0001B68A3B94FF0FF333360D8F80030DB6A04
:1024B00014225343F858294B1B68012898BF002B5E
:1024C00014BF01200020284303B0BDE8F08FDBF8E3
:1024D0000030DB68D3F80C90D9F80420944201D284
:1024E0003260E2E709F1040318460193FEF7AFFFFB
:1024F000D9F828201AB109F11800FEF7A8FFD9F879
:102500002C00DAF80010012303FA00F20A43CAF89B
:102510000020142209F1040102FB0070FEF775FF90
:10252000D8F80010D9F82C20CB6A9A4228BF45F081
:102530000105B3E70A4A1368013313600020C3E7BB
:1025400058E1002078E10020C4E10020C0E1002033
:1025500064E100205CE10020F0E1002068E100205F
:102560006CE100207CE2002074E100202DE9F843BA
:10257000314C236843B94FF0500383F31188BFF304
:102580006F8FBFF34F8FFEE700F0C4FD2368013B60
:10259000236024682CB1002400F0DCFD2046BDE857
:1025A000F883264B1B68002BF5D0254D254EDFF810
:1025B000A4801FE0EB68DC6804F1040904F1180052
:1025C000FEF745FF4846FEF742FFE26A3168012701
:1025D00007FA02F314200B4300FB028049463360E4
:1025E000FEF713FF184BE26A1B68DB6A9A4201D3BD
:1025F000164B1F602B68002BDCD10CB1FFF72AFDB6
:10260000134D2C6844B1114E0127FFF717FF00B19D
:102610003760013CF9D12C600C4B1B68002BBAD001
:102620004FF0E0234FF08052C3F8042DBFF34F8FDB
:10263000BFF36F8F0124AFE758E100207CE1002059
:10264000ACE1002074E100207CE2002068E1002081
:102650006CE10020F0E1002010B540B94FF05003CC
:1026600083F31188BFF36F8FBFF34F8FFEE741B93C
:102670004FF0500383F31188BFF36F8FBFF34F8F79
:10268000FEE7184B1B6843B14FF0500383F31188EA
:10269000BFF36F8FBFF34F8FFEE7FFF7B9FE124B0B
:1026A00004681A6863182CBF0121002194420FD9D5
:1026B00079B90360FFF75AFF48B94FF0E0234FF0B4
:1026C0008052C3F8042DBFF34F8FBFF36F8F10BD3F
:1026D00009B99A42EDD203600021981AFFF776FCFF
:1026E000E8E700BF58E1002078E1002008B550B9C4
:1026F0004FF0E0234FF08052C3F8042DBFF34F8F0B
:10270000BFF36F8F08BD0A4B196841B14FF05003FA
:1027100083F31188BFF36F8FBFF34F8FFEE7FFF78F
:1027200077FEFFF753FCFFF721FF0028E0D0E9E731
:1027300058E1002038B50D46044608B9044B1C6822
:1027400000F0E8FCE564BDE8384000F003BD00BFE0
:102750007CE2002010B5044608B9044B1C6800F068
:10276000D9FCE46C00F0F6FC204610BD7CE20020B1
:10277000234B1A68234B10B512B101221A6010BD09
:10278000214C1A6023681B6B1A68B2F1A53F0BD16C
:102790005A68B2F1A53F07D19A68B2F1A53F03D1BB
:1027A000DB68B3F1A53F04D0206821683431DEF73F
:1027B00079FD164B1B68B3FA83F3DBB21422C3F125
:1027C0001F0313485343C118C25842B94FF0500376
:1027D00083F31188BFF36F8FBFF34F8FFEE74A6813
:1027E000083352684A6003449A4204BF52684A6000
:1027F000D36823602368074A50331360BFE700BFE4
:1028000058E1002068E100207CE2002074E1002013
:10281000F0E100205001002010B50C4640B94FF007
:10282000500383F31188BFF36F8FBFF34F8FFEE721
:10283000054B19681831FEF7F3FD20460121BDE86C
:102840001040FFF7C3BB00BF7CE2002038B50D4647
:10285000144640B94FF0500383F31188BFF36F8FD4
:10286000BFF34F8FFEE7074B19681831FEF7CDFD18
:10287000002C21460CBF28464FF0FF30BDE8384001
:10288000FFF7A4BB7CE2002038B5C368DC6844B91C
:102890004FF0500383F31188BFF36F8FBFF34F8F57
:1028A000FEE704F118052846FEF7D1FD114B1B6821
:1028B000E3B9251D2846FEF7CAFD0F49E26A0868FC
:1028C0000123934003430B600C4B1420294600FB6B
:1028D0000230FEF79AFD0A4BE26A1B68DB6A9A42F5
:1028E00083BF084B01201860002038BD06482946E8
:1028F000EFE700BF58E1002074E10020F0E1002084
:102900007CE2002068E10020ACE10020034B1B6862
:102910000360034B1B684360704700BF64E1002005
:1029200078E1002070B50C46054640B94FF05003E1
:1029300083F31188BFF36F8FBFF34F8FFEE741B969
:102940004FF0500383F31188BFF36F8FBFF34F8FA6
:10295000FEE700F0DFFB0F4B196823685A1C10D00C
:102960000D482E6800686A68864201D08A420FD9F5
:10297000881A83420AD95B1A134423602846FFF75A
:10298000C5FF002400F0E6FB204670BD0023236055
:102990000124F7E778E1002064E10020014B0122E7
:1029A0001A60704768E10020014B1868704700BF4B
:1029B0007CE20020054B1B6833B1054B1868B0FA68
:1029C00080F04009400070470120704770E100200E
:1029D00058E10020F8B50446002830D01E4DC36AE7
:1029E0002A68D26A93422FD282691C4E002AA1BF64
:1029F0002A68D26AC2F107028261142202FB0363D1
:102A000042699A421CD1071D3846FEF720FD144A40
:102A100030B9E06A13680121814023EA01031360A1
:102A20002B681168D86AE062012383400B4313606E
:102A30001423394603FB0060FEF7E7FC0120F8BDD4
:102A40002B68DB6AC362F9E72B68406CDB6A98424B
:102A50002CBF00200120F2E77CE20020F0E1002002
:102A600074E10020F8B5044608B90020F8BD224BF7
:102A70001B68834208D04FF0500383F31188BFF3E3
:102A80006F8FBFF34F8FFEE79B6C43B94FF050033E
:102A900083F31188BFF36F8FBFF34F8FFEE7C16AD7
:102AA000426C013B91428364DFD0002BDDD1061DD7
:102AB0003046FEF7CCFC114F114A50B9E16A14239D
:102AC0004B43FB582BB9136801258D4023EA0503BE
:102AD0001360636CE362C3F10701A1611168012413
:102AE00004FA03F514200D4300FB03703146156012
:102AF000FEF78BFC2046B9E77CE20020F0E10020E5
:102B000074E10020F8B50446002847D0826C42B931
:102B10004FF0500383F31188BFF36F8FBFF34F8FD4
:102B2000FEE7436C994238BF1946C36A8B4235D0E1
:102B3000012A33D11A4A1268824208D14FF0500359
:102B400083F31188BFF36F8FBFF34F8FFEE7826966
:102B5000144DC162002A4FF0140202FB0353426974
:102B6000A4BFC1F1070181619A4217D1071D384600
:102B7000FEF76DFCE66A0C4B0122B24018B91C68E6
:102B800024EA02041C601C68142022431A6039469F
:102B900000FB0650BDE8F840FEF737BCF8BD00BFAB
:102BA0007CE20020F0E1002074E10020044B1A6870
:102BB0001AB119688A6C01328A641868704700BFBC
:102BC0007CE20020914208B5416000610AD8D21A27
:102BD00083699A420DD2084B011D1868FEF720FC4C
:102BE000002008BD9A4201D2994202D2034B011D36
:102BF000F3E70120F5E700BF4CE3002050E300209D
:102C0000F7B5114C00F086FA2568BDB90F4F104E8C
:102C10003846FEF7ECFB3046FEF7E9FB0D4B0E4A5B
:102C20001F600E4B0C211E600A200D4B0095FEF715
:102C3000E6FC206010B10B49FFF7E8F803B0BDE8EF
:102C4000F04000F087BA00BF48E3002068E30020AE
:102C500054E3002050E30020C8E200204CE30020B1
:102C600080E20020AF99020810B588B0FFF7C8FFD6
:102C7000124B1B68B3B1002407AA06A905A8CDE929
:102C8000054400F07FFD059B0293069B01930623FC
:102C90000093079A0A490B482346FFF799FA0A4B13
:102CA000186040B94FF0500383F31188BFF36F8F62
:102CB000BFF34F8FFEE7012008B010BD48E30020AE
:102CC000B4990208F52D020844E300202DE9F041F3
:102CD000804628200D4616461F4600F083FB04461A
:102CE000F0B1002380F8243045B94FF0500383F34E
:102CF0001188BFF36F8FBFF34F8FFEE7FFF780FFA1
:102D0000069BC4F80080C4E906572362201DFEF725
:102D100079FB2EB194F8243043F0040384F8243076
:102D20002046BDE8F08100007FB5154604461A46EE
:102D300040B94FF0500383F31188BFF36F8FBFF397
:102D40004F8FFEE70D4E306888B10529CDE901159A
:102D500003940EDCFFF72EFE0346022B4FF0000318
:102D600030680CBF089A1A4601A9FEF7B6FC04B0F9
:102D700070BD002301A9FEF7AFFDF8E748E300208E
:102D8000F7B51A4D2B681A682AB9194A11682960D3
:102D9000136003B0F0BDDB68DC681E68271D384691
:102DA000FEF755FB236A2046984794F824305B07CA
:102DB000E8D5A36933449E4206D228686360246143
:102DC0003946FEF72DFBDDE7002300933246194616
:102DD0002046FFF7A9FF0028D4D14FF0500383F31A
:102DE0001188BFF36F8FBFF34F8FFEE750E30020D2
:102DF0004CE300202DE9F043794F7A4E87B03B68D1
:102E0000D3F80080B8F1000F28D0DB68D3F8008039
:102E10000024FFF7FDFAFFF703FB336898420546ED
:102E20001ED3306024B3704B1B681C68B4FA84F462
:102E300064096E4B22461868A8EB0501FFF725F8D8
:102E4000FFF794FB88B94FF0E0234FF08052C3F8AE
:102E5000042DBFF34F8FBFF36F8F06E00124D8E737
:102E6000FFF78EFF3560FFF781FBDFF880817AE0A6
:102E70008045DED8FFF77AFB3B68DB68D3F80C901F
:102E800009F10400FEF7E3FA99F82430580719D540
:102E9000D9F8181043462A4641444846FFF792FEA7
:102EA000A0B100942346424621464846FFF73CFF26
:102EB00060B94FF0500383F31188BFF36F8FBFF3F6
:102EC0004F8FFEE723F0010389F82430D9F8203032
:102ED00048469847C9E794F82430A16943F00103B4
:102EE00084F82430049B2A4619442046FFF76AFEE2
:102EF000002838D0236A2046984794F82430590790
:102F000031D5A269049900230A440093194620464A
:102F1000FFF70AFF38BB4FF0500383F31188BFF36C
:102F20006F8FBFF34F8FFEE794F8243023F0010337
:102F300084F8243017E094F824300499A16143F018
:102F4000010384F8243041B94FF0500383F3118812
:102F5000BFF36F8FBFF34F8FFEE72B462A462944FE
:102F60002046FFF72FFED8F80000002203A9FEF745
:102F700061FD00283FF443AF039B002BF3DB059C6E
:102F8000636913B1201DFEF762FAFFF749FA33684F
:102F90009842054601D2FFF7F3FE039B3560092BEB
:102FA000E1D801A252F823F0D72E0208D72E02084A
:102FB000D72E0208292F0208372F0208D12F020826
:102FC000D72E0208D72E0208292F0208372F020811
:102FD00094F824309A07A9D4204600F09DFAC2E75D
:102FE00050E3002040E300204CE3002048E30020B1
:102FF00010B5044640B94FF0500383F31188BFF376
:103000006F8FBFF34F8FFEE700F084F894F82440F1
:1030100004F0010400F09EF8204610BD10B50446EF
:1030200040B94FF0500383F31188BFF36F8FBFF3A4
:103030004F8FFEE700F06EF8E46900F08BF8204651
:1030400010BD000008480068006880F308884FF051
:10305000000080F3148862B661B6BFF34F8FBFF3F0
:103060006F8F00DF00BF000008ED00E0DFF80C000C
:10307000016841F4700101607047000088ED00E0D4
:1030800082B0002301930D4B1B68013308D04FF031
:10309000500383F31188BFF36F8FBFF34F8FFEE7A9
:1030A0004FF0500383F31188BFF36F8FBFF34F8F3F
:1030B000019B002BFCD002B0704700BFD400002061
:1030C0004FF0807340F8043C074B40F80C3C21F073
:1030D00001016FF0020340F8081C40F8202C40F872
:1030E000243C4438704700BF8130020800000000D3
:1030F000074B19680868B0E8F04F80F30988BFF300
:103100006F8F4FF0000080F311887047AFF300809D
:103110007CE200204FF0500383F31188BFF36F8FE0
:10312000BFF34F8F0A4A13680133012B13600ED18E
:103130004FF0E023D3F8043DDBB243B14FF050032E
:1031400083F31188BFF36F8FBFF34F8FFEE7704794
:10315000D4000020084A136843B94FF0500383F3AA
:103160001188BFF36F8FBFF34F8FFEE7013B1360F2
:103170000BB983F311887047D400002000000000D1
:10318000EFF30980BFF36F8F154B1A681EF0100F15
:1031900008BF20ED108A20E9F04F106009B44FF00D
:1031A000500080F31188BFF34F8FBFF36F8FFFF78D
:1031B000DFFA4FF0000080F3118809BC1968086835
:1031C000B0E8F04F1EF0100F08BFB0EC108A80F38B
:1031D0000988BFF36F8F7047AFF30080AFF30080B3
:1031E0007CE2002008B54FF0500383F31188BFF351
:1031F0006F8FBFF34F8FFFF721F928B14FF0E02316
:103200004FF08052C3F8042D002383F3118808BDCA
:103210004FF0E022002313619361054B4FF47A7164
:103220001B68B3FBF1F3013B536107231361704744
:10323000DC0000204FF0E02337B5D3F8001D394AF9
:10324000914208D14FF0500383F31188BFF36F8F81
:10325000BFF34F8FFEE7D3F8002D334B9A4208D1CE
:103260004FF0500383F31188BFF36F8FBFF34F8F7D
:10327000FEE72E4B1A78D2B20192FF221A701B7809
:103280002B4ADBB28DF803309DF8033003F0500376
:103290001370284A072313609DF80300000603F10A
:1032A000FF310AD4032B11D04FF0500383F3118860
:1032B000BFF36F8FBFF34F8FFEE79DF803301160B0
:1032C0005B00DBB28DF803300B46E5E74FF440734B
:1032D0001360019B154A4FF0E024DBB21370D4F861
:1032E000203D43F47003C4F8203DD4F8203D43F062
:1032F0007043C4F8203DFFF78BFF0F4B00251D6086
:10330000FFF7B4FED4F8343F43F04043C4F8343FF1
:10331000FFF798FEFFF72CFAFFF7B2FE284603B03E
:1033200030BD00BF71C20F4170C20F4100E400E028
:1033300080E300207CE30020D4000020EFF305832D
:103340000F2B0ED9114A9B5C114A12789A4208D968
:103350004FF0500383F31188BFF36F8FBFF34F8F8C
:10336000FEE74FF0E0230B4AD3F80C3D126803F45C
:10337000E063934208D94FF0500383F31188BFF301
:103380006F8FBFF34F8FFEE7704700BFF0E300E0A1
:1033900080E300207CE3002010B5104B1A461B6828
:1033A0008342FBD354681119884201BF416810461B
:1033B00009195160446801198B420CD10849096808
:1033C0008B4203D0596821444160196801609042E2
:1033D00018BF106010BD1946F8E700BF9CE300203D
:1033E00098E300202DE9F0410446FFF711F8424927
:1033F000424D0B68FBB9424A56071CBF0732414B8E
:10340000414E1ABF22F007029B1A4FF618131344BD
:10341000083B23F00703002070603260C3E900001E
:10342000981AC2E900300B60384B1860384B1860AE
:103430004FF000432B602F68274207D0FFF796F824
:10344000DDF732FF00263046BDE8F081002CF5D0D4
:1034500004F1080360071CBF23F007030833002BA7
:10346000ECD0DFF8AC80D8F800509D42E6D3264A75
:1034700014686068984201D22668B6B90968A1420A
:10348000DCD0216816681160C21A102A06F10806FD
:1034900012D9E01841070BD04FF0500383F3118885
:1034A000BFF36F8FBFF34F8FFEE722463446E0E74E
:1034B00042606360FFF770FF62681449AD1A1743FA
:1034C000144A08686760002323601368C8F8005036
:1034D000854203F1010338BF0D601360FFF746F822
:1034E0007307B0D04FF0500383F31188BFF36F8F91
:1034F000BFF34F8FFEE700BF98E3002084E3002076
:10350000A4E30020BCDC01209CE3002090E3002029
:1035100094E300208CE3002010B5044690B31A4ACF
:1035200050F8043C1268134208D14FF0500383F363
:103530001188BFF36F8FBFF34F8FFEE750F8081C61
:1035400041B14FF0500383F31188BFF36F8FBFF386
:103550004F8FFEE723EA020340F8043CFEF758FFD2
:103560000A4A54F8043C1168A4F108000B441360A3
:10357000FFF712FF064A1368BDE8104001331360DD
:10358000FEF7F4BF10BD00BF84E3002094E30020E9
:1035900088E30020F8B50446FEF73AFF184B1B6895
:1035A00043B3184A002511684FF0FF372E465A687A
:1035B0001B68954238BF1546974228BF1746994267
:1035C00006F10106F3D1FEF7D1FFC4E90157E66029
:1035D000FFF7A0FD0C4B1B6823600C4B1B6863615D
:1035E0000B4B1B68A3610B4B1B682361BDE8F840C4
:1035F000FFF7B0BD4FF0FF371D461E46E3E700BFA3
:103600009CE3002098E3002094E300208CE300205A
:1036100088E3002090E3002008B513460A460146DF
:103620000348F7F717FB003818BF012008BD00BF9B
:1036300030E9012008B513460A4601460348F7F76A
:103640009BFB003818BF012008BD00BF30E90120F6
:1036500008B50348F7F71FFE043818BF012008BD5E
:1036600030E9012001460148F7F703BE30E90120A7
:10367000704708B5FFF7FCFF08BD08B500F0D6FAA3
:1036800008BD08B500F0DAFA08BD07B501238DF8CA
:10369000073000F057F808B98DF807009DF80700CB
:1036A00003B000BD08B5FFF7F0FF012804D1BDE865
:1036B00008400248F7F7C2BD012008BD30E90120EB
:1036C00013B5174B002401941A6B42F480021A635D
:1036D0001B6B03F480032246019305213A20019BD2
:1036E000F4F768FE3A20F4F797FE224605213B20C6
:1036F000F4F760FE3B20F4F78FFE224605214420BC
:10370000F4F758FE4420F4F787FE224605214620B0
:10371000F4F750FE462002B0BDE81040F4F77CBE3E
:103720000038024008B503490348FDF7AFFC034BDE
:10373000187008BD24E101202026030828E101209B
:103740000020704708B54FF480410348F5F72AF987
:10375000B0FA80F0400908BD0004024008B500F04E
:103760007BFE0120FDF74EFDFBE70000034B0360ED
:10377000034B0B6080231360704700BFD0E701202C
:10378000D0E50120034B0360034B0B604FF48073C3
:10379000136070472CE501202CE1012030B5084D65
:1037A0000FCD89B001AC0FC495E8070084E807008D
:1037B000002101A8FDF7FEFC024B186009B030BDE6
:1037C0004882020874E8012030B514228BB00DEB5A
:1037D0000200002103F06BF900243B4B01941A6BAB
:1037E0003A4842F004021A631A6B02F00402019292
:1037F000019A02941A6B42F080021A631A6B02F06B
:1038000080020292029A03941A6B42F001021A6338
:103810001A6B02F001020392039A04941A6B42F0AD
:1038200002021A631B6B03F00203049322464FF457
:103830000051049BF5F7BCF8224625481821F5F7FE
:10384000B7F8224623480521F5F7B2F821480122AE
:103850002021F5F7ADF84FF40052112305A91B48BC
:10386000CDE905230125CDE90744F4F7D5FF07236A
:1038700005A917480795CDE90534F4F7CDFF1823BE
:1038800005A91348CDE90535CDE90744F4F7C4FF90
:10389000252305A90F48CDE90535CDE90744F4F7FF
:1038A000BBFF47F2024305A90A480795CDE9053455
:1038B000F4F7B2FF40230748079405A9CDE9053482
:1038C000F4F7AAFF0BB030BD0038024000080240F8
:1038D00000000240000402400C490D4A08B50D4B9F
:1038E0000B600023C1E9012308464FF48042C1E97F
:1038F0000423C1E90633CB600B62F5F711FA18B166
:10390000BDE8084000F0B0B808BD00BF78E801206D
:10391000801A06000054004030B5044689B01422D5
:10392000002103A803F0C3F82268144B9A4222D165
:10393000134C144800250195236B43F002032363C5
:10394000236B03F002030193019B4FF44072122397
:10395000CDE9032303210423CDE9061303A9F4F7DA
:103960005BFF0295236C43F400132364236C03F480
:1039700000130293029B09B030BD00BF0054004009
:10398000003802400004024070B5102594B02A4669
:1039900000210AA803F08BF81422002103A803F0E9
:1039A00086F800231E4A0193116C41F08051116486
:1039B000126C02F080520192019A1A4A0293116825
:1039C00041F4404111601268109502F44042022413
:1039D0000292CDE90E43029AF0234FF4803203267F
:1039E000CDE90862CDE911340122052308A8CDE90B
:1039F0000B251393F6F758FD08B172B6FEE70F23B7
:103A0000CDE903344FF48053CDE9063005903146BB
:103A100003A8F6F725FF08B172B6FEE714B070BD33
:103A2000003802400070004008B5F4F771FCFFF761
:103A3000ABFFFFF7C9FEFFF743FE00F0A9F900F066
:103A4000F3FAFFF749FF00F001F9FFF76BFE00F012
:103A50006BFC00F0FFFB00F015FBDDF7A1FBFFF7AF
:103A60009DFEFDF794FBFEE772B6FEE730B5124B04
:103A70001C7814F0010489B0154619D1032919D80E
:103A8000DFE801F00D0208106846FFF7EBFD069B2A
:103A90002B6004E06846FFF7E5FD079B2B8020467E
:103AA00009B030BD6846FFF7DDFD079B5B0AEFE715
:103AB0000324F4E70424F2E7D800002038B5FDF72A
:103AC00072FB47F22F550446FDF76DFB031BAB421B
:103AD00002D94FF0FF3003E0FFF7BAFD0028F3D121
:103AE00038BD00007FB50C4615461E46FFF7E6FFC1
:103AF000013002D1012004B070BD32462946204673
:103B0000FFF798FD0028F5D10D4B47F230521968A8
:103B100001A8FDF732FC019B102BEBD1029B022B7D
:103B2000E8D1FDF740FB47F22F550446FDF73BFB7C
:103B3000031BAB42DED8FFF78BFD0028F6D1DAE796
:103B4000CCE801207FB50C4615461E46FFF7B6FFB0
:103B5000013002D1012004B070BD32462946204612
:103B6000FFF75AFD0028F5D10D4B47F23052196886
:103B700001A8FDF702FC019B102BEBD1029B012B4E
:103B8000E8D1FDF710FB47F22F550446FDF70BFB7C
:103B9000031BAB42DED8FFF75BFD0028F6D1DAE766
:103BA000CCE8012010B5064C01232370FFF750FD2F
:103BB00018B9237803F0FE032370207810BD00BFEE
:103BC000D8000020F0B5164C85B001252570FDF712
:103BD000E3FA08B3FFF766FD50B92570FFF738FD2B
:103BE00018B9237803F0FE0323702378DBB2237027
:103BF0002378012B10D00B4E37686FB90A4B0FCBCF
:103C00008DE80F0039466846FDF77DFB306018B936
:103C1000237843F001032370207805B0F0BD00BF86
:103C2000D8000020CCE8012064820208024B002268
:103C300018680221FDF779BBCCE80120024B002275
:103C400018680121FDF771BBCCE80120054B06493E
:103C50000022C3E90012C3E90222C3E904229A61E7
:103C6000704700BF30E90120002C01402DE9F043EE
:103C7000064689B01422002103A802F018FF32681A
:103C80003E4B9A4276D103F58633002500955A6C57
:103C90003B4842F400625A645A6C02F4006200929B
:103CA000009A01951A6B42F001021A631A6B02F036
:103CB00001020192019A02951A6B42F002021A6304
:103CC0001B6B03F002030C24029303274FF002083E
:103CD0000DEB0401029B079440234FF00109CDE94D
:103CE0000338CDE90597F4F797FD4FF400430DEB4A
:103CF000040124480794CDE90338CDE90557F4F7CA
:103D00008BFD80230DEB04011E480794CDE9033899
:103D10001D4CCDE90597F4F77FFD1C4A25624FF055
:103D20000063C4E900234FF480614FF480534FF4E3
:103D30008040C4E904132023C4E906030423C4E932
:103D40000255C4E909374FF400054FF4001320462B
:103D5000C4E90B53F4F798FB08B1FFF785FE312057
:103D60003464F46300220521A663F4F723FB3120B9
:103D7000F4F752FB09B0BDE8F08300BF002C01400E
:103D80000000024000040240D0E8012058640240D4
:103D90000F4A08B50F4B13604FF482710023C2E93C
:103DA00001131146D360136153614FF40072C1E9EE
:103DB00006230B624B628B6208460A23CB62F7F73D
:103DC000DFFC18B1BDE80840FFF74EBE08BD00BFDC
:103DD00014EA0120003001402DE9F041064688B088
:103DE0001422002103A802F062FE32682B4B9A4293
:103DF00050D103F58433002500955A6C284842F4CD
:103E000080525A645A6C02F480520092009A0195D2
:103E10001A6B42F001021A631A6B02F0010201925E
:103E2000019A02951A6B42F002021A631B6B03F0AF
:103E3000020302930524029B4FF00208A0230327EC
:103E400003A9CDE90338CDE90674F4F7E5FC1023A6
:103E50001448079403A9144CCDE90338CDE905575C
:103E6000F4F7DAFC114A4FF08063C4E900234023E1
:103E7000C4E9023520464FF48063C4E90435C4E93F
:103E80000655C4E90855F4F7FFFA08B1FFF7ECFD51
:103E9000B464A66308B0BDE8F08100BF0030014003
:103EA0000000024000040240B4E9012040640240E6
:103EB00082B00E4B00220092596C41F4804159644B
:103EC000596C01F48041009100990192196C41F004
:103ED000805119641B6C03F080530193019B0F21E7
:103EE0006FF0010002B0F4F765BA00BF003802407D
:103EF000FEE7FEE7FEE7FEE7FEE7704708B5F4F7EA
:103F000021FAFEF757FD012803D0BDE80840FFF76E
:103F100069B908BD0148F9F78DB900BF08EC012067
:103F20000148F7F71FBA00BF30E901200148F4F754
:103F3000B3BB00BFB4E901200148F4F7ADBB00BF3B
:103F4000D0E801200148F5F743BF00BFCCF10120C4
:103F50000148F4F7A1BB00BFA8EB01200148F4F72A
:103F60009BBB00BF48EB01200120704708B502F061
:103F7000E3FE162303604FF0FF3008BD08B502F0E2
:103F8000DBFE16230360FEE770B50D4614460E46B1
:103F9000731B9C4201DC204670BDAFF3008006F825
:103FA000010BF5E770B50D4614460E46731B9C4297
:103FB00001DC204670BD16F8010BAFF30080F5E779
:103FC0004FF0FF3070474FF400534B6000207047B4
:103FD00001207047002070470A4A0346106810B558
:103FE00008B9094810600949094C0344091B8B4270
:103FF00006D902F0A1FE0C2303604FF0FF3010BD84
:104000001360FCE76CEA012090FA01200000022016
:1040100080000000034AD2F8883043F47003C2F8ED
:104020008830704700ED00E010B58CB020220021F0
:1040300004A802F03CFD124A00244FF08043C2E97C
:1040400000344FF0FF33C2E9033403A901231046C3
:10405000CDE9014494609461039305930993F8F7C3
:104060008BFA08B1FFF700FD054801A9CDE901442D
:10407000F8F7F2FD08B1FFF7F7FC0CB010BD00BF78
:10408000B8EA01201FB510220021684602F00FFD9A
:104090001649174B0B604FF6FF7200230846C1E923
:1040A0000133C1E903238B61F8F7E2F908B1FFF7A7
:1040B000DBFC0E48F8F734FA08B1FFF7D5FC002214
:1040C00001230A486946CDE90023CDE90222F8F729
:1040D0005BFB08B1FFF7C8FC04480221F8F718FEA3
:1040E00008B1FFF7C1FC05B000BD00BF70EA0120B8
:1040F0000048014010B5044688B01822002102A8EB
:1041000002F0D5FC2368154A93420DD10023009399
:10411000134B5A6C42F001025A645B6C03F00103CA
:104120000093009B08B010BD0E4A9342FAD10223BF
:10413000029302A80C4B0693F6F752FC08B1FFF766
:1041400093FC00230193064B5A6C42F480225A647C
:104150005B6C03F480230193019BE3E700000140C3
:1041600000380240004801400003190070B50446C1
:1041700088B01422002103A802F099FC2368B3F14F
:10418000804F35D103F50E33002400941A6C194882
:1041900042F001021A641A6C02F001020092009AC5
:1041A00001941A6B42F001021A631A6B02F00102C9
:1041B0000192019A02941A6B42F002021A631B6B7D
:1041C00003F002030293029B02264FF400430125F1
:1041D00003A9CDE903360795F4F71EFB082306482B
:1041E000079503A9CDE90336CDE90544F4F714FB9F
:1041F00008B070BD000002400004024010B5044643
:1042000086B01422002101A802F051FC22680E4B56
:104210009A4216D1002300930C4B0D481A6B42F0C2
:1042200001021A631B6B03F001030093009B4FF420
:1042300080720223CDE9012301A901230593F4F73C
:10424000EBFA06B010BD00BF00000140003802408C
:104250000000024010B596B01022002103A80024EF
:1042600002F025FC1C2221460DEB0200CDE90144A1
:1042700002F01DFC202221460EA802F018FC284A5C
:10428000284B9460C2E9003410466423C2E9033429
:10429000C2E90544F8F7ECF808B1FFF7E5FB4FF485
:1042A00080531F48039303A9F8F704FB08B1FFF7F5
:1042B000DBFB1B48F8F708F908B1FFF7D5FB002333
:1042C000174801A9CDE90133F8F7C6FC08B1FFF79B
:1042D000CBFB002460223223CDE9072310480D9444
:1042E000224607A9CDE90944CDE90B44F8F7C4F902
:1042F00008B1FFF7B9FB4FF40053094812940EA917
:10430000CDE90E44CDE9104413931594F8F7DAFC87
:1043100008B1FFF7A9FB0248FFF770FF16B010BD08
:1043200000EB0120000001400B4908B50B4B0B606E
:104330004FF4E1320023C1E9012308460C22C1E910
:104340000333C1E90523CB61F8F77CFD18B1BDE863
:104350000840FFF789BB08BD08EC012000100140B0
:1043600070B5064688B01422002103A802F09FFB16
:104370003268334B9A4260D1002503F5943301959E
:104380005A6C42F010025A645A6C02F01002019208
:10439000019A02951A6B42F001021A631B6B03F03B
:1043A00001030293029B4FF4C0600223CDE9030393
:1043B00003240723234803A9CDE90643F4F72CFA85
:1043C000214CDFF890C0A5614FF00063C4E900C341
:1043D0004FF48063C4E9043520464FF48073C4E988
:1043E0000255C4E907356562F4F74EF808B1FFF7E6
:1043F0003BFB164AF463A663154C4FF00063C4E917
:104400000023402100234FF480622046C4E90213B8
:10441000C4E90423C4E90633C4E90833F4F734F8E3
:1044200008B1FFF721FBB463252000220521A66314
:10443000F3F7C0FF2520F3F7EFFF08B070BD00BF12
:104440000010014000000240A8EB0120B8640240C7
:1044500048EB01208864024008B50F490F4800224C
:10446000FAF7C3FA08B1FFF7FFFA0D490B48FAF75C
:10447000CFFA08B1FFF7F8FA0A490848FAF77AFACA
:1044800008B1FFF7F1FA0548FAF7DBFA18B1BDE811
:104490000840FFF7E9BA08BD2801002050EC0120D0
:1044A00090000020E00000200020704700207047AE
:1044B0000020704708B501460348FAF774FA02482D
:1044C000FAF77DFA002008BD50EC012008B5002263
:1044D00004490548FAF759FA04490348FAF763FA18
:1044E000002008BD2CEF012050EC01206CEF0120D2
:1044F00030B5044689B01422002103A802F0D7FA8F
:104500002368B3F1A04F2ED1184C1948002501950E
:10451000236B43F001032363236B03F00103019337
:104520004FF4C052019B0223CDE9032303210A2348
:10453000CDE9061303A9F4F76FF9636B43F0800329
:1045400063630295636C43F480436364636C03F4B8
:104550008043029343202A460521029BF3F72AFF5A
:104560004320F3F759FF09B030BD00BF00380240C7
:104570000000024000F29C41D0F8E004FAF773BA60
:10458000242303FB0103D0F8E004D3F86022FAF7F8
:104590009ABA242303FB0103D0F8E0041A6AFAF75D
:1045A000CCBAD0F8E004FAF768BB10B5C379022B97
:1045B000044601D0FFF758FAD4F8E0040121FAF7D5
:1045C00040FBD4F8E004BDE81040FAF70ABB000055
:1045D00010B50446D0F8E004FAF736FB2268D2F8AA
:1045E000003E43F00103C2F8003EE37A23B1034AE0
:1045F000136943F00603136110BD00BF00ED00E036
:10460000D0F8E004FAF72EBBD0F8E004FAF755BB77
:10461000D0F8E004FAF73EBBD0F8E004FAF760BB4C
:10462000D0F8E004FAF75EBB08B50278034622BB77
:104630001348C0F8E034C3F8C8024FF0A043036049
:10464000042303714FF40073C38002234372428139
:104650000273C281F5F707FA08B1FFF705FA802166
:104660000748F5F71CFF402200210548F5F7F8FE42
:10467000034880220121F5F7F3FE002008BD00BFAA
:10468000CCF1012011F0800FD0F8C8324FF0240295
:104690001BBF01F07F0102FB013302FB0133987D58
:1046A00008BF93F856027047D0F8C802F5F7F8BA79
:1046B00000487047ACEF0120704718B102280CBFCA
:1046C00001200320704708B5D0F8C802F5F73AFA80
:1046D000BDE80840FFF7F1BF10B51446D0F8C80296
:1046E0001A462346F5F760FABDE81040FFF7E5BF2C
:1046F00008B5D0F8C802F5F78CFABDE80840FFF716
:10470000DCBF08B5D0F8C802F5F7ECFABDE8084000
:10471000FFF7D3BF08B5D0F8C802F5F71AFBBDE81C
:104720000840FFF7CABF08B5D0F8C802F5F729FA64
:10473000BDE80840FFF7C1BF08B5D0F8C802F5F7DB
:10474000B7FABDE80840FFF7B8BF08B5D0F8C8020F
:10475000F5F789FABDE80840FFF7AFBF122301481B
:104760000B80704714010020042301480B80704720
:1047700010010020002370B54D1C1E46040FB0F13F
:10478000204F34BF3034373401F8134005F813603C
:104790000133DCB2A2424FEA0010EFD870BD000036
:1047A0001A2310B50B800A4BD3F8100AD3F8182A35
:1047B00080180AD0D3F8144A06490822FFF7DAFF16
:1047C000042210312046FFF7D5FF034810BD00BF7B
:1047D0000070FF1FF6000020F400002008B50A4614
:1047E00002480349FAF7FCFC014808BDC8990208D1
:1047F000B0F6012008B50A4602480349FAF7F0FC72
:10480000014808BDDB990208B0F6012008B50A4648
:1048100002480349FAF7E4FC014808BDF19902088F
:10482000B0F6012008B50A4602480349FAF7D8FC59
:10483000014808BDFC990208B0F60120DFF834D029
:104840000D480E490E4A002302E0D458C4500433E8
:10485000C4188C42F9D30B4A0B4C002301E01360BF
:104860000432A242FBD3FFF7D5FB02F06BFAFFF74D
:10487000DBF870470000022000000020A4010020A7
:10488000D0290308A80100208CFA0120FEE7026865
:10489000D207034605D4427802B1FFDE01205870EA
:1048A00070470020704701230360704700F0F0BBA1
:1048B00038B52DED028B55EC104B00F0F3F8224685
:1048C0002B4620462946B0EE408AF0EE608ADCF79F
:1048D00045F930B90022002320462946DCF716F9B5
:1048E00030B9B0EE480AF0EE680ABDEC028B38BD74
:1048F00002F022FA0022002321210160104619460D
:10490000DBF7BCFF41EC180BB0EE480AF0EE680A8A
:10491000BDEC028B38BD00BF51EC100B1E4A21F0DC
:10492000004393421DD900B51C4A934285B007D974
:1049300002460B46DBF7C0FC41EC100B05B000BD96
:10494000684600F07DFC00F0030001289DED000B9F
:104950009DED021B13D0022807D098B900F09CF9F6
:10496000ECE79FED0B1B00F097B900F095F953ECC5
:10497000102B03F1004300EE903A05B000BD00F0AB
:10498000C3FAF4E7012000F0BFFAD7E7AFF30080E5
:104990000000000000000000FB21E93FFFFFEF7F67
:1049A00051EC100B1E4A21F0004393421ED900B572
:1049B0001C4A934285B007D902460B46DBF77CFCC4
:1049C00041EC100B05B000BD684600F039FC00F06A
:1049D000030001289DED000B9DED021B16D002285F
:1049E00009D0B0B9012000F08FFAEBE79FED0A1B68
:1049F000002000F089BA012000F086FA53EC102B59
:104A000003F1004300EE903A05B000BD00F044F918
:104A1000D8E700F041F9F1E70000000000000000D5
:104A2000FB21E93FFFFFEF7F38B555EC104B2B1E04
:104A3000C3F30A51A1F2FF32C3F31303ACBF012049
:104A40004FF0FF30132A43F480130CDC002A1FDBE5
:104A50004FF4002111411944C2F1140321FA03F368
:104A600003FB00F038BD1E2A16D8A1F213414FF007
:104A70000045CD402D1928BF0133142A03FA01F354
:104A8000C2F1340101D0CD402B4303FB00F038BD0F
:104A9000013218BF002038BD20462946DCF774F8E3
:104AA00038BD00BF2DE9F84F774955EC104BA943AD
:104AB00000F0AE80002D2A46234655DD2C1562D02D
:104AC000C2F31302E107A4F2FF3742F4801203D4C9
:104AD000520002EBD3725B005200002602EBD3724D
:104AE0007F105B001624B4464FF400110CEB01005C
:104AF00090424FEAD3754FEA430303DC00EB010C0D
:104B0000121A0E44013C05EB42024FEA5101EDD16D
:104B1000A04620254FF000400AE043D0510001EBB1
:104B2000D371013D0A464FEA43034FEA500045D096
:104B3000624500EB080EF0DDBEF1000F0EEB000841
:104B40000CDBE146A2EB0C019E4588BF01F1FF3171
:104B50004900CC46A3EB0E030444E0E7B8F1000F94
:104B6000EFDB0CF10109EDE725F00041214346D0D0
:104B7000002D74D1D90A153A5B050029FAD0CE026E
:104B800014467DD40A4600215200D502084601F1A0
:104B90000101F9D5C1F1200523FA05F52A438B401F
:104BA000241A8DE79E4502D94FEA4C01B7E7BEF1C2
:104BB000000F0EEB000824DB0021CBE7194312D0D5
:104BC000DFF8C8A0DFF8C8B0DAE90001DBE90023AC
:104BD000DBF772FBDAE9008902460B46404649469C
:104BE000DBF79EFF10BB6508711001F17F5101F5E5
:104BF000001101EB075345EAC67243EC102BBDE8E8
:104C0000F88FB8F1000FD7DB0CF1010C0021A1E700
:104C100022462B4620462946DBF706FD22462B4638
:104C2000DBF74CFB41EC100BBDE8F88FB4F1FF3F14
:104C3000DAE90001DBE900231ED0DBF73FFBDAE90C
:104C4000008902460B4640464946DBF75FFFA8B1A4
:104C5000A31C04F1020508BF01366D08C4E7224613
:104C60002B4620462946DBF727FB02460B46DBF79F
:104C700005FE41EC100BC2E70136B5E70134B2E79F
:104C80004FF0FF300A468BE70000F07F58260308FC
:104C900050260308000000002DE9F04F57EC106B80
:104CA00027F00048B8F1795F5BEC11AB85B071D2A9
:104CB00030463946DBF768FF002800F0F4803246C2
:104CC0003B4630463946DBF7AFFC79A3D3E90023F6
:104CD00004460D46DBF7A8FC77A3D3E90023DBF7F6
:104CE000EDFA22462B46DBF79FFC75A3D3E90023A0
:104CF000DBF7E2FA22462B46DBF796FC72A3D3E9F8
:104D00000023DBF7DBFA22462B46DBF78DFC70A392
:104D1000D3E90023DBF7D0FA22462B46DBF784FCED
:104D20006DA3D3E90023DBF7C9FA22462B46DBF754
:104D30007BFCCDE900016E4B002220462946DBF7C3
:104D400073FCDDE900238046894620462946DBF7CF
:104D50006BFC44464D468046894652465B4630468B
:104D60003946DBF761FC02460B4640464946DBF715
:104D7000A3FA02460B4620462946DBF79DFA024677
:104D80000B4600205B49DBF797FA41EC100B05B0AE
:104D9000BDE8F08F32463B4630463946DBF744FCEF
:104DA00043A3D3E9002304460D46DBF73DFC42A3B1
:104DB000D3E90023DBF782FA22462B46DBF734FCEB
:104DC0003FA3D3E90023DBF777FA22462B46DBF734
:104DD0002BFC3DA3D3E90023DBF770FA22462B46D8
:104DE000DBF722FC3AA3D3E90023DBF765FA22467E
:104DF0002B46DBF719FC38A3D3E90023DBF75EFA77
:104E00002B462246DBF710FC3B4B9845CDE90001D1
:104E100091D93A4B98453DD8A8F500130022354961
:104E2000002090469946DBF747FACDE90201304B66
:104E3000002220462946DBF7F7FB42464B46DBF7CC
:104E40003BFADDE900238046894620462946DBF708
:104E5000EBFB44464D468046894652465B4630460B
:104E60003946DBF7E1FB02460B4640464946DBF795
:104E700023FA02460B4620462946DBF71DFA024676
:104E80000B46DDE90201DBF717FA41EC100B05B028
:104E9000BDE8F08F9FED127BDFF864908DED027B13
:104EA0004FF00008C3E79FED100B05B0BDE8F08F91
:104EB000D43888BEE9FAA8BDC4B1B4BD9EEE213E87
:104EC000AD529C804F7E923E9015CB19A001FA3EC8
:104ED0007751C1166CC1563F4C5555555555A53F98
:104EE000000000000000E73F000000000000F03F6D
:104EF0000000E03F0000F03F3233D33F0000E93FC5
:104F00000000D23F000000002DE9F04F55EC104B9F
:104F100025F0004385B0B3F1795F8DED001B82462B
:104F200006D220462946DBF72FFE002800F08C80B1
:104F300022462B4620462946DBF776FB06460F46DF
:104F400032463B4620462946DBF76EFB45A3D3E9B4
:104F50000023CDE9020130463946DBF765FB43A368
:104F6000D3E90023DBF7A8F932463B46DBF75CFBCD
:104F700040A3D3E90023DBF7A1F932463B46DBF738
:104F800053FB3EA3D3E90023DBF796F932463B46B9
:104F9000DBF74AFB3BA3D3E90023DBF78FF980461D
:104FA0008946BAF1000F37D0DDE900012C4B002211
:104FB000DBF73AFBDDE902AB42464B4680468946C9
:104FC00050465946DBF730FB02460B464046494601
:104FD000DBF772F932463B46DBF726FBDDE90023BF
:104FE000DBF76AF91CA3D3E9002306460F465046B7
:104FF0005946DBF719FB02460B4630463946DBF7CC
:105000005DF902460B4620462946DBF755F941EC8F
:10501000100B05B0BDE8F08F02460B46304639460E
:10502000DBF702FB0CA3D3E90023DBF745F9DDE94D
:105030000223DBF7F9FA22462B46DBF73FF941EC76
:10504000100B05B0BDE8F08F45EC104B05B0BDE886
:10505000F08F00BFAFF30080495555555555C53FFA
:105060000000E03F7CD5CF5A3AD9E53DEB9C2B8A36
:10507000E6E55A3E7DFEB157E31DC73ED561C11935
:10508000A0012A3FA6F810111111813F0000000075
:1050900051EC110B43422DE9F0470343644E21F0DC
:1050A000004E4EEAD373B34255EC104B40D86342E6
:1050B000234325F0004A4AEAD373B342A046A946E7
:1050C00036D801F1404303F58013034302463ED036
:1050D0008F1707F0020758EA0A0847EAD5772FD05A
:1050E00052EA0E0237D0B64544D0B24533D0AAEBCF
:1050F0000E0ABAF1747F4FEA2A5338DA002945DAEA
:105100003C3343DA9FED3C0B012F5DD0022F4AD098
:10511000A7B151EC100B3AA3D3E90023DBF7CCF88D
:1051200039A3D3E90023DBF7C7F841EC100B05E006
:1051300022462B46DBF7C2F841EC100BBDE8F087A6
:10514000022F0ED0032FF9D19FED310BF6E7BDE80A
:10515000F04700F089BAB9F1000F05DB9FED2E0B87
:10516000ECE79FED290BE9E79FED2D0BE6E79FEDBF
:105170002A0BC9E7F24507F1FF372ED0022F34D8AA
:105180002C4B03EBC70393ED000BD7E702460B460E
:1051900020462946DBF772FB41EC100B00F010FCB7
:1051A00000F062FAB0E716A3D3E9002351EC100B2C
:1051B000DBF782F802460B4613A1D1E90001DBF7C9
:1051C0007BF841EC100BB9E710EE901A53EC102B62
:1051D00001F1004343EC102BB0E7022F08D8164B27
:1051E00003EBC70393ED000BA8E79FED030BA5E7C7
:1051F0009FED0D0BA2E700BF0000000000000000C3
:10520000075C143326A6A13C182D4454FB21094009
:10521000182D4454FB2109C0182D4454FB21F93F9B
:10522000182D4454FB21F9BF182D4454FB21E93FAC
:105230000000F07F602603087826030800000000C5
:105240002DE9F04F53EC102B994923F000458D4286
:105250008FB0044640F28E8096498D421F462AD870
:10526000002F1046194688A3D3E9002340F3A781F5
:10527000DBF722F8904B9D4206460F4600F08E80E9
:1052800083A3D3E90023DBF717F88046894642461B
:105290004B4630463946DBF70FF87DA3D3E90023B0
:1052A000DBF70AF8C4E90089C4E9020101263046A7
:1052B0000FB0BDE8F08F81498D4240F2898080496E
:1052C0008D4262D82E15A6F21646A5EB0659104659
:1052D00049469046DBF758FCDBF73CF902460B46A3
:1052E00040464946CDE90823DAF7E6FF754B002230
:1052F000DBF79AF989468046DBF746FCDBF72AF9AB
:1053000002460B4640464946CDE90A23DAF7D4FF68
:105310006C4B0022DBF788F9CDE90C010DF1380A5E
:1053200003254FF000084FF000097AE902014246D8
:105330004B46AB46013DDBF7DFFB0028F5D1624B66
:1053400001930223009332465B46214608A800F0F1
:105350003FFB002F0646AADA6168226801F100438C
:10536000E168C4E90023A26801F10043C4E9022313
:1053700046429CE70020002184ED000BC4E90201B5
:10538000002630460FB0BDE8F08F10461946DAF718
:1053900093FFC4E90201C4E90001F1E73EA3D3E9A8
:1053A0000023DAF789FF3EA3D3E9002306460F4620
:1053B000DAF782FF8046894642464B4630463946F8
:1053C000DAF77AFF36A3D3E90023DAF775FF69E746
:1053D00000F0F6FA59EC108B33A3D3E900234046D2
:1053E0004946DBF721F9394B0022DAF767FFDBF793
:1053F000CBFB0646DBF7AEF802460B46CDE90223AF
:1054000021A3D3E90023DBF70FF902460B46404600
:105410004946DAF751FF1EA3D3E9002382468B46A3
:10542000DDE90201DBF700F902460B46504659461A
:10543000CDE90423DAF740FF1F2E8046894649DC78
:10544000234B721E53F82230AB4243D042464B46A8
:10545000C4E9008950465946DAF72EFFDDE90423F6
:10546000DAF72AFF002FC4E90201BFF620AF09F1E5
:105470000043C4E9008301F10043C4E9020376421A
:1054800015E700BFAFF3008000004054FB21F93F57
:105490003163621A61B4D03D0000601A61B4D03D3E
:1054A0007370032E8A19A33B83C8C96D305FE43F34
:1054B000FB21E93F7BD90240FB21F93FFB21394128
:1054C000FFFFEF7F00007041102703080000E03F5E
:1054D00090260308C9F30A53C3EB1553102B4FEA68
:1054E0002555B3DD56A3D3E90023DDE90201DBF73F
:1054F0009BF88046894642464B4650465946DAF765
:10550000DBFE02460B4650465946CDE9062392463D
:105510009B46DAF7D1FE42464B46DAF7CDFE4AA368
:10552000D3E9002380468946DDE90201DBF77CF8F8
:1055300042464B46DAF7C0FE0B46024659465046F5
:10554000CDE90423DAF7B8FEC1F30A53ED1A312D81
:10555000804689467FF77AAF3EA3D3E90023DDE991
:105560000201DBF761F88046894642464B46DDE999
:105570000601DAF7A1FE82468B4652465B46DDE91C
:105580000601DAF799FE42464B46DAF795FE33A359
:10559000D3E9002380468946DDE90201DBF744F8C0
:1055A00042464B46DAF788FE02460B4650465946BD
:1055B000CDE90423DAF780FE8046894646E7DAF72C
:1055C0007DFE234B9D4206460F4618D01AA3D3E911
:1055D0000023DAF773FE8046894642464B46304642
:1055E0003946DAF769FE14A3D3E90023DAF766FE39
:1055F000C4E90089C4E902014FF0FF3657E610A361
:10560000D3E90023DAF75AFE0FA3D3E900230646B5
:105610000F46DAF753FE8046894642464B463046EF
:105620003946DAF749FE08A3D3E90023DAF746FE44
:10563000DEE700BFAFF300803163621A61B4D03D92
:105640000000601A61B4D03D7370032E8A19A33B29
:10565000FB21F93F0000002E8A19A33BC1492025F8
:105660009A837B39000000002DE9F84F55EC104B70
:10567000C94B25F000469E42AA460DD9C74B9E4213
:1056800000F2B68000F0B180BAF1000F40F3F6806E
:105690009FEDA50BBDE8F88FC14B9E4200F2C38081
:1056A000A3F1DE739E4240F2AD804FF0FF3B2246F5
:1056B0002B4620462946DAF7B7FF02460B468046BE
:1056C0008946DAF7B1FF9AA3D3E9002306460F46CD
:1056D000DAF7AAFF98A3D3E90023DAF7EFFD324601
:1056E0003B46DAF7A1FF96A3D3E90023DAF7E6FDFC
:1056F00032463B46DAF798FF93A3D3E90023DAF763
:10570000DDFD32463B46DAF78FFF91A3D3E9002354
:10571000DAF7D4FD32463B46DAF786FF8EA3D3E9AB
:105720000023DAF7CBFD42464B46DAF77DFF8CA328
:10573000D3E900238046894630463946DAF774FFBC
:1057400089A3D3E90023DAF7B7FD32463B46DAF7FF
:105750006BFF87A3D3E90023DAF7AEFD32463B4661
:10576000DAF762FF84A3D3E90023DAF7A5FD324616
:105770003B46DAF759FF82A3D3E90023DAF79CFD11
:1057800032463B46DAF750FF02460B464046494652
:10579000DAF794FD22462B46DAF746FFBBF1FF3FCE
:1057A00002460B466ED07F4B7F4E03EBCB03D3E913
:1057B0000023DAF781FD22462B46DAF77DFD06EB62
:1057C000CB0602460B46D6E90001DAF775FDBAF1C1
:1057D000000F41EC100B13DA10EE901A024601F1A3
:1057E000004343EC102BBDE8F88F002C3FF44CAF86
:1057F00022462B4620462946DAF760FD41EC100B85
:10580000BDE8F88F60A3D3E9002320462946DAF7E4
:1058100055FD664B0022DBF797F900283FF445AFB2
:1058200045EC104BECE700F0CBF8614B9E4255EC99
:10583000104B2FD8A3F550239E4258D822462B4612
:1058400020462946DAF73AFD584B0022DAF734FDB4
:1058500002460B462046294614461D4600224FF0BC
:105860008043DAF72BFD02460B4620462946DBF73C
:1058700005F84FF0000B04460D4618E79FED440B6A
:10588000BDE8F88F20462946DAF716FD41EC100BEB
:10589000BDE8F88F474B9E421ED2474B0022204660
:1058A0002946DAF709FD02460B46204629461446EA
:1058B0001D460022404BDAF7B7FE3C4B0022DAF7D8
:1058C000FDFC02460B4620462946DAF7D7FF4FF08B
:1058D000020B04460D46EAE622462B4637490020D5
:1058E000DAF7CCFF4FF0030B04460D46DFE62F4BF3
:1058F000002220462946DAF7DFFC02460B46204606
:10590000294614461D460022284BDAF7D7FC0246EA
:105910000B4620462946DAF7B1FF4FF0010B04464B
:105920000D46C4E6AFF30080182D4454FB21F93F27
:1059300011DA22E33AAD903FEB0D76244B7BA93F81
:10594000513DD0A0660DB13F6E204CC5CD45B73F4F
:10595000FF8300922449C23F0D5555555555D53FFB
:105960002F6C6A2C44B4A2BF9AFDDE522DDEAD3FEF
:105970006D9A74AFF2B0B33F711623FEC671BC3F8F
:10598000C4EB98999999C93F9C7500883CE4377E8F
:10599000182D4454FB21F9BFFFFF0F440000F07F96
:1059A000FFFFDB3F18280308382803080000F03FFA
:1059B000FFFFF23F008003400000F83F0000F0BF0F
:1059C00051EC100B024621F0004343EC102B7047C2
:1059D0002DE9F04FADF5197D9C460A91B04BA29987
:1059E000039053F82130049312F1140F0CF1FF339C
:1059F0000293C0F2C182AB49D31E81FB0301DB17C6
:105A0000C3EBA10307930133A3EB8303DB00D3189C
:105A1000079A0B930CF1FF33D41A049AD7181CD4AD
:105A20000137A39E274420AD4FF000084FF0000936
:105A3000E24608E056F82400DAF78CFD0134BC4257
:105A4000E5E8020108D0002CF4DA0134404649466A
:105A5000BC42E5E80201F6D1D446049B002BB8BF56
:105A60004FEACC061BDB0399029A049B0DF18009D7
:105A700001EBCC0809EBCC090DF5E07B4FEACC0635
:105A80009246634400200021002A80F298810AF1A6
:105A9000010A9A45EBE8020109F10809F4D1039BD8
:105AA000049A009299190CAB03EB8203043B089310
:105AB0000CAB03EB820637460B9ECDF824C08B4619
:105AC000009A0DEBC203002AD3E970454FEAC208E1
:105AD0002CDD0DF5E07AD0440DF1300901960597E3
:105AE000714B002220462946DAF79EFDDBF74CF881
:105AF000DAF730FD6D4B002206460F46DAF794FDCB
:105B000002460B4620462946DAF7D6FBDBF73CF87F
:105B100078E9022349F8040B39463046DAF7CEFB20
:105B2000D04504460D46DBD1019E059F45EC104B48
:105B3000304600F091FB55EC104B00224FF07F53A4
:105B400020462946DAF770FD41EC100B00F010FCFE
:105B5000574B51EC100B0022DAF766FD02460B465C
:105B600020462946DAF7A8FB0D460446DBF70CF879
:105B70008246DAF7EFFC02460B4620462946DAF762
:105B80009BFB002E8046894640F39480009B0CAA24
:105B9000591EC6F1180352F8212042FA03F000FA08
:105BA00003F3D21AC6F1170442FA04F40CAB002C2A
:105BB00043F82120824400F3F08000220023404675
:105BC0004946DAF799FF002800F02382009B049AE7
:105BD00093420CDD0CAA02EB8303002253F8041D50
:105BE000BB4242EA0102F9D1002A40F01081049B35
:105BF0000CAA013B52F82330009A501C8146002B1E
:105C000040F0DB80089A012352F8041D013300297B
:105C1000FAD0009A1344009A099905960A44079904
:105C2000019301EB000A0DF18008A39906970AF190
:105C3000804A08EBC20870AA0AF1FF3A02EBC002E0
:105C400001EB8A0A00925AF8040FDAF783FC029BF0
:105C5000002BE8E8020120DB039E474600240025D4
:105C600077E90223F6E80201DAF7DEFC02460B468A
:105C700020462946DAF722FB5E4504460D46EFD161
:105C8000009BE3E802450093019B09F10109994556
:105C9000D9DDDDE90567009312E700240025EFE771
:105CA00098280308ABAAAA2A0000703E00007041A1
:105CB0000000204057D0B64B0022DAF73BFF0446E5
:105CC00000283FF47AAF009B002B0AF1010AC8BFFD
:105CD000022440F384820CAB002153F8045B002DB6
:105CE0003CD0C5F1807543F8045C6FF07F4003E061
:105CF0001A68821A43F8042B009A01318A42F7DCB1
:105D00000125002E0EDD012E00F02B81022E09D17F
:105D1000009B5A1E0CAB0CA953F82230C3F3150399
:105D200041F82230022C7FF448AF42464B46994955
:105D30000020DAF7C1FA80468946002D3FF43DAFD6
:105D400030469FED910B00F087FA4046494653ECF0
:105D5000102BDAF7B1FA804689462EE7009A013116
:105D60008A42BADCCDE7009B0CAA013B52F82340E3
:105D7000E415002C7FF721AF009B002B0AF1010AEC
:105D8000A9DC022C7FF419AF42464B468149002022
:105D9000DAF792FA804689460FE7009B002B0AF15A
:105DA000010A98DC012E00F02E82022EE9D10CAB04
:105DB000C2F3150243F82120E3E703462BE7CDE9C0
:105DC000003C52460596DA46CB469146039E5F4616
:105DD0000024002577E90223F6E80201DAF724FC23
:105DE00002460B4620462946DAF768FA464504463D
:105DF0000D46EFD1009B09F101099945EAE80245FA
:105E00000BF1080BE2D1DDF804C0059E47E60B9BC1
:105E1000DDF800B0A3F11802CDE9024A0CAB0BF19A
:105E2000FF340B9253F8243063B90BF18043013BEC
:105E30000CA901EB830353F8041D013C183A002917
:105E4000F9D00B929FED500B0B9800F005FA002C47
:105E50005BEC10ABC0F2CD8104F101084FEAC80140
:105E60000DF5E0790CAB4C4F009103EB8805002653
:105E700009EBC80855F8040DDAF76CFB52465B468F
:105E8000DAF7D2FB3B4668E90201324650465946F2
:105E9000DAF7CAFB0CAB9D4282468B46EAD10099E9
:105EA000A1F1080A48ABCA44CDE905414FF0000909
:105EB0001A4607935346CA46DDF81090A346B9F137
:105EC000000FC0F2A380CDE9002BDFF8D0801F4681
:105ED0000026002400259B4610E0F7E80223F8E89E
:105EE0000201DAF7A1FB02460B4620462946DAF703
:105EF000E5F90136B14504460D4601DBB245ECDA61
:105F00005B46009ADDF804B00BF1FF3BBBF1FF3FAD
:105F1000E2E802450AF1010AA3F10803CFD1A29AEF
:105F2000079B022ADDE9054100F3A980002A37DC3E
:105F300010D15C18002000211D4674E90223DAF715
:105F4000BDF9A542F9D1029B002B40F02F810A9B9D
:105F5000C3E90001039B03F007000DF5197DBDE8BF
:105F6000F08F009B5A1E0CAB0CA953F82230C3F3E0
:105F7000160341F82230D5E600216FF01703079190
:105F800045E500BFAFF30080000000000000F03FD7
:105F90000000E03F0000F03F0000703E582803087A
:105FA000D3E900895D18002600279A4675E9022387
:105FB00030463946DAF782F9AA4506460F46F5D14A
:105FC000029B40464946002B40F0E3803B46324668
:105FD000DAF772F90A9BC3E900676CB14AAE012592
:105FE000F6E802230135DAF769F9AC42F8DA029BE8
:105FF00013B101F1004319460A9BC3E90201039B57
:1060000003F007000DF5197DBDE8F08F0024002591
:106010007AE70B9EDDF800B0704249EC108BCDE9B9
:10602000024A00F019F955EC104B884B002220462B
:106030002946DAF77FFD002800F0A280844B002279
:1060400020462946DAF7F0FADAF79EFD0746DAF736
:1060500081FA7E4B0022DAF7E7FA0B460246294620
:106060002046DAF729F9DAF78FFD0BF101040CABC2
:10607000183643F82B000B9643F82470E2E6A29AF8
:10608000032A7FF467AF002C00F0CB8003EBC4053C
:1060900095ED007B52EC171BE600CDE90054CDE9ED
:1060A0000465A8460C461546994678E902672046DD
:1060B000294632463B46DAF701F9A246AB4604468A
:1060C0000D4622462B4630463946DAF7F5F8524659
:1060D0005B46DAF7F3F8C145C8E90201C8E90045B3
:1060E000E3D1DDE900A4012CDDE904654B4600F0B5
:1060F0009880D5E90045CDE9006909F1080B7AE9F6
:1061000002892046294642464B46DAF7D7F826460A
:106110002F4604460D4622462B4640464946DAF7AE
:10612000CBF832463B46DAF7C9F8D345CAE9020153
:10613000CAE90045E3D1DDE9006306F108041C4427
:1061400003F11005002000211E4674E90223DAF74E
:10615000B5F8A542F9D13346D3E90045D3E9027831
:10616000029B3BBB0A9BC3E90401C3E90045C3E9A9
:106170000278039B03F007000DF5197DBDE8F08F51
:1061800020462946DAF700FD0CAB5C4643F82B00AD
:1061900058E60A9A07F10043536016603B463246C0
:1061A000DAF78AF8002C7FF419AF22E701F10043F7
:1061B0001946CCE6264605F100440A9D08F1004345
:1061C000C5E9027301F10043C5E90403039B03F031
:1061D0000700C5E900640DF5197DBDE8F08F424662
:1061E0004B461C490020DAF767F8022480468946AE
:1061F000E3E4A29B022B0FDC002B15DC7FF4AAAE9C
:10620000002000219FE60CABC2F31602022C43F8DB
:1062100021207FF4D2ACB7E5A29B032B7FF49AAE8A
:1062200048AB0020002197E7029BDDE9480133B12C
:106230000A9C00224FF00043C4E90023D9E60A9CDF
:1062400000220023C4E90023D6E600BF000070410D
:106250000000703E0000F03F70B555EC104BC5F3E8
:106260000A5206462B4672BB25F00043234329D031
:106270003B4B204629460022DAF7D6F9394B9E429D
:1062800004460D4652DBC1F30A520B46363A4CF235
:1062900050318E4223DC164440F2FE7296421EDCE0
:1062A000002E34DC16F1350F38DB6FF31E53363613
:1062B00043EA065520462C4B29460022DAF7B4F96A
:1062C00041EC100B70BD40F2FF718A42DFD12246D3
:1062D00020462946D9F7F2FF41EC100B70BD002D86
:1062E00017A1D1E9000107DB15A3D3E90023DAF7F1
:1062F0009BF941EC100B70BD13A1D1E9000110A373
:10630000D3E90023DAF790F941EC100BF3E76FF3D0
:106310001E5343EA065545EC104B70BD002D0CA1F1
:10632000D1E9000102DA0CA1D1E9000108A3D3E907
:106330000023DAF779F941EC100B70BDAFF3008060
:106340009C7500883CE4377E9C7500883CE437FEF1
:1063500059F3F8C21F6EA50159F3F8C21F6EA5814B
:1063600000005043B03CFFFF0000903C00000000E4
:1063700051EC100BC1F30A532DE9F041A3F2FF35A4
:10638000132D0C46064622DC002D41DB384B43FA28
:1063900005F801EA080303430F461DD032A3D3E9F1
:1063A0000023D9F78BFF00220023DAF7CDFB40B1A1
:1063B000002C03DA4FF480132B411F4427EA080412
:1063C00000262346324643EC102BBDE8F081332DE6
:1063D00006DDB5F5806F2BD041EC100BBDE8F081E8
:1063E000A3F213434FF0FF37DF403842F4D01EA32F
:1063F000D3E90023D9F762FF00220023DAF7A4FBD8
:106400000028DED0002C334620DB23EA0706D8E73D
:1064100015A3D3E90023D9F751FF00220023DAF7AF
:1064200093FB0028CDD0002C09DB00263446C8E7BA
:1064300002460B46D9F742FF41EC100BCEE724F0A1
:10644000004426430DD14FF00044BAE7142D06D086
:10645000C5F134050122AA4013449E42D5D9013426
:10646000D3E7044C0026ACE79C7500883CE4377EFB
:10647000FFFF0F000000F0BF002301461A46184638
:1064800000F09EBC0A22002100F0EAB80A22002196
:1064900000F0E6B838B5104B1D682A6B0446B2B957
:1064A000182000F04FFD0246286320B90B4B0C4822
:1064B000462100F0DFFC0B490B4BC0E900130B4BEE
:1064C00083600B23838100210120C2E904010023A2
:1064D0001461536138BD00BF500100200A9A0208C0
:1064E000219A02080E33CDAB34126DE6ECDE0500C6
:1064F000164B10B51C68226BB2B9182000F022FDB3
:106500000246206320B9124B1248522100F0B2FC1F
:106510001149124BC0E90013114B83600B23838197
:1065200000210120C2E9040113690E4854690E4993
:10653000584301FB0400A3FB0131013340EB010090
:10654000C2E9043020F0004010BD00BF500100201F
:106550000A9A0208219A02080E33CDAB34126DE676
:10656000ECDE05002DF451582D7F954C242B2DE9A0
:10657000F0478646904601D8012B06D100F0DCFB9F
:10658000162303600020BDE8F08734480D462A46F4
:1065900015F8014B065D16F00806F8D12D2C10D128
:1065A0002C780126951C33F0100215D1302C0DD11A
:1065B0002A7802F0DF02582A08D16C7802351023BD
:1065C0000AE02B2C04BF2C78951CECE7002BF6D1AD
:1065D000302C14BF0A23082306F1004C0CF1FF3CB9
:1065E0000022BCFBF3F9104603FB19CAA4F13007E3
:1065F000092F0FD83C46A3421BDD571C07D081450D
:1066000014D301D1A24511DB00FB0340012215F890
:10661000014BEBE7A4F14107192F01D8373CEAE71A
:10662000A4F16107192F04D8573CE4E74FF0FF327B
:10663000EDE7531C08D12223CEF800306046B8F1B4
:10664000000FA0D0691E06E006B14042B8F1000F6D
:1066500099D0002AF6D1C8F8001094E7A9280308B9
:1066600013460A46014602480068FFF77FBF00BF95
:10667000500100202DE9F043344E86460D46284651
:1066800015F8014B375D17F00807F8D12D2C10D104
:106690002C780127851C33F0100015D1302C0DD13A
:1066A000287800F0DF00582808D16C7802351023D4
:1066B0000AE02B2C04BF2C78851CECE7002BF6D1CC
:1066C000302C14BF0A2308234FF0FF380026B8FBF4
:1066D000F3F803FB08F96FEA09093046A4F1300C1E
:1066E000BCF1090F10D86446A3421EDDB6F1FF3F8E
:1066F00007D0804516D301D1A14513DB00FB034031
:10670000012615F8014BE9E7A4F1410CBCF1190F82
:1067100001D8373CE8E7A4F1610CBCF1190F04D8AB
:10672000573CE1E74FF0FF36EBE7731C06D122231D
:10673000CEF80030304632B9BDE8F08307B14042B0
:10674000002AF9D006B1691E1160F5E7A9280308EF
:1067500013460A46014602480068FFF78BBF00BF98
:1067600050010020024B0344587800F003007047AA
:10677000A8280308034B1B5C03F00303012B08BF8D
:1067800020307047A9280308002310B50446C0E94B
:106790000033C0E90433836081814366C281836131
:1067A000194608225C3000F082F90D4B63620D4BF4
:1067B000A3620D4BE3620D4B23630D4B24629C429D
:1067C00006D003F16802944202D0D0339C4205D136
:1067D00004F15800BDE8104000F0D8BA10BD00BF69
:1067E0007D6902089F690208D7690208FD690208ED
:1067F000B0F80120024A0349034800F06BB800BF1B
:10680000440100208D7702085401002041680C4BA0
:10681000994210B5044601D000F0B8FFA168094BB9
:10682000994202D0204600F0B1FFE168064B994240
:1068300004D02046BDE8104000F0A8BF10BD00BF46
:10684000B0F8012018F9012080F901200C4B0D4A05
:106850000D4810B504211A600022FFF795FF0A4B7E
:1068600001221C46092103F16800FFF78DFF04F1A6
:10687000D0000222BDE810401221FFF785BF00BF03
:10688000E8F90120F5670208B0F80120014800F09E
:106890007EBA00BFF2F90120014800F079BA00BFCA
:1068A000F2F9012010B50446FFF7F0FF236A1BB18F
:1068B000BDE81040FFF7F0BF044B2362044B1B6898
:1068C000002BF5D1FFF7C2FFF2E700BF0D68020809
:1068D000E8F901202DE9F8430746884614460026CA
:1068E000D4E90195B9F1010905D52468002CF7D147
:1068F0003046BDE8F883AB89012B07D9B5F90E30D6
:10690000013303D029463846C04706436835E9E7D6
:106910000CB430B5184B0C1E1D689DB008DA8B23E3
:106920002B604FF0FF301DB0BDE8304002B0704723
:106930004FF40273ADF814304FF000031B9314BFF3
:1069400004F1FF332346049307934FF6FF7302903D
:106950000690ADF81630209A21AB02A92846019383
:1069600000F006FC431CBCBF8B232B60002CDAD04C
:10697000029B00221A70D6E75001002010B50C4689
:10698000B1F90E1000F0B4F90028ABBF636DA38914
:106990001B1823F48053ACBF6365A38110BD2DE9A0
:1069A000F0411F468B89DB0505460C46164605D58A
:1069B000B1F90E100223002200F088F9A389B4F97E
:1069C0000E1023F48053A38132463B462846BDE88F
:1069D000F04100F09FB910B50C46B1F90E1000F06F
:1069E00075F9B4F90C30421C0BBF23F4805343F407
:1069F0008053A381A38118BF606510BDB1F90E104B
:106A000000F0F6B830B51446002C9BB005461A4687
:106A100005DA8B2303604FF0FF301BB030BD4FF41D
:106A20000273ADF80C304FF00003199314BF04F15A
:106A3000FF332346029305934FF6FF7300910491B1
:106A4000ADF80E3069461E9B00F092FB431CBCBFA4
:106A50008B232B60002CE0D0009B00221A70DCE717
:106A600007B5009313460A46014603480068FFF73E
:106A7000C9FF03B000BD00BF50010020884210B51F
:106A800001EB020402D98442234607D8431EA142E7
:106A900007D011F8012B03F8012FF8E702448242D6
:106AA00000D110BD13F8011D02F8011DF7E70244E3
:106AB0000346934200D1704703F8011BF9E7C9B2BE
:106AC0000346184613F8012B12B18A42F9D17047D8
:106AD000002918BF0020704710B56AB10139841829
:106AE00010F8012B11F8013F9A4203D1A04201D0C6
:106AF000002AF5D1D01A10BD1046FCE710B50139B7
:106B0000034632B111F8014F03F8014B013A002C52
:106B1000F7D11A440021934200D110BD03F8011BA4
:106B2000F9E700001B4B2DE9F0411C68656C064637
:106B30000F463DBB502000F005FA0246606420B9C4
:106B4000154B16485B2100F095F98560626CC0E931
:106B50000055C2E90355626CC2E90555626CC2E991
:106B60000A55626CC2E90C55626CC2E90E55626C42
:106B7000C2E91055626CC2E91255626C15772B465A
:106B8000656C6B622A46394630460123BDE8F04108
:106B900000F006B8500100200A9A0208799A02080B
:106BA000F0B5044608B9146844B1204614F8015BF6
:106BB0000F4617F8016B1EB965B91560002005E096
:106BC000B542F6D1002BF0D114600370F0BD1C4625
:106BD0000CE01DB9274614F8013B0E4616F8015B80
:106BE000AB42F6D1002BF2D000233B701460EDE7EE
:106BF00038B5064D0023044608462B60FDF7E0F942
:106C0000431C02D12B6803B1236038BDECF901208D
:106C10002D4B1B68834270B5044653D0C3691BB328
:106C2000DB6863B10025E369DB685959B1B9043504
:106C3000802DF8D1E3692046D96800F039F9E3697D
:106C4000196811B1204600F033F9E3699D685DB120
:106C5000294620462D6800F02BF9F8E70E682046FB
:106C600000F026F93146E1E7616911B1204600F0F4
:106C70001FF9E16911B1204600F01AF9216B11B139
:106C8000204600F015F9616B11B1204600F010F9B3
:106C9000A16B11B1204600F00BF9A16C11B1204697
:106CA00000F006F9616C11B1204600F001F9E16ACB
:106CB00011B1204600F0FCF8236A1BB12046BDE864
:106CC0007040184770BD00BF5001002038B5074D17
:106CD00004460846114600222A601A46FDF77AF952
:106CE000431C02D12B6803B1236038BDECF90120AD
:106CF00038B5074D04460846114600222A601A4658
:106D0000FDF742F9431C02D12B6803B1236038BD63
:106D1000ECF9012038B5074D04460846114600221B
:106D20002A601A46FDF73EF9431C02D12B6803B1D5
:106D3000236038BDECF90120014B1868704700BF93
:106D40005001002070B50D4B0D4D5B1B9C100026B3
:106D5000A64209D101F034F80A4D0B4B5B1B9C1085
:106D60000026A64205D170BD55F8043B9847013670
:106D7000EEE755F8043B98470136F2E7B4290308DB
:106D8000B4290308B4290308C429030870477047CD
:106D90007047034611F8012B03F8012B002AF9D1A3
:106DA00070470A44914200F1FF3300D1704710B59B
:106DB00011F8014B03F8014F9142F9D110BD0000C9
:106DC0002DE9F047264E0746306892468846994698
:106DD000FFF7DDFF234A15683DB9234B1360234AB3
:106DE00012B11268C3F888201F4D6C681F2C06DD95
:106DF0003068FFF7CDFF4FF0FF30BDE8F0872FB3CD
:106E0000D5F8880068B91A4B002BF1D04FF4847084
:106E100000F098F80028EBD00023C0E94033C5F813
:106E200088006C6840F824A00122D0F80031A2400C
:106E300000EB84011343C0F80031022FC1F88090A9
:106E400002BFD0F804311343C0F80431631C02348C
:106E500030686B6045F82480FFF79AFF0020CCE78C
:106E6000A001002080FA0120F4F9012000000000B8
:106E7000456F02081FB514461A46094B1B680546A4
:106E8000D8684CB1074B0091CDE9013406492B4637
:106E900000F0A4FC00F0C4FC044B1C46F3E700BF68
:106EA00050010020D39A0208E09A0208F7840208F1
:106EB00038B50546002941D051F8043C0C1F002B81
:106EC000B8BFE41800F0E8F81D4A136833B96360EE
:106ED00014602846BDE8384000F0E4B8A34208D961
:106EE000206821188B4201BF19685B68091821606E
:106EF000EDE71A465B680BB1A342FAD91168501846
:106F0000A0420BD120680144501883421160E0D1A7
:106F100018685B68536008441060DAE702D90C23F4
:106F20002B60D6E7206821188B4204BF19685B6884
:106F3000636004BF091821605460CAE738BD00BF10
:106F400088FA0120024B0146186800F025B800BFFE
:106F50005001002070B50F4E0C463168054611B93E
:106F600000F04EFC30602146284600F049FC431CEE
:106F700003D14FF0FF34204670BDC41C24F003043D
:106F8000A042F8D0211A284600F03AFC0130F2D194
:106F9000EFE700BF84FA01202DE9F843CD1C25F06E
:106FA000030508350C2D38BF0C25002D064601DBE6
:106FB000A94204D90C2333600020BDE8F883DFF830
:106FC000D48000F069F8D8F800301C4644BB29464C
:106FD0003046FFF7BFFF431C044658D1D8F80040A5
:106FE0002746002F43D1002C4BD02368394630462A
:106FF00004EB030900F004FC814542D121686D1ABD
:1070000029463046FFF7A6FF01303AD023682B44CB
:107010002360D8F800305A6862BBC8F800700FE0EF
:107020002268521B20D40B2A17D96119A34225606C
:1070300018BF5960636808BFC8F8001062514B6000
:10704000304600F02FF804F10B00231D20F007005C
:10705000C21A1CBF1B1AA350AFE76268A3420CBF41
:10706000C8F800205A60EBE723466468AEE73C4668
:107070007F68B6E71A465B68A342FBD100235360E2
:10708000DEE70C233360304600F00CF894E705602F
:10709000D6E700BF88FA01200148FFF778BE00BF9D
:1070A000F0F901200148FFF773BE00BFF0F901209D
:1070B0002DE9F0478E681F46BE4282460C46904638
:1070C000334653D8B1F90C0010F4906F2BD065699A
:1070D0002368096905EB4505A3EB010905EBD575A7
:1070E0007B1C6D104B44AB422A4684BF1D462A468A
:1070F000430527D511465046FFF74EFF064658B3C5
:1071000021694A46FFF74DFEA38923F4906343F0BB
:107110008003A381266165614E44A5EB09052660C5
:10712000A5603E463B461F4620683A464146FFF76B
:10713000A5FCA3689B1BA36023683B44236000203D
:10714000BDE8F087504600F072FB06460028E1D10A
:1071500021695046FFF7ACFE0C23CAF80030A38922
:1071600043F04003A3814FF0FF30E9E73E46DBE701
:107170002DE9F0471F468B891B069CB006460D463D
:10718000144610D50B6973B94021FFF705FF28603D
:10719000286130B90C2333604FF0FF301CB0BDE8DC
:1071A000F08740236B610023099320238DF8293059
:1071B00003973023654F8DF82A304FF0010823469E
:1071C000994613F8012B0AB1252AF9D1B9EB040A23
:1071D0000BD05346224629463046FFF769FF01305F
:1071E00000F0A480099A5244099299F80030002BCB
:1071F00000F09C8000234FF0FF32CDE9052309F118
:107200000109049307938DF853301A934C464F4865
:1072100014F8011B0522D8F7FBFF049BD0B9D80650
:1072200044BF20228DF85320190744BF2B228DF82C
:10723000532099F800202A2A13D0079A4C460020A0
:107240004FF00A0C214611F8013B303B092B49D97C
:1072500068B913E0C01B08FA00F018430490A14677
:10726000D4E7039A111D12680391002A01DB0792EB
:1072700004E0524243F002030792049323782E2B3A
:107280000AD163782A2B32D1039B1A1D1B68039203
:1072900043EAE37302340593DFF8C09021780322B8
:1072A0004846D8F7B5FF38B1049BA0EB090040224F
:1072B000824013430134049314F8011B24488DF8D1
:1072C00028100622D8F7A4FF002835D0214818BB83
:1072D000039B073323F0070308330393099B0344FD
:1072E00009936CE70CFB02320C460120AAE700234D
:1072F0000134059319464FF00A0C204610F8012B73
:10730000303A092A03D9002BC6D00591C4E70CFBFB
:10731000012104460123F0E703AB00932A460E4BFC
:1073200004A93046AFF30080421CD7D1AB895B067D
:107330003FF532AF099831E703AB00932A46064B7D
:1073400004A9304600F07AF8EEE700BF0F9B020870
:10735000199B020800000000B1700208159B02088A
:107360002DE9F047164698468A680B69DDF82090AB
:107370009342B8BF1346336091F8432007460C464A
:107380000AB1013333602368990642BF3368023380
:107390003360256815F0060506D104F1190AE36883
:1073A00032689B1AAB4226DC94F843302268003BDB
:1073B00018BF012392062BD404F1430241463846FC
:1073C000C84701301ED02368226903F00603042B4E
:1073D00002BFE5683368ED1AA3680CBF25EAE575BE
:1073E00000259342C4BF9B1AED1800261A34B542FB
:1073F0001AD1002008E00123524641463846C847CA
:10740000013003D14FF0FF30BDE8F0870135C6E70A
:10741000E1185A1C302081F84300224494F84510AA
:1074200082F843100233C7E701232246414638461B
:10743000C8470130E6D00136D9E700002DE9F04316
:107440000D7E85B0782D90460C9E07460C469946D9
:1074500001F1430207D8622D0AD8002D00F0D78031
:10746000582D00F0BC8004F1420684F842503BE005
:10747000A5F16303152BF6D801A151F823F000BF45
:10748000D9740208ED740208677402086774020870
:107490006774020867740208ED74020867740208D2
:1074A000677402086774020867740208F5750208B9
:1074B00017750208A7750208677402086774020846
:1074C00017760208677402081775020867740208C5
:1074D00067740208AF75020833681A1D1B683260B2
:1074E00004F1420684F842300123A1E033682068A9
:1074F000191D3160060601D51D6803E04506FBD560
:10750000B3F90050002D03DA2D236D4284F8433087
:107510005B480A2311E021683368080653F8045BCE
:1075200002D4490648BFADB23360237E54486F2B66
:107530005CD10823002184F843106668A660002E01
:1075400005DB21682E4321F00401216050D016464E
:10755000B5FBF3F103FB115C10F80CC006F801CD8C
:10756000AC4663450D46F3D9082B0BD12368DB07E6
:1075700008D5236961689942DEBF302306F8013CD3
:1075800006F1FF36921B2261CDF80090434603AA14
:1075900021463846FFF7E4FE01304ED14FF0FF3070
:1075A00005B0BDE8F083236843F02003236035482D
:1075B000782584F845502368316813F0800F51F81E
:1075C000045B03D113F0400F18BFADB23160D9078F
:1075D00044BF43F0200323601DB11023AAE72848CD
:1075E000E7E7236823F020032360F6E70A23A1E7F7
:1075F0001646B9E7336825686169181D30602E06A4
:107600001B6801D5196002E06806FBD519800023CC
:1076100023611646B8E733681A1D32601E68626837
:1076200000213046D8F7F4FD08B1801B6060636824
:107630002361002384F84330A6E72369324641469C
:107640003846C8470130A9D023689B0713D4E068A7
:10765000039B9842B8BF1846A2E701233246414631
:107660003846C847013099D00135E36803995B1A61
:10767000AB42F2DCEBE7002504F11906F5E700BFA9
:10768000209B0208319B0208B1F90C202DE9F04142
:10769000160705460C4651D44B68002B02DC0B6CD8
:1076A000002B49DDE66A002E46D0002312F48052FA
:1076B0002F682B6031D0626DA389590705D56368A7
:1076C000D21A636B0BB1236CD21A0023E66A216ACB
:1076D0002846B047421CB4F90C3006D129681D2950
:1076E00046D8294ACA40D60742D500226260D9044A
:1076F0002269226004D5421C01D12B6803B9606560
:10770000616B2F60C1B104F14403994202D0284655
:10771000FFF7CEFB002363630EE0216A01232846B6
:10772000B0470246501CC7D12B68002BC4D01D2B7C
:1077300001D0162B1AD12F6000201EE00F69002FF8
:10774000FAD093070E6808BF4B690F6018BF00237B
:10775000A6EB07088B60B8F1000FEDDD216AA66A81
:1077600043463A462846B047002808DCB4F90C30B6
:1077700043F04003A3814FF0FF30BDE8F0810744A0
:10778000A8EB0008E7E700BF0100402038B50B690F
:1077900005460C4613B90025284638BD18B1036AC2
:1077A0000BB9FFF77FF8B4F90C30002BF3D0626E01
:1077B000D00704D4990502D4A06DFFF7E8FA284653
:1077C0002146FFF761FF636EDA070546E4D4A3891B
:1077D0009B05E1D4A06DFFF7DBFADDE70EB403B53E
:1077E000014603AB054853F8042B0068019300F0F1
:1077F00075F802B05DF804EB03B07047500100204B
:1078000038B5064D0023044608462B60FCF7E4FB20
:10781000431C02D12B6803B1236038BDECF9012071
:1078200008B5062000F028FA0120FCF7A7FB2DE997
:10783000F041074614460D4621B9BDE8F041114616
:10784000FFF7AABB2AB9FFF733FB25462846BDE858
:10785000F08100F02DFA8442064602D8B4EB500FB6
:10786000F4D821463846FFF797FB804608B94546CD
:10787000ECE7B4422246294628BF3246FFF791FA88
:1078800029463846FFF714FBF1E79368013B002BCC
:1078900010B4936008DA9469A34201DB0A2903D18A
:1078A0005DF8044B00F02EB91368581C1060197075
:1078B00008465DF8044B7047F8B506460F46144677
:1078C000D518AC4201D1002007E014F8011B3A465C
:1078D0003046FFF7DAFF431CF3D1F8BD2DE9F0473E
:1078E0000D469CB014461F46064618B1036A0BB9F4
:1078F000FEF7D8FF6B6ED90705D4AB899A0502D481
:10790000A86DFFF744FAAB891B0701D52B699BB91A
:107910002946304600F034F970B16B6EDC0704D5AF
:107920004FF0FF301CB0BDE8F087AB899805F7D465
:10793000A86DFFF72DFAF3E70023099320238DF8B4
:107940002930039730236A4F8DF82A304FF0010811
:107950002346994613F8012B0AB1252AF9D1B9EB30
:10796000040A0BD05346224629463046FFF7A4FFAF
:10797000013000F0A480099A5244099299F800302D
:10798000002B00F09C8000234FF0FF32CDE905234F
:1079900009F10109049307938DF853301A934C466B
:1079A000534814F8011B0522D8F732FC049BD0B9C8
:1079B000D90644BF20228DF853201A0744BF2B223A
:1079C0008DF8532099F800202A2A13D0079A4C46A4
:1079D00000204FF00A0C214611F8013B303B092BE7
:1079E00049D968B913E0C01B08FA00F018430490A5
:1079F000A146D4E7039A111D12680391002A01DB06
:107A0000079204E0524243F0020307920493237862
:107A10002E2B0AD163782A2B32D1039B1A1D1B68A7
:107A2000039243EAE37302340593DFF8D49021789C
:107A300003224846D8F7ECFB38B1049BA0EB0900C1
:107A40004022824013430134049314F8011B294857
:107A50008DF828100622D8F7DBFB00283ED02648F8
:107A600018BB039B073323F0070308330393099BD9
:107A7000034409936CE70CFB02320C460120AAE791
:107A800000230134059319464FF00A0C204610F8E4
:107A9000012B303A092A03D9002BC6D00591C4E73F
:107AA0000CFB012104460123F0E703AB00932A46B7
:107AB000124B04A93046AFF30080431CD7D16B6E44
:107AC000D90705D4AB899A0502D4A86DFFF760F9F0
:107AD000AB895B063FF524AF099823E703AB00931E
:107AE0002A46064B04A93046FFF7A8FCE5E700BF8D
:107AF0000F9B0208199B020800000000B9780208D9
:107B0000159B0208F8B50E461446054618B1036ADF
:107B10000BB9FEF7C7FEA369A360A3891A0701D5B5
:107B2000236943B92146284600F02AF818B14FF0DE
:107B3000FF373846F8BD23682269981A6369F6B2A0
:107B40008342374605DC21462846FFF71FFE002802
:107B5000EDD1A368013BA36023685A1C22601E700C
:107B60006269431C9A4204D0A389DB07E1D50A2E3F
:107B7000DFD121462846FFF709FE0028D9D0D6E7F5
:107B800038B5284B054618680C4618B1036A0BB97E
:107B9000FEF788FEB4F90C301A0721D4D80607D4B2
:107BA00009222A6043F04003A3814FF0FF3030E008
:107BB000590712D5616B41B104F14403994202D0D7
:107BC0002846FFF775F9002363630022B4F90C30EF
:107BD00062602269226023F0240343F00803A3813A
:107BE00022693AB99A0501D5180603D521462846D7
:107BF00000F08AF8B4F90C3013F001020AD0002228
:107C0000A26062695242A261226942B913F0800007
:107C1000C8D138BD990758BF6269A260F4E7002057
:107C2000F7E700BF500100201F2938B505460C4674
:107C300004D9162303604FF0FF3038BDC26B12B178
:107C400052F821304BB9284600F030F82246014660
:107C50002846BDE8384000F017B8012B0AD0591C5F
:107C600003D1162303600120E7E7002142F8241026
:107C7000204698470020E0E7024B01461868FFF7CE
:107C8000D3BF00BF5001002038B5074D0023044684
:107C9000084611462B60FCF769F9431C02D12B689A
:107CA00003B1236038BD00BFECF90120FCF75CB9DB
:107CB00051F8043C181F002BBCBF0B58C01870476C
:107CC00070B50C46B1F90E10002996B015461E4647
:107CD0000ADAA18911F0800113D14FF480620020EB
:107CE00031602A6016B070BD6A4600F047F800287F
:107CF000EFDB019901F47041A1F50053594259415C
:107D0000EBE700214022EAE78B8973B59E07054621
:107D10000C4607D504F14703236023610123636107
:107D200002B070BD01AB6A46FFF7CAFF009E28464D
:107D30003146FFF731F9B4F90C3038B99A05EFD470
:107D400023F0030343F00203A381E3E743F080033E
:107D5000A381019B2060C4E90406002BE0D0B4F9A4
:107D60000E10284600F01CF80028D9D0A38923F073
:107D7000030343F00103A381D2E7000038B5074DA8
:107D800000230446084611462B60FCF71CF9431CEF
:107D900002D12B6803B1236038BD00BFECF901208C
:107DA00038B5064D0023044608462B60FCF710F951
:107DB000431C02D12B6803B1236038BDECF90120CC
:107DC000F8B500BFF8BC08BC9E467047F8B500BFC8
:087DD000F8BC08BC9E46704798
:107DD800010000000A00000064000000000000002C
:107DE800000000000000000000000000000000008B
:107DF800000000000000000000000000000000007B
:107E0800000000000000000000000000302E3030AC
:107E1800310A6D6D00302E30310A6D6D0000302E44
:107E2800310A6D6D000000302E303030310A696E35
:107E3800636800302E3030310A696E6368000030A4
:107E48002E30310A696E636800000000580059003E
:107E58005A004100420043002A0000008A8E0208AE
:107E6800908E020885820208958E02088082020898
:107E7800998E02089F8E0208D4870208A58E0208F0
:107E880074840208AA8E0208968D02089B8D020847
:107E9800A68D0208B18D0208BD8D0208D08D02089A
:107EA800E38D0208F58D0208068E0208138E02087B
:107EB8000F8B0208C98A0208BA8A0208288E0208AB
:107EC800368E02083E8E0208618E0208158B020863
:107ED800718E02087D8E020806870208098702084B
:107EE8002187020833870208458702085487020859
:107EF800648702087B8702088D8702089887020832
:107F0800A78702082C8D0208B8870208CE870208C6
:107F1800D9870208EE870208FE870208128802083D
:107F2800EF8D0208298802083C8802085688020852
:107F3800728802088C880208AC880208C88802087F
:107F4800DC880208F08802080A89020823890208E6
:107F58003F8902085D89020874890208908902082D
:107F6800A5890208BC890208D6890208E98902089D
:107F7800068A0208258A02083E8A0208588A0208E8
:107F8800728A0208868A0208A38A0208BA8A020844
:107F9800C98A0208D98A0208EA8A0208FE8A0208FF
:107FA8000F8B0208158B0208218B02083C8B0208F4
:107FB8004D8B02086C8B0208898B0208F784020833
:107FC800F7840208F7840208A38B0208B28B020820
:107FD800C08B0208D38B0208E38B0208F7840208DF
:107FE800F7840208F7840208F7840208F784020875
:107FF800F18B0208FF8B0208148C02082E8C0208F1
:108008004F8C02086B8C0208838C02089D8C020836
:10801800B58C0208C38C0208DE8C0208FF8C0208AB
:10802800198D0208358D0208508D0208628D0208EC
:10803800778D0208828D02088C8D020800000240AC
:1080480002000000000000000000024004000000E0
:1080580000000000000402400004000000000000CE
:10806800000402400200000000000000000402407A
:108078000010000000000000000402400020000082
:1080880000000000000002400100000000000000A5
:10809800F784020801000000000000000000000052
:1080A8000200000000C201000000000004000000FF
:1080B80000000000000000000000000000000000B8
:1080C8000000000001000000050000000A00000098
:1080D800640000000100000002000000050000002C
:1080E80032000000B400000068010000D002000067
:1080F800100E0000C8000000320000000A00000056
:10810800D0070000000000000200000000C20100CB
:108118000000000004000000000000000000000053
:108128000000000000000000000000000100000046
:10813800050000000A0000006400000001000000C3
:10814800020000000500000032000000B40000003A
:1081580068010000D0020000100E0000C8000000F6
:10816800320000000A000000D007000000000000F4
:10817800302E3030310A6D6D00302E30310A6D6D81
:108188000000302E310A6D6D000000302E30303086
:10819800310A696E636800302E303030350A696EF6
:1081A800636800302E3030350A696E63680000005D
:1081B800010000000A000000640000000100000047
:1081C8000500000032000000EF970208F797020848
:1081D800039802082A9702081298020821980208B0
:1081E8003198020845980208589802086A980208C7
:1081F8008598020893980208A1980208AF98020887
:10820800BD980208CD980208DD980208ED9802088A
:10821800FD9802080B990208199902082799020883
:1082280035990208429902084D9902086099020896
:1082380047414D45204F56455200000000000000C0
:10824800BC9902085D370208000000000000000029
:108258000001000000000000000000000A0000000B
:108268000200000000000000000000004170706C77
:1082780069636174696F6E00486F6C640052756E53
:1082880000556E6C6F636B00417661696C61626C5E
:1082980065206D656D6F72793A20256462002458F7
:1082A8000D004D5047004F56455252494445005025
:1082B8004F574552204645454400524F5441525964
:1082C800205441424C450047434F44452053454EB6
:1082D8004445520047434F44452047454E45524187
:1082E800544F520050524F42450053455454494E42
:1082F800475300416C6C20706172616D65746572E2
:1083080073207365740A746F2064656661756C7494
:108318002073746174650A0A506C65617365206323
:108328006865636B20706172616D65746572730A4C
:108338006265666F72652075736521004E564D2023
:108348004552524F5200436F6E74726F6C6C657277
:1083580020646F65736E2774207265706F72742065
:10836800776F726B0A6F66667365742E20506C6542
:1083780061736520656E61626C6520697420696E41
:108388000A74686520636F6E74726F6C6C65722016
:1083980073657474696E67733A0A0A47656E657225
:1083A800616C2D3E537461747573207265706F72C1
:1083B80074206F7074696F6E730A5B765D20576FF7
:1083C800726B20636F6F7264696E617465206F668B
:1083D8006673657400574F524B204F4646534554B9
:1083E800000A2573004F6B0043616E63656C0025BE
:1083F80025256C756C642E252530256C756C7500EB
:108408002525256C756C6400464545443A00446949
:10841800616D657465720052616469757300476FB8
:10842800210043757272656E7400434357005354BC
:108438004F50005354415254003C303E0052504D6E
:10844800005350494E444C4500536D617274506559
:108458006E64616E742025642E253033642E256485
:1084680020256C754D487A0072706D00486F6D65F7
:108478000024480D0047380D0047370D005363723C
:10848800697074730047656E657261746500252DA7
:1084980031392E3139732531326C7562002D2D201A
:1084A800546F6F206D616E792066696C6573212049
:1084B8002D2D0043616E277420616C6C6F636174AD
:1084C80065206275666665720A666F7220746865F3
:1084D80020726573756C742E0A0043616E277420D0
:1084E80072656164207468652066696C65210A009C
:1084F8005363726970742063616E206265207275BF
:108508006E20696E2049444C45206F7220554E4BB1
:108518004E4F574E20737461746500526573756CC5
:10852800742E6E6300536372697074732F25730021
:1085380043616E277420616C6C6F6361746520629F
:1085480075666665720A746F207265616420746866
:10855800652066696C652E0A0043616E2774206F7A
:1085680070656E207468652066696C65210A00472D
:1085780072626C436F6D6D002573256C642E253017
:10858800346C64002573256C642E2530336C6400CC
:108598002573256C642E2530326C64002573256C98
:1085A800642E2530316C64002573256C64006F6B74
:1085B8000057506F733A004D506F733A0046533A64
:1085C80000463A0057434F3A004C6E3A00506E3A14
:1085D80000413A004F763A004D50473A0050524217
:1085E8003A00544C4F3A004158533A006572726F42
:1085F800723A00414C41524D3A004772626C002475
:10860800490D0024240D004732310047323000471D
:1086180039300047393100244A3D257325732573C5
:1086280025734625730D00244A3D25734735334786
:108638003930257325734625730D00244A3D25736B
:1086480025730047303200473033002573473137F0
:108658002573257325732573257325735225734652
:1086680025730D004739304731304C3230503025B2
:1086780073300D0025734739304731304C32305054
:1086880030257325730D0025732573473125732510
:10869800734625730D00257325734730257325739D
:1086A8000D0047393025734733382E32257325732B
:1086B8004625730D0047393025734733382E332547
:1086C8007325734625730D004739302573473338B2
:1086D8002E34257325734625730D002573473433CF
:1086E8002E315A25730D004734390D004D34004D95
:1086F8003300257353256C640D004D350D004F4B29
:1087080000457870656374656420436F6D6D616EB4
:1087180064204C657474657200426164204E756D06
:1087280062657220466F726D617400496E76616C85
:1087380069642053746174656D656E74004E656775
:1087480061746976652056616C756500486F6D695E
:108758006E672044697361626C6564005365747464
:10876800696E6720537465702050756C7365204D71
:10877800696E0053657474696E6720526561642080
:108788004661696C0049646C65204572726F7200BD
:1087980053797374656D204720436C6F636B005386
:1087A8006F6674204C696D6974204572726F72002F
:1087B8004D61785374657020526174652045786303
:1087C800656564656400436865636B20446F6F7218
:1087D800004C696E65204C656E6774682045786347
:1087E80065656465640054726176656C20457863DC
:1087F800656564656400496E76616C6964204A6FDA
:108808006720436F6D6D616E640053657474696EA3
:10881800672044697361626C6564204C617365729A
:10882800004E6F6E20506F736974697665205661CB
:108838006C75650047636F646520556E737570705D
:108848006F7274656420436F6D6D616E6400476379
:108858006F6465204D6F64616C2047726F7570207E
:1088680056696F6C6174696F6E0047636F64652049
:10887800556E646566696E65642046656564205258
:108888006174650047636F646520436F6D6D616E49
:10889800642056616C7565204E6F7420496E74654E
:1088A8006765720047636F64652041786973204388
:1088B8006F6D6D616E6420436F6E666C69637400E2
:1088C80047636F646520576F7264205265706561F5
:1088D8007465640047636F6465204E6F2041786952
:1088E8007320576F7264730047636F646520496E25
:1088F80076616C6964204C696E65204E756D6265A1
:10890800720047636F64652056616C756520576F08
:108918007264204D697373696E670047636F64659D
:1089280020556E737570706F7274656420436F6F35
:108938007264205379730047636F64652047353349
:1089480020496E76616C6964204D6F74696F6E2082
:108958004D6F64650047636F6465204178697320D3
:10896800576F7264732045786973740047636F6446
:1089780065204E6F2041786973576F726473204980
:108988006E20506C616E650047636F646520496EA8
:1089980076616C6964205461726765740047636F1F
:1089A8006465204172632052616469757320457261
:1089B800726F720047636F6465204E6F204F666662
:1089C8007365747320496E20506C616E650047634F
:1089D8006F646520556E7573656420576F72647394
:1089E8000047636F6465204734332044796E616DB6
:1089F80069632041786973204572726F720047631A
:108A08006F646520496C6C6567616C20546F6F6C8E
:108A1800205461626C6520456E7472790047636FFB
:108A280064652056616C7565204F7574204F66200B
:108A380052616E67650047636F646520546F6F6CA1
:108A4800204368616E67652050656E64696E6700D3
:108A580047636F6465205370696E646C65204E6F60
:108A6800742052756E6E696E670047636F64652087
:108A7800496C6C6567616C20506C616E650047637A
:108A88006F6465204D617820466565642052617485
:108A9800652045786365656465640047636F646550
:108AA8002052504D204F7574204F662052616E67DA
:108AB80065004C696D69747320456E67616765640C
:108AC80000486F6D696E67205265717569726564DB
:108AD8000047436F646520546F6F6C204572726F56
:108AE800720056616C756520576F726420436F6E13
:108AF800666C6963740053656C66205465737420F2
:108B08004661696C6564004553746F70004D6F74FD
:108B18006F72204661756C740053657474696E6772
:108B28002056616C7565204F7574204F6620526120
:108B38006E67650053657474696E67204469736174
:108B4800626C65640047636F646520496E76616C8A
:108B58006964205265747261637420506F7369741C
:108B6800696F6E00496C6C6567616C20486F6D6950
:108B78006E6720436F6E66696775726174696F6EA0
:108B88000047436F646520436F6F726420537973A5
:108B980074656D204C6F636B6564005344204D6FA2
:108BA800756E74204572726F72005344205265616D
:108BB80064204572726F72005344204661696C6587
:108BC80064204F70656E20446972005344204469E4
:108BD80072204E6F74466F756E6400534420466968
:108BE8006C6520456D70747900425420496E697433
:108BF800204572726F720045787072657373696F81
:108C08006E20556B6E6F776E204F700045787072CE
:108C1800657373696F6E204469766964652042796B
:108C2800205A65726F0045787072657373696F6E4C
:108C380020417267756D656E74204F7574204F669C
:108C48002052616E67650045787072657373696F4D
:108C58006E20496E76616C696420417267756D6536
:108C68006E740045787072657373696F6E205379FE
:108C78006E746178204572726F7200457870726503
:108C88007373696F6E20496E76616C6964205265F2
:108C980073756C740041757468656E74696361748A
:108CA800696F6E205265717569726564004163630E
:108CB8006573732044656E696564004E6F74204166
:108CC8006C6C6F77656420437269746963616C20AA
:108CD8004576656E7400466C6F7720436F6E7472CC
:108CE8006F6C204E6F7420457865637574696E6784
:108CF800204D6163726F00466C6F7720436F6E740E
:108D0800726F6C2053796E746178204572726F723D
:108D180000466C6F7720436F6E74726F6C205374CB
:108D280061636B204F766572666C6F7700466C6F77
:108D38007720436F6E74726F6C204F7574204F6686
:108D4800204D656D6F7279004E65787420436D64AF
:108D580020457865637574656400436D64204E6FC3
:108D6800742045786563757465642059657400439B
:108D78006F6D6D204572726F7200556E68616E641A
:108D88006C656400537461747573436E74004E6F40
:108D98006E650048617264204C696D697400536F98
:108DA8006674204C696D69740041626F7274204367
:108DB80079636C650050726F6265204661696C204A
:108DC800496E697469616C0050726F626520466112
:108DD800696C20436F6E7461637400486F6D696ECF
:108DE80067204661696C20526573657400486F6D31
:108DF800696E67204661696C20446F6F7200466136
:108E0800696C2050756C6C6F666600486F6D696E92
:108E180067204661696C20417070726F61636800F9
:108E280050726F62652050726F746563740053707E
:108E3800696E646C6500486F6D696E67204661698C
:108E48006C204175746F205371756172696E67206B
:108E5800417070726F6163680053656C6674657306
:108E680074204661696C656400486F6D696E67209F
:108E78004661696C00416C61726D436F6465436E55
:108E880074002D2D2D2D2D0049646C65004A6F67E7
:108E980000416C61726D00436865636B00546F6FCD
:108EA8006C00536C656570006D6D2F6D696E00699F
:108EB8006E636865732F6D696E006465672F6D69F1
:108EC8006E00696E636800646567003C00496E70F7
:108ED80075744472760020696E206C696E65202571
:108EE800640A0020213A3B2C2B2D3C3E272F2A25B3
:108EF8005E3D28293F7B7D00213C3E3D2B2D2A2FBE
:108F080025267C00212B2D2A5E2F253D3B3A28293A
:108F18002C273F00256300256400257325642E2532
:108F2800302A64006D61696E0050726F6772616DFE
:108F380020726573756C7420646F65736E27742076
:108F480066697420696E746F206275666665720062
:108F58006D61696E2829206E6F7420666F756E6466
:108F68000053796E746178206572726F72004E6F6B
:108F78002065787072657373696F6E20707265739F
:108F8800656E7400506172656E74686573657320F0
:108F9800657870656374656400436C6F73696E67A8
:108FA8002071756F746520657870656374656400F9
:108FB800546F6B656E20697320746F6F206C6F6ED1
:108FC8006700556E62616C616E63656420627261F0
:108FD800636573004475706C6963617465207661BC
:108FE800726961626C65206E616D65004475706CB4
:108FF80069636174652066756E6374696F6E206E4F
:10900800616D650054797065207370656369666980
:1090180065722065787065637465640053656D6971
:10902800636F6C6F6E206578706563746564005457
:109038006F6F206D616E79206E657374656420664C
:10904800756E6374696F6E2063616C6C7300526532
:109058007475726E20776974686F75742063616CBB
:109068006C00506172616D65746572206572726F13
:1090780072004E6F742061207661726961626C655E
:10908800004E6F74206120737472696E67007B20D4
:1090980065787065637465642028636F6E74726F99
:1090A8006C2073746174656D656E7473206D75736F
:1090B800742075736520626C6F636B732900436F4E
:1090C8006C6F6E20657870656374656400576869B5
:1090D8006C6520657870656374656400556E6261BF
:1090E8006C616E63656420706172656E7468657327
:1090F80065730046756E6374696F6E20756E64657E
:1091080066696E656400546F6F206D616E79206CBE
:109118006F63616C207661726961626C657300448B
:1091280069766973696F6E206279207A65726F005B
:10913800556E646566696E656420746F6B656E0054
:10914800546F6F206D616E792066756E6374696FF8
:109158006E7300546F6F206D616E7920676C6F625B
:10916800616C207661726961626C6573004E65732B
:1091780074696E6720697320746F6F206465657009
:109188000053637269707420657865637574696FDC
:109198006E206C696D6974206578636565646564C3
:1091A800004572726F72204E6F7420466F756E6440
:1091B80000766F6964006368617200696600656CB7
:1091C800736500666F7200646F007768696C65008C
:1091D80073776974636800636173650064656661C9
:1091E800756C740072657475726E00627265616B7D
:1091F8000070757463680070757473007072696EBE
:1092080074007072696E746C6E007072696E746648
:1092180070006162730073717274004765744178FD
:109228006973506F73580047657441786973506F5C
:1092380073590047657441786973506F735A0047D2
:1092480065744D657472696341786973506F7358BA
:10925800004765744D657472696341786973506F2E
:109268007359004765744D65747269634178697311
:10927800506F735A00476574496D70657269616C07
:1092880041786973506F735800476574496D70650C
:109298007269616C41786973506F735900476574DE
:1092A800496D70657269616C41786973506F735A62
:1092B8000049734C617468654469616D65746572D1
:1092C8004D6F6465002525732525256C647300257D
:1092D80025730053656C65637400436F6E74696E23
:1092E800756500313030250053504545443A0046F5
:1092F8004C4F4F44004D49535400494E534944453F
:10930800004F55545349444500434C454152414E42
:1093180043450044495354414E4345005052454348
:10932800495345002B00544950204449414D455468
:109338004552004D454153555245204F46465345E9
:109348005400434C454152204F4646534554004231
:1093580041534520504F534954494F4E004D4541C4
:109368005355524520424153450024230D00464998
:109378004E442043454E5445520046494E442045EC
:10938800444745004D6561737572652042415345F8
:1093980020706F736974696F6E0A666972737400FE
:1093A80044495354414E434520616E6420434C4523
:1093B8004152414E43450A6D7573742062652073AE
:1093C800657420666F720A6F7574736964652070BE
:1093D800726F62696E67004739300D0044783A2031
:1093E80025732025730044793A20257320257300BE
:1093F80044643A202573202573005475726E2070DA
:10940800726F6265203138302064656772656573F4
:109418000A616E6420707265737320636F6E74697D
:109428006E756500416374696F6E206E656564656D
:10943800640046696E6465720043656E7465720007
:1094480045646765004F666673657400535045450B
:1094580044003B2043616E63656C207072657373D2
:10946800656420696E206F70656E206469616C6F39
:1094780067003B2050726F6772616D20636F6E7476
:1094880061696E206C696E6573206C6F6E676572BA
:109498000A0D3B207468616E203830206368617261
:1094A800616374657273004F70656E004C696E6518
:1094B800206C6F6E676572207468616E203830208A
:1094C800636861726163746572730A656E636F7550
:1094D8006E746572656420647572696E6720737452
:1094E8007265616D696E672E0A52656D61696E6994
:1094F8006E672070726F6772616D20776173207379
:109508006B69707065642E0050524F4752414D2070
:1095180053544F505045440046696C65207265614C
:1095280064206572726F7220656E636F756E746504
:109538007265640A647572696E6720737472656116
:109548006D696E672E0A52656D61696E696E672076
:1095580070726F6772616D2077617320736B6970C9
:109568007065642E004E256C7500436F6D6D616EDD
:109578006420776173206E6F742061636B6E6F7700
:109588006C65646765640A62792074686520636F36
:109598006E74726F6C6C65722E2052656D61696EA7
:1095A800696E670A70726F6772616D2077617320E8
:1095B800736B69707065642E0A436865636B206D10
:1095C800616368696E6520706F736974696F6E0A8C
:1095D8006265666F726520726573756D696E672E58
:1095E800002F003B2046696C652072656164206528
:1095F80072726F72210049662070726F6772616DB6
:1096080020636F6E7461696E73206C696E65730A8E
:109618006C6F6E676572207468616E2038302063E5
:109628006861726163746572730A69742063616E3C
:109638002774206265206C6F616465640043484547
:10964800434B494E472050524F4752414D003B2013
:1096580046696C652072656164206572726F72007C
:109668003B204C696E6520256C75206973206C6FF2
:109678006E676572003B207468616E203830206325
:1096880068617261637465727321003B2045727270
:109698006F72206F70656E2066696C65210052419B
:1096A8004449555300415243204C454E47544800C5
:1096B800737720636F6D6D616E64006465646963C0
:1096C800617465642070696E0066756C6C20636FE8
:1096D8006E74726F6C0070696E2026207377206339
:1096E8006D64004672616D656400506C61696E005E
:1096F8006175746F00656E61626C6564006469739E
:1097080061626C656400696E766572746564006E8A
:109718006F726D616C00646F776E00256C75206DDB
:1097280073005472616E73706F7274004C696E6B63
:109738000044617461206672616D65732073656EA3
:109748007400446174612072657472616E736D692E
:1097580074730041636B20726563656976656400A4
:109768004E616B2072656365697665640044617457
:1097780061206672616D65732072656365697665DF
:1097880064004475706C6963617465732072656305
:1097980065697665640041636B2073656E74004E7D
:1097A800616B2073656E7400435243206572726F5B
:1097B8007273004275666665722066756C6C00543B
:1097C80072616E736D69742064726F7073004C6996
:1097D8006E6B206C6F737365730047454E4552413D
:1097E8004C00494E464F0056657273696F6E004DC6
:1097F8005047207265717565737400554152542045
:10980800426175642052617465004672616D65201D
:10981800617474656D707473004D696E2061636B5B
:109828002074696D656F7574004175746F204D50B3
:1098380047206F6E2073746172747570005361767F
:10984800652073637269707420726573756C740037
:10985800446973706C617920496E76657273696FBB
:109868006E004D61746368206D616368696E652080
:109878007370656564206C696D697473004D6574F7
:1098880072696320466565642031004D65747269AC
:109898006320466565642032004D657472696320F3
:1098A800466565642033004D6574726963204665BA
:1098B8006564203400496D70657269616C20466585
:1098C8006564203100496D70657269616C20466578
:1098D8006564203200496D70657269616C20466567
:1098E8006564203300496D70657269616C20466556
:1098F8006564203400526F7461727920466565642E
:10990800203100526F746172792046656564203297
:1099180000526F7461727920466565642033005285
:109928006F746172792046656564203400536561FF
:10993800726368207370656564004C6F636B207395
:109948007065656400506F736974696F6E20646533
:1099580076696174696F6E0042616C6C207469701D
:109968000054657472697300504155534500536340
:109978006F72653A20256C7500446973706C617963
:10998800447276004374726C00536F756E6444724F
:109998007600222A3A3C3E3F7C7F002B2C3B3D5BE5
:1099A8005D0049444C4500546D725100546D72205D
:1099B8005376630064656661756C745461736B00FB
:1099C80053544D6963726F656C656374726F6E6929
:1099D80063730053544D3332205669727475616C49
:1099E80020436F6D506F72740043444320436F6E81
:1099F8006669670043444320496E74657266616313
:109A080065005245454E54206D616C6C6F63207340
:109A18007563636565646564002F6275696C642F9E
:109A2800676E752D746F6F6C732D666F722D7374FE
:109A38006D33325F31342E332E72656C312E3230F5
:109A48003235313032372D303730302F7372632F43
:109A58006E65776C69622F6E65776C69622F6C69C9
:109A680062632F7374646C69622F72616E642E6313
:109A7800002F6275696C642F676E752D746F6F6C3B
:109A8800732D666F722D73746D33325F31342E33DC
:109A98002E72656C312E32303235313032372D30FE
:109AA8003730302F7372632F6E65776C69622F6E53
:109AB80065776C69622F6C6962632F737472696E63
:109AC800672F737472746F6B2E63002C2066756E2B
:109AD8006374696F6E3A2000617373657274696F9D
:109AE8006E2022257322206661696C65643A2066BF
:109AF800696C6520222573222C206C696E652025EF
:109B080064257325730A00232D302B2000686C4CC4
:109B1800006566674546470030313233343536379D
:109B280038394142434445460030313233343536C2
:109B38003738396162636465660000000000000020
:109B480000000000551500081D1500084115000803
:109B5800ED140008F3140008F9140008FF140008B5
:109B68000515000800000000000000005515000859
:109B7800551A0008C91B000899230008CD260008BB
:109B88000B150008992000080515000800000000C2
:109B980000000000A5180008D11800080566010893
:109BA8007F6601089F660108236601083D66010873
:109BB80011670108472E0008DD2D0008B12E0008A6
:109BC800B12D0008B72D0008BD2D0008C32D0008D1
:109BD800C92D0008CF2D0008D52D0008D92D000863
:109BE800516601080000000000000000A53A0008C6
:109BF800393B0008B934000811390008E933000876
:109C0800F13B0008E53C00080000000000000000EF
:109C180089490008394A00087D440008994B000822
:109C2800C93F0008C5400008FD4C000801000000BD
:109C38000A00000064000000E8030000102700008C
:109C4800A086010040420F008096980000000000A6
:109C5800000000008B5100088D510008F5520008E3
:109C680053510008C9510008655700087B57000880
:109C780061510008B3570008775100080000000040
:109C880000000000DD5A0008695B00080959000857
:109C9800FD57000845580008F7570008115F0008ED
:109CA8000000000000000000551500083D6700088E
:109CB8006D670008116700089D7C00085D68000852
:109CC800FF1400080515000803040300E80300005A
:109CD80010270000E8030000B08E0208B78E0208C3
:109CE800C28E02087D850208CA8E0208CF8E02083D
:109CF8000000000000000000C1190008DF1B000878
:109D080005660108D78600085787000823660108FA
:109D18003D66010811670108D5860008D586000848
:109D28009B880008B12D0008B72D0008BD2D00083C
:109D3800C32D0008C92D0008CF2D0008D52D000817
:109D4800D92D000851660108C7C7C7C7C7C7C7C705
:109D5800C7C7C7FFFFFFF6F6F6F6FFFFFFFFC7C747
:109D6800C7C7C7C7C7C7C7C7C7C7C7C7C7C7C7C77B
:109D7800C7C7C7C7C7C7C7C7FFAD5B5B52A4A4A403
:109D8800A4A4A4A45BA4A4F6FFC7C7C7C7C7C7C732
:109D9800C7C7C7C7C7C7C7C7C7C7C7C7C7C7FFA436
:109DA8005BADF6FFFFF6ADADADADADF6FFFFF6A4CA
:109DB8005BA4FFC7C7C7C7C7C7C7C7C7C7C7C7C782
:109DC800C7C7C7C7C7F600F6FFF6ADADADF6FFFFCC
:109DD800FFFFF6ADA45BA4F6AD09ADADFFC7C7C7DD
:109DE800C7C7C7C7C7C7C7C7C7C7C7F6520909A4E0
:109DF8005BADFFF6A4A4A4A4A4A4A4A4ADF6AD529C
:109E08005B00A4A45BFFC7C7C7C7C7C7C7C7C7C787
:109E1800C7C7F65BFFAD090952A45BA4F6FFFFF6BE
:109E2800F6FFFFFFAD095B5BA4A4A4FFF65BFFC7C9
:109E3800C7C7C7C7C7C7C7C7C7FF52FFFFA4FFAD7C
:109E4800520952A45B5B0052A45B0952A45B5B5BA2
:109E5800F6FFADA4FFADA4C7C7C7C7C7C7C7C7C765
:109E6800FF5BF6FFADFFFF5BADAD5209525BF652EB
:109E780009F6095B5B09FFFFA4F6FF5BF6FF52FFDB
:109E8800C7C7C7C7C7C7C7C7FF52FFFFADFFF6A4FD
:109E9800FFA4F6A40900A4ADA4000009F6F6A4FFE7
:109EA800FF5BFFF6A4FFADADC7C7C7C7C7C7C7C726
:109EB800F652FFF6FFFFA4F6FFA4FFFF5B5B000965
:109EC800090000ADADFF5BFFFF5BFFFFA4FFF65B82
:109ED800FFC7C7C7C7C7C7C7F652FFF6F6FFA4FF35
:109EE800FFADFFFF52F609000000A45BF6FF5BFF21
:109EF800FF5BFFF6A4FFAD5BFFC7C7C7C7C7C7C7F0
:109F0800F609FFFFADFFF6F6FFA4ADA45252ADF679
:109F1800ADA40952A45BF6FFA4F6FFA4F6FFA45271
:109F2800FFC7C7C7C7C7C7C7F652ADFFF6F6FFA436
:109F3800ADA45B525BF6F6ADADF6AD095252ADA4D9
:109F4800A4FFADA4FFF65B52FFC7C7C7C7C7C7C703
:109F5800F65BA4F6FFF6ADAD5B5B5BADADADADA456
:109F6800A4A4A4ADAD5B525BADAD5BFFFF52F600A0
:109F78005BF6FFC7C7C7C7C7F652FF5BADF6A45B62
:109F880009A4A4ADADFFFFFFFFFFF6A45BA4AD5B82
:109F98005252ADF652F6F6ADFF5B5BFFC7C7C7C7B7
:109FA800F600FFFF0952095BADADF6FFF6ADADA4B3
:109FB800A4A4ADF6FFF6ADA4A4525209A4FF5BFF1A
:109FC800FFFFF65BA4FFC7C7F65B5BFF00AD00A40D
:109FD800FFFFF6ADF6ADADADADADADADADF6FFFF86
:109FE800AD00A45BA4ADA4FFFFFFFFAD00FFC7C792
:109FF800F6A4ADA4F6ADA4ADA4A4A4F6FFFFFF5249
:10A0080000FFFFFFF6AD5B52A45BA4A4AD52FFFFB7
:10A01800FFF6ADF65BFFC7C7F6A4FFADA4F6ADF635
:10A02800FFFFF6ADA4A4A45BA4A4ADA4ADF6FFFF06
:10A03800FFA4ADAD52FFFFFFADADADFF5BFFC7C7DE
:10A04800F65BFFFFF652ADF6FFFFFFFFFFFFFFFFD6
:10A05800FFFFFFFFFFFFFFFFFFAD52A4FFFFADAD06
:10A06800FFA4A4FFA4FFC7C7F609FFFFFF525B5B6D
:10A078005BF6F6FFFFFFFFFFFFFFFFFFFFFFF6ADF9
:10A088005B5BF6FFF6ADF6FFFFFFFFFFA4FFC7C758
:10A09800F600F6FFA45209FFF6ADA45BA4F6ADF6F0
:10A0A800F6ADF6ADA4A4A4ADFFFFFFADF6FFFFFF2C
:10A0B800FFFFFFFFA4FFC7C7F65B52F6F65BA4FFDE
:10A0C800FFFFFFFFF6ADA4005BA4ADF6FFFFFFFFA7
:10A0D800FFADADFFFFFFFFFFFFF652FF52F6C7C708
:10A0E800F652AD5BF6FFFFFFFFFFFFFFFFF652F6EC
:10A0F800FFFFFFFFFFFFFFF6A4F6FFFFFFFFFFFFD5
:10A10800FFF6A4ADA452F6C7FF52F6A4095BFFFF01
:10A11800FFFFF6ADF652A4FFFFFFFFFFFFFFADAD57
:10A12800FFFFFFFFFFFFFFFFF6A45BF6F6A45BFF50
:10A13800C7F652FF520009ADF6520000000952520C
:10A14800ADFFFFFFADADFF52ADFFFFFFFFFFFFAD5E
:10A15800ADF65BA4F6FF5BFFC7C7AD5BF6A4ADA485
:10A1680000F6AD5B5BA4A4A4095BAD5BF6FFFFF64C
:10A17800FFFFFFFFFFF6ADFFFFADADFFFFAD5BFFDC
:10A18800C7C7FFAD52F6FFF6A4A4A4FFAD5B52000B
:10A19800AD09F6ADFFFFFFFFFFFFFFF6ADF6FFF6D7
:10A1A800ADF6FFF652A4FFC7C7C7C7C7F6525BADE7
:10A1B800ADA4F6A45BA4090052AD52FFFFFFFFADAA
:10A1C800ADFFADADFFFFADF6FFFF5B52F6FFC7C7B2
:10A1D800C7C7C7C7C7FFF652A4A4AD5B5209000999
:10A1E80000AD52FFFFFFFF5BAD5BF6FFF6ADFFFF73
:10A1F800AD09ADFFC7C7C7C7C7C7C7C7C7C7C7FF69
:10A208005BADA4005209525200A452FFFFFFF6AD05
:10A21800F65B5BADF6FFF65BA4FFC7C7C7C7C7C74A
:10A22800C7C7C7C7C7C7C7FFA4AD5B5B00525BAD55
:10A23800005209F6FFAD5BF6FFADF6FFFFA45BF633
:10A24800C7C7C7C7C7C7C7C7C7C7C7C7C7C7C7C796
:10A25800F65BADA4ADA4F6A40900A45252F6FFAD76
:10A268005BFFFFAD52ADFFC7C7C7C7C7C7C7C7C7E3
:10A27800C7C7C7C7C7C7C7C7C7A4A4AD5BAD5BA4DB
:10A288000009F6F6AD5BADFFADF652A4FFC7C7C730
:10A29800C7C7C7C7C7C7C7C7C7C7C7C7C7C7C7C746
:10A2A800C7FF5BA4A40952AD00ADC7C7C7FFAD5B2C
:10A2B8000952F6C7C7C7C7C7C7C7C7C7C7C7C7C72A
:10A2C800C7C7C7C7C7C7C7C7FFAD5252ADFFF6005C
:10A2D800A4FFC7C7C7C7C7FFF6FFC7C7C7C7C7C752
:10A2E800C7C7C7C7C7C7C7C7C7C7C7C7C7C7C7C7F6
:10A2F800F60000ADFFF652F6C7C7C7C7C7C7C7C73E
:10A30800C7C7C7C7C7C7C7C7C7C7C7C7C7C7C7C7D5
:10A31800C7C7C7C7C7C7C7C7FF000009A45BFFC730
:10A32800C7C7C7C7C7C7C7C7C7C7C7C7C7C7C7C7B5
:10A33800C7C7C7C7C7C7C7C7C7C7C7C7C7C7C7C7A5
:10A34800FFA40000ADFFC7C7C7C7C7C7C7C7C7C7F0
:10A35800C7C7C7C7C7C7C7C7C7C7C7C7C7C7C7C785
:10A36800C7C7C7C7C7C7C7C7C7C7C7C7C7C7C7C775
:10A37800C7C7C7C7C7C7C7C7C7C7C7C7C7C7C7C765
:10A38800C7C7C7C7C7C7C7C7C7C7C7C7C7C7C7C755
:10A39800C7C7C7C7C7C7FFA4A4A4ADAD5BADA4A476
:10A3A8005BFFC7C7C7C7C7C7C7C7C7C7C7C7C7C769
:10A3B800C7C7C7C7C7C7C7C7C7C7C7C75BA4FFFF44
:10A3C800FFFFFFFFADFFFFFFFFFF5BA4C7C7C7C7C6
:10A3D800C7C7C7C7C7C7C7C7C7C7C7C7C7C7C7C705
:10A3E800C7C7A4ADFFFFF65B5252000000005252EF
:10A3F8005BFFFFFFA4A4C7C7C7C7C7C7C7C7C7C7EF
:10A40800C7C7C7C7C7C7C7C7FFA4FFF6AD000009BE
:10A418005BA4A45B5BA4A4A4090052ADF6FFA4FF4F
:10A42800C7C7C7C7C7C7C7C7C7C7C7C7C7C7C7ADCE
:10A43800ADFFF609005BADADFFFFFFA4ADFFFFFF69
:10A44800A4AD520052F6FFADADC7C7C7C7C7C7C74F
:10A45800C7C7C7C7C7C7A4FFFF5B0052FFFFFFFFFF
:10A46800FFFFFF09A4FFFFFFFFFFFFFF0900A4FF95
:10A47800FFA4C7C7C7C7C7C7C7C7C7C7C7A4FFFF02
:10A488005B00A4FFFFFFFFFFFFFFFFADA4FFFFFF7F
:10A49800FFFFFFFFFF5B005BFFFFADC7C7C7C7C775
:10A4A800C7C7C7C7F6ADFF5B00F6FF0000FFFF5B3D
:10A4B80000000000000000005BFFFF0000FFF60046
:10A4C800A4FFADFFC7C7C7C7C7C7C7C75BFF5B0048
:10A4D800FFFFFF0009520000525BADFFFFAD525273
:10A4E8000000A40000FFFFF600A4FFA4C7C7C7C769
:10A4F800C7C7C75BFFF6005BFFFFFFFF000052FF07
:10A50800FFFFFFFFFFFFFFFFFF090000FFFFFFFF47
:10A518005B00F6FF5BC7C7C7C7C7C7ADF65252FF98
:10A52800FFFFFF0000ADFFFFFFFFFFFFFFFFFFFF83
:10A53800FFFFA40000FFFFFFFF5252FFA4C7C7C7D9
:10A54800C7C75BFF5B00FFFFFFFF0000FFFFFFFFC8
:10A55800FFFFFFFFFFFFFFFFFFFFFFF60900FFFF01
:10A56800FFFF00ADFF52C7C7C7C7A4FF0052FFFFD8
:10A57800FF5B00ADFFFFFFFFFFFFFFFFFFFFFFFFD8
:10A58800FFFFFFFFA400A4FFFFFF5B09FF5BC7C736
:10A59800C7A4FFF600FFF6FFFF0009FFFFFFFFFF5C
:10A5A800FFFFFFFFFFFFFFFFFFFFFFFFFF0900FFA8
:10A5B800FFFFAD00FFFFF6C7C7A4FF0909AD000004
:10A5C8005200FFFFFFFFFFFFFFFFFFFFFFFFFFFF3F
:10A5D800FFFFFFFFFFFF00520000F6095BFF5BC7AC
:10A5E800C75BFF525BFF52000052FFFFFFFFFFFFF8
:10A5F800FFFFFFFFFFFFFFFFFFFFFFFFFFFF090058
:10A608005209FFA452FFA4C7C7A4FF00ADFFFFFF74
:10A61800005BFFFFFFFFFFFFFFFFFFFFFFFFFFFFE5
:10A62800FFFFFFFFFFFF5B00FFFFFFA45BF6ADC767
:10A63800C7ADF65BADFFFFFF00F6FFFFFFFFFFFFB3
:10A64800FFFFFFFFFFFFFFFFFFFFFFFFFFFFAD0063
:10A65800FFFFFFA400FF09C7C7A4AD00F6FFFFADC9
:10A6680000FFFFFFFFFFFFFFFFFFFFFFFFFFFFFFF1
:10A67800FFFFFFFFFFFFAD00F6FFFF5BA4FFA4C7CE
:10A68800C7ADAD09FFFFFFA400FFFFFFFFFFFFFFFE
:10A69800FFFFFFFFFFFFFFFFFFFFFFFFFFFFAD0013
:10A6A800ADFFFFADF6FF5BC7C7ADF609A4FFFFFF1F
:10A6B80000ADFFFFFFFFFFFFFFFFFFFFFFFFFFFFF3
:10A6C800FFFFFFFFFFFFAD00FFFFFFA400FF52C722
:10A6D800C7A4FF00ADFFFFFF005BFFFFFFFFFFFF09
:10A6E800FFFFFFFFFFFFFFFFFFFFFFFFFFFF5B0015
:10A6F800FFFFFFA452FFADC7C75BFF09A4FF0052CD
:10A708000052FFFFFFFFFFFFFFFFFFFFFFFFFFFFFD
:10A71800FFFFFFFFFFFF0900F600FFA452FFA4C7D9
:10A72800C7A4FF0952AD00005B00FFFFFFFFFFFF5A
:10A73800FFFFFFFFFFFFFFFFFFFFFFFFFFF600A484
:10A748000000F6095BFF5BC7C7ADFFF600F6FFFF29
:10A75800FF0052FFFFFFFFFFFFFFFFFFFFFFFFFFAD
:10A76800FFFFFFFFFF0900FFFFFFF600FFFFFFC726
:10A77800C7C75BF6525BFFFFFF5200ADFFFFFFFF4D
:10A78800FFFFFFFFFFFFFFFFFFFFFFFFA40052FFD8
:10A79800FFFF5209FF5BC7C7C7C7A4FFA400FFFF9D
:10A7A800FFFF0000F6FFFFFFFFFF00000000FFFFB4
:10A7B800FFFFFFAD0000FFFFFFFF00ADFF5BC7C756
:10A7C800C7C7C7A4F6525BFFFFFFFF0009A4FFFF3E
:10A7D800FFAD00FFFF00FFFFFFFFA40000FFFFFF2A
:10A7E800FF005BF6A4C7C7C7C7C7C7A4FFAD00A4CF
:10A7F800FFFFFFFF000009FFFF5200FFFF00ADFF52
:10A80800F6520000FFFFFFFF5B00ADFFA4C7C7C7FC
:10A81800C7C7C7C75BFFA400F6FFFF0052A400002C
:10A82800095200000000525200005B0000FFFFF6D2
:10A8380000ADFF5BC7C7C7C7C7C7C7C7FFF6FF528B
:10A8480000ADFF0900FFFFA40000000000000000A9
:10A85800A4FFFF0009FFAD005BFFADFFC7C7C7C777
:10A86800C7C7C7C7C7ADFFFF5B005BFFFFFFFFFFA1
:10A87800FFFFFF5B5BFFFFFFFFFFFFFFFFA4005B26
:10A88800FFF6F6C7C7C7C7C7C7C7C7C7C7C7A4FFA5
:10A89800FFA40000FFFFFFFFFFFFFF0000FFFFFF17
:10A8A800FFFFFFFF0000ADFFF6ADC7C7C7C7C7C7AB
:10A8B800C7C7C7C7C7C7C7ADADFFF65B005BADADC0
:10A8C800FFFFFFA4A4FFFFFFADAD090052ADFFAD30
:10A8D800ADC7C7C7C7C7C7C7C7C7C7C7C7C7C7C71A
:10A8E800FF5BFFF6A40900005B5BF6A4A4F65B5BC4
:10A8F800090009ADFFFF5BFFC7C7C7C7C7C7C7C701
:10A90800C7C7C7C7C7C7C7C7C7C7A4A4FFF6FF5BE2
:10A918005B090900005B09525BFFFFFFA4A4C7C7DE
:10A92800C7C7C7C7C7C7C7C7C7C7C7C7C7C7C7C7AF
:10A93800C7C7C7C7A45BF6FFFFFFF6FFFFF6FFFF19
:10A94800FFF6A4A4C7C7C7C7C7C7C7C7C7C7C7C76E
:10A95800C7C7C7C7C7C7C7C7C7C7C7C7C7C7C7AD99
:10A96800A45BF65252AD52A4A4C7C7C7C7C7C7C78E
:10A97800C7C7C7C7C7C7C7C7C7C7C7C7C7C7C7C75F
:10A98800C7C7C7C7C7C7C7C7C7C7C7C7C7C7C7C74F
:10A99800C7C7C7C7C7C7C7C7C7C7C7C7C7C7C7C73F
:10A9A800000000000000000055150008A58C0008F4
:10A9B800D18C0008E58C0008F3140008F91400088D
:10A9C800FF1400086D8F000828090A2D2B0028099C
:10A9D8000A2D2B00010203040506000000000000F8
:10A9E800698F020802000000768F02080C00000040
:10A9F8008C8F02080E000000A18F020813000000CF
:10AA0800B88F020807000000CA8F02081100000072
:10AA1800DC8F020812000000F48F02080900000011
:10AA28000C90020806000000249002080A000000AA
:10AA3800379002080B00000056900208050000003D
:10AA48006A900208030000007A90020804000000DF
:10AA58008990020814000000969002081500000072
:10AA6800C69002080D000000D59002080100000001
:10AA7800E490020808000000FB9002080F000000A4
:10AA88000E9102081000000027910208160000002D
:10AA980038910208170000004891020818000000C9
:10AAA8005B91020819000000759102081A00000065
:10AAB800899102081B000000A9910208B9910208B7
:10AAC80002000000BE91020803000000069202087E
:10AAD80004000000C391020805000000C6910208A6
:10AAE80006000000CB91020807000000CF91020881
:10AAF80008000000D291020809000000D89102085D
:10AB08000A000000DF9102080B000000E49102082F
:10AB18000C000000EC9102080D00000023940208CC
:10AB28000E000000F39102080F000000F7840208ED
:10AB380010000000F9910208EFA3000800000000CF
:10AB4800FF910208C599000800000000049202085D
:10AB580059A40008000000000A92020871A5000824
:10AB68000000000012920208A1A5000800000000E1
:10AB78001A92020805A70008000000001E920208A9
:10AB88005FA7000800000000239202084FB10008E8
:10AB9800000000002F9202086FB1000800000000BA
:10ABA8003B9202088FB1000800000000479202089B
:10ABB800AFB100080000000059920208DFB1000898
:10ABC800000000006B9202080FB2000800000000AD
:10ABD8007D9202083FB2000800000000919202082E
:10ABE8006FB2000800000000A59202089FB200089A
:10ABF80000000000B9920208CFB20008000000006F
:10AC0800F7840208000000000000000000000000B7
:10AC180000000000B9C3000825C4000845BE0008AC
:10AC280049C10008FDBB0008A7BC0008D1BD000849
:10AC38000000000000000000F5D800081DD9000839
:10AC4800DDF00008F5C6000811C5000851C5000868
:10AC5800B9D9000800000000000000002DD7000846
:10AC6800CDD7000859C7000851D3000885DE000871
:10AC78003DE5000821DF000800000000000000009A
:10AC8800E5D700086DD80008D5CB00085DD40008CA
:10AC9800E9E9000879EA0008E1ED00080000000091
:10ACA8000000000085D80008DDD80008ADD00008F5
:10ACB80041D5000899DB000843DC0008C1DD000825
:10ACC800000000000000000085F6000835F70008C5
:10ACD800B5F30008E1F80008DD000108F1FD0008FF
:10ACE800010201080000000000000000F112010844
:10ACF80081130108750B0108F10F0108970A010873
:10AD080009190108391601080000000000000000B8
:10AD1800891C0108051D0108592401084D25010851
:10AD2800371C0108A5250108D525010800000000E9
:10AD380000000000415A00087F5B00080566010812
:10AD4800172C0108352C0108236601083D66010807
:10AD580011670108152C0108152C01084D2C010854
:10AD6800B12D0008B72D0008BD2D0008C32D00081F
:10AD7800C92D0008CF2D0008D52D0008D92D0008B1
:10AD88005166010800000000000000005515000889
:10AD9800D9310108FD31010811320108F314000806
:10ADA800F9140008FF1400087D36010800000000AF
:10ADB80000000000293201083D320108056601083B
:10ADC8007F6601089F660108236601083D66010841
:10ADD80011670108573101085D3101084F66010804
:10ADE800B12D0008B72D0008BD2D0008C32D00089F
:10ADF800C92D0008CF2D0008D52D0008D92D000831
:10AE08007B320108000000000000000051320108F8
:10AE180065320108056601087F6601089F6601081A
:10AE2800236601083D6601081167010859310108C8
:10AE38009D3201084F660108B12D0008B72D0008A2
:10AE4800BD2D0008C32D0008C92D0008CF2D00080E
:10AE5800D52D0008D92D000851660108000102030C
:10AE68000405060708090A0B0C0D0E0F03070B0F44
:10AE780002060A0E0105090D0004080C0F0E0D0C40
:10AE88000B0A090807060504030201000C08040060
:10AE98000D0905010E0A06020F0B07030001000049
:10AEA8000001010000010000000000000001000096
:10AEB8000001000000010100000000000000010086
:10AEC8000000010000010100000000000001000076
:10AED8000001000000010000000100000000000067
:10AEE8000001010000010100000000000000010055
:10AEF8000001010000010000000000000001000046
:10AF0800000101000000010000000000510A710F5B
:10AF1800A1148118510A710FA1148118510A710FD7
:10AF2800A1148118510A710FA1148118510A6110D6
:10AF3800A114811B510A6110A114811B510A6110CF
:10AF4800A114811B510A6110A114811B510AC10D62
:10AF580061122117510AC10D61122117510AC10D41
:10AF680061122117510AC10D61122117510A710F7F
:10AF7800A1148118510A710FA1148118510A710F77
:10AF8800A1148118510A710FA11481183109611097
:10AF98002117811B310961102117811B31096110AB
:10AFA8002117811B310961102117811B410C710F79
:10AFB8006112E11E410C710F6112E11E410C710F0B
:10AFC8006112E11E410C710F6112E11E3108410C42
:10AFD800A114E11E3108410CA114E11E3108910BA6
:10AFE800A114811B3108910BA114811BB107410CDD
:10AFF800A114E11EB107410CA114E11EB107C10D56
:10B0080061107113B107C10D710F7113510A410C11
:10B01800710FA114510A410C710FA114510A710F3B
:10B02800A1148118510A710FA114811831096112F4
:10B038008118811B310961128118811B3109611046
:10B048002117811B310961102117811B410C710FD8
:10B0580061128118410C710F61128118410C611243
:10B068008118E11E410C61128118E11E910B211714
:10B07800E11EA122910B2117E11EA122910BA1141F
:10B08800211DA122910BA114211DA122710F611272
:10B098002117B124710F61122117B124C10DE11ECE
:10B0A800B124412EC10DE11EB124412E010DE11E36
:10B0B800B124C13D010DE11EB124C13D410C211750
:10B0C800E11EB124410CE115E11EB124910B2117B9
:10B0D800E11EA122910B2117E11EA122910BE11E75
:10B0E800A122412E910BE11EA122412E910B211785
:10B0F800211DA122910B2117211DA122910B211D98
:10B10800A122412E910B211DA122412E710FC13D7B
:10B11800412EB124E11E412EB124E11E2117C13D6B
:10B12800E11E211761126110710FC10D410CC13D63
:10B13800412EB124E11E412EB124E11E2117B12474
:10B14800E11E211761125111710F410C910B412E13
:10B15800A122E11E2117A122E11E2117A114E11E3F
:10B16800211D21175111710F910E910B3109611297
:10B1780021176112710FE11E2117710FC109E11E1C
:10B1880021177113710F811B2117710FA1146152BF
:10B19800C13D01313129C13D01313129E11E013162
:10B1A8003129E11E81182117A11461126110615221
:10B1B800C13D01313129C13D01313129E11E013142
:10B1C8003129E11E81182117A1146110710FC13DA9
:10B1D800412E3129E11E412E3129E11E811B3129E1
:10B1E800E126E11E2117A1147113710FB107710F28
:10B1F80071132117E11EE126412EC13D013131298C
:10B20800E11E811821177113710FC109510A710FBD
:10B21800A1148118510A710FA1148118510A710FD4
:10B22800A1148118510A710FA1148118510A6110D3
:10B23800A114811B510A6110A114811B510A6110CC
:10B24800A114811B510A6110A114811B510AC10D5F
:10B2580061122117510AC10D61122117510AC10D3E
:10B2680061122117510AC10D61122117510A710F7C
:10B27800A1148118510A710FA1148118510A710F74
:10B28800A1148118510A710FA11481183109611094
:10B298002117811B310961102117811B31096110A8
:10B2A8002117811B310961102117811B410C710F76
:10B2B8006112E11E410C710F6112E11E410C710F08
:10B2C8006112E11E410C710F6112E11E3108410C3F
:10B2D800A114E11E3108410CA114E11E3108910BA3
:10B2E800A114811B3108910BA114811B3108710F26
:10B2F800A11481183108710FA11481183108C10DEA
:10B30800A11421173108C10DA11421173108410CCE
:10B31800A114E11E3108410CA114E11E3108910B62
:10B32800A114811B3108910BA114811BB107710F66
:10B33800A1148118B107710FA1148118B107C10DAB
:10B3480071132117B107C10D71132117510A6152E9
:10B35800C13D01313129E11E8118A114710FC13D90
:10B3680001313129E11E8118A114710F410C0131FD
:10B3780031290131412EC13DC14D815CD1A4C13D6E
:10B3880001313129E11E8118A114710F5F0A0F00E4
:10B3980000000000FF00000000FF00000000FF00A8
:10B3A800FF00FF00FFFF000000FFFF0040404000DB
:10B3B80000000000000000003DF600084BF7000800
:10B3C8008D640108993D0108653A0108EB6501089B
:10B3D8003D66010811670108D76301087963010810
:10B3E80049600108B12D0008B72D0008BD2D0008DF
:10B3F800C32D0008C92D0008CF2D0008D52D000841
:10B40800D92D000851660108836201080000000078
:10B418000000000055150008153F0108713F01089C
:10B428009B470108F3140008F9140008FF140008EA
:10B438008D4101080000000000000000F9470108E4
:10B44800FB47010847490108D34901085748010843
:10B4580009480108A50F0008F3470108000000008B
:10B4680000000000474B0108494B0108674D0108DF
:10B47800514A0108974B0108FF4A0108754B01081A
:10B48800A34F01081B50010873500108074B01081E
:10B49800BB4B0108254C01080F4A01088B4C0108D9
:10B4A800635001084D4A01082B4A0108874A0108E0
:10B4B800D34A0108A1500108000000000000000064
:10B4C8007D51010891510108056601087F66010850
:10B4D8009F660108236601083D6601081167010897
:10B4E8007B510108F15001084F660108B12D000891
:10B4F800B72D0008BD2D0008C32D0008C92D000870
:10B50800CF2D0008D52D0008D92D00085166010857
:10B518000000000024000000480000006D0000004A
:10B5280091000000B6000000DA000000FF000000F3
:10B538000024000024240000482400006D2400009A
:10B5480091240000B6240000DA240000FF24000043
:10B558000048000024480000484800006D480000EA
:10B5680091480000B6480000DA480000FF48000093
:10B57800006D0000246D0000486D00006D6D000036
:10B58800916D0000B66D0000DA6D0000FF6D0000DF
:10B598000091000024910000489100006D91000086
:10B5A80091910000B6910000DA910000FF9100002F
:10B5B80000B6000024B6000048B600006DB60000D2
:10B5C80091B60000B6B60000DAB60000FFB600007B
:10B5D80000DA000024DA000048DA00006DDA000022
:10B5E80091DA0000B6DA0000DADA0000FFDA0000CB
:10B5F80000FF000024FF000048FF00006DFF00006E
:10B6080091FF0000B6FF0000DAFF0000FFFF000016
:10B618000000550024005500480055006D005500F5
:10B6280091005500B6005500DA005500FF0055009E
:10B638000024550024245500482455006D24550045
:10B6480091245500B6245500DA245500FF245500EE
:10B658000048550024485500484855006D48550095
:10B6680091485500B6485500DA485500FF4855003E
:10B67800006D5500246D5500486D55006D6D5500E1
:10B68800916D5500B66D5500DA6D5500FF6D55008A
:10B698000091550024915500489155006D91550031
:10B6A80091915500B6915500DA915500FF915500DA
:10B6B80000B6550024B6550048B655006DB655007D
:10B6C80091B65500B6B65500DAB65500FFB6550026
:10B6D80000DA550024DA550048DA55006DDA5500CD
:10B6E80091DA5500B6DA5500DADA5500FFDA550076
:10B6F80000FF550024FF550048FF55006DFF550019
:10B7080091FF5500B6FF5500DAFF5500FFFF5500C1
:10B718000000AA002400AA004800AA006D00AA00A0
:10B728009100AA00B600AA00DA00AA00FF00AA0049
:10B738000024AA002424AA004824AA006D24AA00F0
:10B748009124AA00B624AA00DA24AA00FF24AA0099
:10B758000048AA002448AA004848AA006D48AA0040
:10B768009148AA00B648AA00DA48AA00FF48AA00E9
:10B77800006DAA00246DAA00486DAA006D6DAA008C
:10B78800916DAA00B66DAA00DA6DAA00FF6DAA0035
:10B798000091AA002491AA004891AA006D91AA00DC
:10B7A8009191AA00B691AA00DA91AA00FF91AA0085
:10B7B80000B6AA0024B6AA0048B6AA006DB6AA0028
:10B7C80091B6AA00B6B6AA00DAB6AA00FFB6AA00D1
:10B7D80000DAAA0024DAAA0048DAAA006DDAAA0078
:10B7E80091DAAA00B6DAAA00DADAAA00FFDAAA0021
:10B7F80000FFAA0024FFAA0048FFAA006DFFAA00C4
:10B8080091FFAA00B6FFAA00DAFFAA00FFFFAA006C
:10B818000000FF002400FF004800FF006D00FF004B
:10B828009100FF00B600FF00DA00FF00FF00FF00F4
:10B838000024FF002424FF004824FF006D24FF009B
:10B848009124FF00B624FF00DA24FF00FF24FF0044
:10B858000048FF002448FF004848FF006D48FF00EB
:10B868009148FF00B648FF00DA48FF00FF48FF0094
:10B87800006DFF00246DFF00486DFF006D6DFF0037
:10B88800916DFF00B66DFF00DA6DFF00FF6DFF00E0
:10B898000091FF002491FF004891FF006D91FF0087
:10B8A8009191FF00B691FF00DA91FF00FF91FF0030
:10B8B80000B6FF0024B6FF0048B6FF006DB6FF00D3
:10B8C80091B6FF00B6B6FF00DAB6FF00FFB6FF007C
:10B8D80000DAFF0024DAFF0048DAFF006DDAFF0023
:10B8E80091DAFF00B6DAFF00DADAFF00FFDAFF00CC
:10B8F80000FFFF0024FFFF0048FFFF006DFFFF006F
:10B9080091FFFF00B6FFFF00DAFFFF00FFFFFF0017
:10B91800000000000000000025520108395201080B
:10B92800056601087F6601089F660108236601080D
:10B938003D66010811670108235201084B530108AD
:10B948004F660108B12D0008B72D0008BD2D00086D
:10B95800C32D0008C92D0008CF2D0008D52D0008DB
:10B96800D92D000851660108000000000000000001
:10B97800B5160008C9160008056601087F660108A3
:10B988009F660108236601083D66010811670108E2
:10B99800BD570108135701084F660108B12D00086B
:10B9A800B72D0008BD2D0008C32D0008C92D0008BB
:10B9B800CF2D0008D52D0008D92D000851660108A3
:10B9C8000000000000000000ED590108015A0108BC
:10B9D800056601087F6601089F660108236601085D
:10B9E8003D66010811670108155A0108755A0108D2
:10B9F8004F660108B12D0008B72D0008BD2D0008BD
:10BA0800C32D0008C92D0008CF2D0008D52D00082A
:10BA1800D92D000851660108000000000000000050
:10BA2800C5590108D9590108056601087F6601084A
:10BA38009F660108236601083D6601081167010831
:10BA4800075901082B5801084F660108B12D000855
:10BA5800B72D0008BD2D0008C32D0008C92D00080A
:10BA6800CF2D0008D52D0008D92D000851660108F2
:10BA78000000000000000000DD160008F1160008B4
:10BA8800056601087F6601089F66010823660108AC
:10BA98003D66010811670108935C01085F5D0108B4
:10BAA8004F660108B12D0008B72D0008BD2D00080C
:10BAB800C32D0008C92D0008CF2D0008D52D00087A
:10BAC800D92D0008516601080000000000000000A0
:10BAD80051630108656301088D6401087F660108E8
:10BAE8009F660108EB6501083D66010811670108BA
:10BAF800D76301087963010849600108B12D00087E
:10BB0800B72D0008BD2D0008C32D0008C92D000859
:10BB1800CF2D0008D52D0008D92D00085166010841
:10BB2800836201080000000000000000000000001F
:10BB380000000000056601087F6601089F6601088D
:10BB4800236601083D66010811670108000000002E
:10BB5800000000004F660108B12D0008B72D00084D
:10BB6800BD2D0008C32D0008C92D0008CF2D0008E1
:10BB7800D52D0008D92D00085166010800000000E5
:10BB880000000000BD670108C16701089D67010842
:10BB9800A1670108A5670108AD670108A967010841
:10BBA800000000000000000000000000000000008D
:10BBB800000000000000000000000000000000007D
:10BBC800000000000000000078008400020102016B
:10BBD80002014A01020102014A0132010201020185
:10BBE8008400780000000000000000007800FC00DD
:10BBF800FE01FE01FE01B601FE01FE01B601CE0105
:10BC0800FE01FE01FC0078000000000000000000BA
:10BC1800CC00FE01FE01FE01FE01FE01FE01FC005A
:10BC2800FC00FC00780078003000300000000000C4
:10BC3800000000003000300078007800FC00FC00B4
:10BC4800FE01FE01FC00FC007800780030003000A6
:10BC58000000000000000000300078007800780044
:10BC68003000CC00FE01FE01CC003000300078002E
:10BC78007800FC00000000000000000030003000E8
:10BC880078007800FC00FE01FE01FE01FE01B40010
:10BC9800300078007800FC00000000000000000080
:10BCA800000000000000000000003000780078006C
:10BCB800300000000000000000000000000000004C
:10BCC800FF03FF03FF03FF03FF03FF03FF03CF038C
:10BCD80087038703CF03FF03FF03FF03FF03FF036C
:10BCE800FF03FF0300000000000000000000000048
:10BCF80000007800CC0084008400CC0078000000AC
:10BD08000000000000000000FF03FF03FF03FF0323
:10BD1800FF03FF03870333037B037B03330387039B
:10BD2800FF03FF03FF03FF03FF03FF0300000000FF
:10BD38000000C00300038003C00260027800CC004A
:10BD4800860186018601CC00780000000000000012
:10BD5800000000007800CC00860186018601CC0036
:10BD6800780030003000FC00300030003000000067
:10BD7800000000000000000020002000E000E000BB
:10BD8800E000E001200120012001200030003800FF
:10BD980038001800000000000000000000018001C9
:10BDA800E00138019801C801680138018801C8011B
:10BDB800CC01CE000E0006000000000000000000CC
:10BDC800000000000000000020002401F8008800A6
:10BDD80004018800F8002401200000000000000091
:10BDE8000000000000000000000006001E007E00A9
:10BDF800FE017E001E00060000000000000000009A
:10BE080000000000000000000000000000008001A9
:10BE1800E001F801FE01F801E001800100000000E6
:10BE28000000000000000000000000003000780062
:10BE3800FC00B4003000300030003000300030002A
:10BE4800B400FC0078003000000000000000000092
:10BE5800CC00CC00CC00CC00CC00CC00CC00CC007A
:10BE6800CC00CC0000000000CC00CC00000000009A
:10BE780000000000FC019E019E019E019E019E01A2
:10BE88009E019C01980198019801980198019801D8
:10BE98000000000000000000FC0086018E011C006C
:10BEA80038006C00CC00D8007000E000C0018601AA
:10BEB8008601FC00000000000000000000000000F7
:10BEC800000000000000000000000000000000006A
:10BED800FE01FE01FE01FE0100000000000000005E
:10BEE80030007800FC00FC003000300030003000EA
:10BEF80030003000FC00FC0078003000000000003A
:10BF08000000000030007800FC00FC003000300029
:10BF18003000300030003000300030003000300099
:10BF28000000000000000000300030003000300049
:10BF3800300030003000300030003000FC00FC00E1
:10BF48007800300000000000000000000000000041
:10BF5800000000006000E000FE01FE01E00060005B
:10BF680000000000000000000000000000000000C9
:10BF78000000000000000000000018001C00FE0186
:10BF8800FE011C0018000000000000000000000076
:10BF98000000000000000000000000000000000099
:10BFA80000000000000006000600FE00000000007F
:10BFB8000000000000000000000000000000000079
:10BFC80000004800CC00FE01FE01CC004800000043
:10BFD8000000000000000000000000000000000059
:10BFE8003000300078007800FC00FC00FE01FE0103
:10BFF8000000000000000000000000000000000039
:10C0080000000000FE01FE01FC00FC007800780042
:10C0180030003000000000000000000000000000B8
:10C028000000000000000000000000000000000008
:10C0380000000000000000000000000000000000F8
:10C048000000000000000000300078007800780050
:10C058007800780030003000300030000000000028
:10C06800300030000000000000000000CC00CC00D0
:10C07800CC000000000000000000000000000000EC
:10C0880000000000000000000000000000000000A8
:10C098000000CC00CC00CC00CC00FE01CC00CC00D1
:10C0A800FE01CC00CC00CC00CC0000000000000059
:10C0B8000000000030003000FC00B601B6013E0070
:10C0C80038007000F001B601B601FC003000300005
:10C0D800000000000000000084018E00CA004A0031
:10C0E8006E002400300010009800C8014C01440183
:10C0F800C601820000000000000000003C0066004D
:10C108004200420066003C0018003C01E601C20003
:10C118004200C200E6013C010000000000000000EF
:10C128003000300020001000000000000000000077
:10C1380000000000000000000000000000000000F7
:10C1480000006000300030003000180018001800AF
:10C1580018001800180018001800300030003000CF
:10C16800600000000000180030003000300060005F
:10C1780060006000600060006000600060003000E7
:10C18800300030001800000000000000000000002F
:10C19800000000000000CC007800FE017800CC0010
:10C1A8000000000000000000000000000000000087
:10C1B8000000000000000000000030003000FE0118
:10C1C8003000300000000000000000000000000007
:10C1D8000000000000000000000000000000000057
:10C1E80000000000000000000000000030003000E7
:10C1F8002000100000000000000000000000000007
:10C20800000000000000FE01000000000000000027
:10C218000000000000000000000000000000000016
:10C228000000000000000000000000000000000006
:10C238000000000030003000000000000000000096
:10C2480080018001C000C000600060003000300044
:10C25800180018000C000C00060006000000000082
:10C26800000000007800CC008601C601C601A601C6
:10C27800A601960196018E018E018601CC007800F8
:10C288000000000000000000300038003E003000D0
:10C298003000300030003000300030003000300016
:10C2A8003000FE0100000000000000007800CC0013
:10C2B8008601860180018001C000600030001800FE
:10C2C8000C0006000600FE0100000000000000004F
:10C2D8007800CC008601860180018001F800800189
:10C2E8008001800186018601CC00780000000000F2
:10C2F80000000000300030001800180018000C0082
:10C308000C006C00660066006600FE0160006000BC
:10C318000000000000000000FE0106000600060004
:10C3280006007E00C0008001800180018601860130
:10C33800CC0078000000000000000000E0013000A0
:10C3480018000C000C0006007E00C600860186015D
:10C3580086018601CC007800000000000000000083
:10C36800FE01800180018001C000C000C0006000A3
:10C378006000600030003000300030000000000035
:10C38800000000007800CC00860186018601CC0000
:10C398007800CC008601860186018601CC007800F1
:10C3A80000000000000000007800CC008601860133
:10C3B800860186018C01F8018001C000C000600080
:10C3C80030001E0000000000000000000000000017
:10C3D80000000000000030003000000000000000F5
:10C3E80000000000300030000000000000000000E5
:10C3F80000000000000000000000300030000000D5
:10C408000000000000000000300030002000100094
:10C418000000000000000000C000600030001800AC
:10C428000C0006000C00180030006000C00000007E
:10C4380000000000000000000000000000000000F4
:10C448000000FE0100000000FE01000000000000E6
:10C4580000000000000000000000000000000000D4
:10C4680006000C00180030006000C00060003000BA
:10C4780018000C000600000000000000000000008A
:10C48800FC00CE0186018001C001C0006000600090
:10C4980030003000000000003000300000000000D4
:10C4A800000000007C00C60083018301F3019B01AA
:10C4B8009B019B01DB01B301030003008601FC0023
:10C4C80000000000000000007800CC008601860112
:10C4D8008601860186018601FE01860186018601A4
:10C4E8008601860100000000000000007E00C600F2
:10C4F800860186018601C6007E00C6008601860187
:10C5080086018601C6007E000000000000000000D1
:10C518007800CC00860186010600060006000600A9
:10C528000600060086018601CC00780000000000A5
:10C53800000000007E00C600C60086018601860154
:10C5480086018601860186018601C600C6007E0036
:10C558000000000000000000FE01060006000600C2
:10C5680006000600FE00060006000600060006009B
:10C578000600FE010000000000000000FE010600A9
:10C5880006000600060006000600FE00060006007B
:10C59800060006000600060000000000000000007B
:10C5A8007800CC0086018601060006000600E60138
:10C5B8008601860186018601CC0078000000000013
:10C5C8000000000086018601860186018601860139
:10C5D800FE018601860186018601860186018601A3
:10C5E8000000000000000000FE01300030003000B4
:10C5F80030003000300030003000300030003000B3
:10C608003000FE01000000000000000080018001F1
:10C61800800180018001800180018001800180010A
:10C6280086018601CC0078000000000000000000B0
:10C6380086018601C600E600660036001E001E0060
:10C6480036006600E600C60086018601000000008C
:10C6580000000000060006000600060006000600AE
:10C668000600060006000600060006000600FE0199
:10C678000000000000000000860186018601CE014E
:10C68800CE01CE01FE01B601B601B60186018601D2
:10C698008601860100000000000000008601860176
:10C6A8008E018E019E019601B601A601E601C60122
:10C6B800C601860186018601000000000000000016
:10C6C8007800CC00860186018601860186018601F4
:10C6D8008601860186018601CC00780000000000F2
:10C6E800000000007E00C6008601860186018601E2
:10C6F800C6007E00060006000600060006000600CA
:10C7080000000000000000007800CC0086018601CF
:10C7180086018601860186018601860186018601D9
:10C72800CC0078006000C000000000007E00C60059
:10C738008601860186018601C6007E006600C60065
:10C74800C600C600C6008601000000000000000008
:10C758007800CC008601860106001E003C00F0002F
:10C76800E001800186018601CC007800000000000D
:10C7780000000000FE0130003000300030003000C2
:10C788003000300030003000300030003000300021
:10C798000000000000000000860186018601860175
:10C7A8008601860186018601860186018601860149
:10C7B800CC0078000000000000000000860186011F
:10C7C8008601860186018601CC00CC00CC00480099
:10C7D8007800780030003000000000000000000001
:10C7E800860186018601860186018601B601B601A9
:10C7F800B601CC00CC00CC00CC00CC00000000007E
:10C80800000000008601860186018601CC00CC006C
:10C8180078007800CC00CC0086018601860186016C
:10C8280000000000000000008601860186018601E4
:10C8380086018601CC00FC00780030003000300012
:10C84800300030000000000000000000FE01800100
:10C858008001C000C00060003000180018000C0003
:10C868000C0006000600FE010000000000000000A9
:10C878007800180018001800180018001800180090
:10C8880018001800180018001800780000000000B0
:10C8980000000000060006000C000C00180018003C
:10C8A8003000300060006000C000C00080018001DE
:10C8B80000000000000000007800600060006000D8
:10C8C8006000600060006000600060006000600060
:10C8D8006000780000000000000000003000F80050
:10C8E800CE01000000000000000000000000000071
:10C8F8000000000000000000000000000000000030
:10C90800000000000000000000000000000000001F
:10C918000000000000000000000000000000FF030D
:10C92800000000003000300010002000000000006F
:10C9380000000000000000000000000000000000EF
:10C9480000000000000000000000000000000000DF
:10C958000000F80084018001FC018601860186013F
:10C96800C601BC010000000000000000060006002F
:10C978000600060006007600CE00860186018601C4
:10C9880086018601CE00760000000000000000004D
:10C9980000000000000000000000F8008C01060004
:10C9A80006000600060006008C01F80000000000E2
:10C9B8000000000080018001800180018001B80131
:10C9C800CC0186018601860186018601CC01B80169
:10C9D800000000000000000000000000000000004F
:10C9E80000007800CC0086018601FE0106000600E2
:10C9F8008C01F8000000000000000000F000980121
:10CA0800180018001800FE00180018001800180078
:10CA180018001800180018000000000000000000AE
:10CA280000000000000000000000B801CC018601F1
:10CA3800860186018601CC01B8018001CE0078000C
:10CA4800000000000600060006000600060076004A
:10CA5800CE0086018601860186018601860186014F
:10CA6800000000000000000030003000000000005E
:10CA780000003C0030003000300030003000300052
:10CA88003000FC00000000000000000060006000B2
:10CA98000000000000007800600060006000600096
:10CAA80060006000600060006C003800000000005A
:10CAB800060006000600060006008601C60066009D
:10CAC80036001E003E006600C60086010000000019
:10CAD800000000003C003000300030003000300022
:10CAE8003000300030003000300030003000FC00F2
:10CAF800000000000000000000000000000000002E
:10CB08000000CE00FE01B601B601B601B601B601BD
:10CB1800B6018601000000000000000000000000CF
:10CB28000000000000007600CE0086018601860124
:10CB380086018601860186010000000000000000D1
:10CB4800000000000000000000007800CC00860112
:10CB58008601860186018601CC007800000000006D
:10CB68000000000000000000000000000000760047
:10CB7800CE0086018601860186018601CE007600F8
:10CB88000600060000000000000000000000000091
:10CB98000000B801C401860186018601860186016C
:10CBA800C401B801800180010000000000000000FD
:10CBB800000000000000E600FE010E00060006006E
:10CBC8000600060006000600000000000000000045
:10CBD80000000000000000000000FC0086010600C4
:10CBE8001C003000E00080018601FC00000000000D
:10CBF8000000000000003000300030003000FC0071
:10CC08003000300030003000300030003000E000EC
:10CC1800000000000000000000000000000000000C
:10CC2800000086018601860186018601860186014B
:10CC3800C601BC0100000000000000000000000068
:10CC48000000000000008601860186018601860139
:10CC5800CC00480078003000000000000000000010
:10CC6800000000000000000000008601B601B601C7
:10CC7800B601B601B601CC00CC00CC000000000023
:10CC88000000000000000000000000000000860115
:10CC98008601CC00FC003000FC00CC008601860137
:10CCA800000000000000000000000000000000007C
:10CCB800000086018601860186018601CC00CC0031
:10CCC8007800300018000E0000000000000000008E
:10CCD800000000000000FE018001C000600030007C
:10CCE80018000C000600FE01000000000000000013
:10CCF800E000300030003000300030003000180014
:10CD0800300030003000300030003000E00000001B
:10CD180000000000300030003000300030003000EB
:10CD280030000000300030003000300030003000AB
:10CD380030003000000000001C00300030003000DF
:10CD4800300030003000600030003000300030002B
:10CD5800300030001C000000000000009801660050
:10CD680000000000000000000000000000000000BB
:10CD780000000000000000000000000000000000AB
:10CD8800300030007800CC00CC0086018601860196
:10CD98008601860186018601FE01FE010000000071
:10CDA80000000000FC00CE0186018001C001C00027
:10CDB80060006000300030000000000030003000EB
:10CDC8000000000000000000FC00CE018601800188
:10CDD800C001C000600060003000300000000000AA
:10CDE800300030000000000000000000300030007B
:10CDF80020001000000000000000000000000000FB
:10CE0800000000000000000000000000000000001A
:10CE1800FC00CE0186018001C001C00060006000F6
:10CE2800300030000000000030003000000000003A
:10CE380000000000CC00CC00CC0000000000000086
:10CE480000000000000000000000000000000000DA
:10CE580000000000000000000000000000000000CA
:10CE6800000030003000000000000000000000005A
:10CE780030003000000000002000200020002000CA
:10CE88002000200020002000FF03200020002000B8
:10CE9800200020002000200020002000200020008A
:10CEA80020002000200020002000FF030000FF03D6
:10CEB800200020002000200020002000200020006A
:10CEC80000000000FC00CE0186018001C001C00006
:10CED80060006000300030000000000030003000CA
:10CEE800000000000000000084018E00CA004A0013
:10CEF8006E002400300010009800C8014C01440165
:10CF0800C60182000000000000000000FC00CE0105
:10CF180086018001C001C000600060003000300060
:10CF28000000000030003000000000000000000099
:10CF380000000000C0006000300018000C0006006F
:10CF48000C00180030006000C00000000000000065
:10CF580000000000FC00CE0186018001C001C00075
:10CF68006000600030003000000000003000300039
:10CF78000000000000000000FC00CE0186018001D6
:10CF8800C001C000600060003000300000000000F8
:10CF9800300030000000000000000000FC00CE015E
:10CFA80086018001C001C0006000600030003000D0
:10CFB8000000000030003000000000000000000009
:10CFC800FC00CE0186018001C001C0006000600045
:10CFD8003000300000000000300030000000000089
:10CFE80000000000FC00CE0186018001C001C000E5
:10CFF80060006000300030000000000030003000A9
:10D008000000000000000000300030002000100088
:10D018000000000000000000000000000000000008
:10D028000000000000000000000000003000300098
:10D0380020001000000000000000000000000000B8
:10D0480000000000000000000000000000000000D8
:10D05800CC00CC00CC000000000000000000000064
:10D0680000000000000000000000000000000000B8
:10D0780000000000CC00CC00CC0000000000000044
:10D088000000000000000000000000000000000098
:10D098000000000000000000000000000000000088
:10D0A8000000300078007800300000000000000028
:10D0B8000000000000000000000000000000000068
:10D0C80000000000000000000000FE010000000059
:10D0D8000000000000000000000000000000000048
:10D0E8000000000000000000000000000000FE0139
:10D0F8000000000000000000000000000000000028
:10D1080000000000FC00CE0186018001C001C000C3
:10D118006000600030003000000000003000300087
:10D128000000000000000000FE0130003000300068
:10D138003000300030003000300030003000300067
:10D14800300030000000000000000000FC00CE01AC
:10D1580086018001C001C00060006000300030001E
:10D168000000000030003000000000000000000057
:10D178000000000006000C00180030006000C0002D
:10D188006000300018000C000600000000000000DD
:10D1980000000000FC00CE0186018001C001C00033
:10D1A80060006000300030000000000030003000F7
:10D1B8000000000000000000FC00CE018601800194
:10D1C800C001C000600060003000300000000000B6
:10D1D800300030000000000000000000FC00CE011C
:10D1E80086018001C001C00060006000300030008E
:10D1F80000000000300030000000000000000000C7
:10D20800FC00CE0186018001C001C0006000600002
:10D218003000300000000000300030000000000046
:10D2280000000000000000000000000000000000F6
:10D2380000000000000000000000000000000000E6
:10D2480000000000CC0030008601860186018601BE
:10D25800860186018601FC0180018001800186012A
:10D268008601FC00000000000000000000004800EB
:10D27800480030000000860186018601860186018B
:10D288008601FC01800182018601FC00000000008B
:10D29800FC00CE0186018001C001C0006000600072
:10D2A80030003000000000003000300000000000B6
:10D2B8000000000000007A01CE018400860186018A
:10D2C8008601860186018400CE017A0100000000F3
:10D2D8000000000000000000FC00CE018601800173
:10D2E800C001C00060006000300030000000000095
:10D2F8003000300000000000200020002000200046
:10D308002000200020002000200020002000200015
:10D318002000200020002000200020000000000045
:10D32800FC0086018E011C0038006C00CC00D8007F
:10D338007000E000C00186018601FC0000000000CA
:10D34800CC00CC00FE010600060006000600060020
:10D35800FE00060006000600060006000600FE01A4
:10D3680000000000000000000000000000000000B5
:10D378000000F8008C010600060006000600060002
:10D388008C01F80000000000000000007800CC00CC
:10D3980086018601060006007E00060006000600DB
:10D3A80086018601CC007800000000000000000023
:10D3B80000000000C0006000300018000C000600EB
:10D3C8000C00180030006000C000000000000000E1
:10D3D8000000000000000000000000000000000045
:10D3E8003F00200020002000200020002000200016
:10D3F80020002000000000000000000000000000E5
:10D40800000000000000FE01000000000000000015
:10D418000000000000000000000000007E00C600C0
:10D428008601860186018601C6007E006600C60068
:10D43800C600C600C60086010000000086018601FD
:10D448003000300030003000300030003000300054
:10D4580030003000300030003000FE0100000000D5
:10D46800000038006C00C600C6006C0038000000E0
:10D4780000000000000000000000000000000000A4
:10D488000000000000000000000000000000000094
:10D49800000030003000FE013000300000000000C5
:10D4A800000000000000000000000000FC00CE01A9
:10D4B80086018001C001C0006000600030003000BB
:10D4C80000000000300030000000000000000000F4
:10D4D800FC00CE0186018001C001C0006000600030
:10D4E8003000300000000000300030000000000074
:10D4F80000000000FC00CE0186018001C001C000D0
:10D508006000600030003000000000003000300093
:10D518000000000000000000000000000000000003
:10D5280000008601860186018601FC0180018001D8
:10D53800800180010000000000000000FC019E0145
:10D548009E019E019E019E019E019C0198019801E9
:10D55800980198019801980100000000000000005F
:10D568000000000000000000000000000000300083
:10D578003000000000000000000000000000000073
:10D5880000000000CC00CC00000000000000780083
:10D59800CC0086018601FE01060006008C01F80019
:10D5A8000000000000000000B30173027302B30121
:10D5B800370037003700FF033B003B003B003300D8
:10D5C80033003300000000000000000000000000ED
:10D5D800000000000000F8008C01060006007E0034
:10D5E800060006008C01F8000000000000000000A2
:10D5F8000000000006000C00180030006000C000A9
:10D608006000300018000C00060000000000000058
:10D6180000000000FC00CE0186018001C001C000AE
:10D628006000600030003000000000003000300072
:10D638000000000000000000FC00CE01860180010F
:10D64800C001C00060006000300030000000000031
:10D65800300030000000000000000000FC00CE0197
:10D6680086018001C001C000600060003000300009
:10D678000000000030003000000000000000000042
:10D68800CC00CC000000000000003C00300030005E
:10D6980030003000300030003000FC000000000096
:10D6A80000000000F8018C018601860186018601D0
:10D6B80086018601FE0186018601860186018601B2
:10D6C8000000000000000000FE0106000600060041
:10D6D800060006007E00C6008601860186018601D6
:10D6E800C6007E0000000000000000007E00C600AA
:10D6F800860186018601C6007E00C6008601860175
:10D7080086018601C6007E000000000000000000BF
:10D71800FE010600060006000600060006000600D8
:10D7280006000600060006000600060000000000CD
:10D7380000000000F8018C0186018601860186013F
:10D748008601860186018601860186018601FF031E
:10D758000303030300000000FE01060006000600A4
:10D7680006000600FE000600060006000600060089
:10D778000600FE0100000000000000003303330330
:10D788003201B601B601B400FC00FC00B400B601D9
:10D79800B60132013303330300000000000000002B
:10D7A8007C00C600820180018001C000F000C0003A
:10D7B8008001800180018201C6007C000000000019
:10D7C800000000008601860186018601C601C601A7
:10D7D800E601A601B60196019E018E018E01860121
:10D7E80000000000200030009601860186018601B5
:10D7F800C601C601E601A601B60196019E018E0189
:10D808008E018601000000000000000086018601EC
:10D81800C600E600660036001E001E0036006600E0
:10D82800E600C60086018601000000000000000036
:10D83800F00198018C018601860186018601860126
:10D8480086018601860186018601860100000000A6
:10D8580000000000860186018601CE01CE01CE01BE
:10D86800FE01B601B601B601860186018601860170
:10D878000000000000000000860186018601860184
:10D8880086018601FE0186018601860186018601E0
:10D898008601860100000000000000007800CC002E
:10D8A8008601860186018601860186018601860138
:10D8B80086018601CC00780000000000000000000E
:10D8C800FE018601860186018601860186018601A0
:10D8D8008601860186018601860186010000000016
:10D8E800000000007E00C6008601860186018601D0
:10D8F800C6007E00060006000600060006000600B8
:10D9080000000000000000007800CC0086018601BD
:10D9180006000600060006000600060086018601CD
:10D92800CC0078000000000000000000FE0130007C
:10D93800300030003000300030003000300030005F
:10D94800300030003000300000000000000000000F
:10D958008601860186018601860186018601FC0111
:10D9680080018001800186018601FC000000000022
:10D978000000000030003000FE013303330333039E
:10D98800330333033303FE0130003000300030002E
:10D998000000000000000000860186018601860163
:10D9A800CC00CC0078007800CC00CC008601860141
:10D9B8008601860100000000000000008601860143
:10D9C8008601860186018601860186018601860117
:10D9D800860186018601FE030003000300000000A3
:10D9E8008601860186018601860186018601FC0181
:10D9F8008001800180018001800180010000000019
:10DA080000000000B601B601B601B601B601B601C4
:10DA1800B601B601B601B601B601B601B601FE01FE
:10DA28000000000000000000B601B601B601B60112
:10DA3800B601B601B601B601B601B601B601B60126
:10DA4800B601FE0300030003000000001F001B00D6
:10DA58001B00180018001800F80098011803180394
:10DA6800180318039801F8000000000000000000E7
:10DA78008601860186018601860186019E01B6011E
:10DA8800E601E601E601E601B6019E01000000009C
:10DA9800000000000600060006000600060006005A
:10DAA8007E00C6008601860186018601C6007E00CA
:10DAB80000000000000000007800CC00860186010C
:10DAC80080018001F80180018001800186018601C2
:10DAD800CC0078000000000000000000E300B30163
:10DAE8001B031B031B031B031F031B031B031B033A
:10DAF8001B031B03B301E30000000000000000004B
:10DB0800F8018C0186018601860186018C01F801E5
:10DB180098018C018C018C018C01860100000000A9
:10DB28000000000000000000000000000000F800F5
:10DB380084018001FC01860186018601C601BC01C1
:10DB48000000000000000000000000008001FC0050
:10DB5800060006007600CE00860186018601860151
:10DB6800CC00780000000000000000000000000069
:10DB7800000000000000FE00860186018601FE000C
:10DB8800860186018601FE000000000000000000FA
:10DB980000000000000000000000FE00C6000600B3
:10DBA8000600060006000600060006000000000049
:10DBB8000000000000000000000000000000F80065
:10DBC800DC00C600C600C600C600C600C600FF01CD
:10DBD8008301830100000000000000000000000035
:10DBE80000007800CC0086018601FE0106000600D0
:10DBF8008C01F80000000000000000000000000098
:10DC080000000000000033033303B601FC00FC00F1
:10DC1800FC00B601330333030000000000000000DD
:10DC2800000000000000000000007C00C600820127
:10DC3800C0007000C0008201C6007C000000000027
:10DC48000000000000000000000000000000860145
:10DC580086018601C601E601B6019E018E01860194
:10DC6800000000000000000000000000400060000C
:10DC78002000860186018601C601E601B6019E01E3
:10DC88008E01860100000000000000000000000076
:10DC98000000000000008601C600660036001E0075
:10DCA8003E006600C600860100000000000000007B
:10DCB80000000000000000000000F8018C0186014F
:10DCC8008601860186018601860186010000000022
:10DCD80000000000000000000000000000008601B5
:10DCE800CE01CE01FE01B601B6018601860186018C
:10DCF800000000000000000000000000000000001C
:10DD080000008601860186018601FE0186018601E2
:10DD180086018601000000000000000000000000ED
:10DD28000000000000007800CC0086018601860112
:10DD380086018601CC007800000000000000000089
:10DD480000000000000000000000FE0186018601BE
:10DD58008601860186018601860186010000000091
:10DD68000000000000000000000000000000760035
:10DD7800CE0086018601860186018601CE007600E6
:10DD8800060006000000000000000000000000007F
:10DD98000000F8008C0106000600060006000600D8
:10DDA8008C01F800000000000000000000000000E6
:10DDB800000000000000FE0130003000300030009C
:10DDC800300030003000300000000000000000008B
:10DDD80000000000000000000000860186018601A6
:10DDE800860186018601FC01800182018601FC0012
:10DDF80000000000000000000000000000003000EB
:10DE0800FC00B60132013201B601FC0030003000DE
:10DE180000000000000000000000000000000000FA
:10DE2800000086018601CC00FC003000FC00CC001C
:10DE380086018601000000000000000000000000CC
:10DE4800000000000000C600C600C600C600C600EC
:10DE5800C600C600C600FE01800180010000000067
:10DE68000000000000000000000086018601860115
:10DE78008601FC0180018001800180010000000012
:10DE88000000000000000000000000000000B601D3
:10DE9800B601B601B601B601B601B601B601FE017A
:10DEA800000000000000000000000000000000006A
:10DEB8000000B601B601B601B601B601B601B60159
:10DEC800B601FE030003000300000000000000008C
:10DED8000000000000000F000D000D00FC008C0188
:10DEE8008C018C018C01FC00000000000000000087
:10DEF8000000000000000000000086018601860185
:10DF0800BE01E601E601E601E601BE0100000000EF
:10DF180000000000000000000000000000000600F3
:10DF280006000600FE008601860186018601FE00C5
:10DF380000000000000000000000000000000000D9
:10DF480000007C00C60080018001F801800180018A
:10DF5800C6007C0000000000000000000000000077
:10DF6800000000000000E600B601160116011E01BF
:10DF780016011601B601E6000000000000000000CE
:10DF880000000000000000000000F8018C0184017E
:10DF98008C01F801B00198018C0186010000000095
:10DFA8000000000000000000316801083568010821
:10DFB8009D670108A1670108A56701082568010890
:10DFC800A967010800000000000000000000000030
:10DFD8000000000000000000000000000000000039
:10DFE80000000000E000180304040404B209B209A8
:10DFF800020802081209E208040404041803E000F5
:10E0080000000000E000F803FC07FC074E0E4E0E6F
:10E01800FE0FFE0FEE0E1E0FFC07FC07F803E000D4
:10E02800000000000000000000001803BC07FC0707
:10E03800FC07FC07F803F001E000400000000000C6
:10E04800000000000000000000004000E000F001B7
:10E05800F803FC07F803F001E000400000000000AE
:10E068000000000000000000E000F001F001F001F5
:10E07800EC06FE0FFE0FFE0F4C06E000F00100005C
:10E08800000000000000000040004000E000F00137
:10E09800F803FC07FC07FC075803E000F001000048
:10E0A8000000000000000000000000000000000068
:10E0B8006000F000F00060000000000000000000B8
:10E0C80000000000FF0FFF0FFF0FFF0FFF0FFF0FF4
:10E0D8009F0F0F0F0F0F9F0FFF0FFF0FFF0FFF0F68
:10E0E800FF0FFF0F0000000000000000600090001C
:10E0F8000801080108010801900060000000000004
:10E1080000000000FF0FFF0FFF0FFF0F9F0F6F0FA3
:10E11800F70EF70EF70EF70E6F0F9F0FFF0FFF0F9B
:10E12800FF0FFF0F000000000000800700067805C1
:10E13800CC04860186018601CC007800000000002E
:10E148000000000000000000E00130031806180677
:10E1580018063003E001C000C000F003C000C00092
:10E16800000000004000C000C001C003400340039D
:10E178004001400040007000780078003000000046
:10E188000000000030007000D000900130037002E1
:10E19800D00290031C031E021E028C03C003C0039E
:10E1A80080010000000040004000E404F803180368
:10E1B8000C060E0E0C061803F803E4044000400099
:10E1C8000000000000000000080018003800780077
:10E1D800F800F801F800780038001800080000007E
:10E1E800000000000000000000018001C001E00103
:10E1F800F001F801F001E001C00180010001000018
:10E208000000000000004000E000F001F8034000BA
:10E218004000400040004000F803F001E0004000EA
:10E2280000000000000098019801980198019801E9
:10E2380098019801980198019801000098019801A7
:10E24800000000000000F8076C036603660366031D
:10E258006C0378036003600360036003600360037A
:10E26800000000000000F8010C030C000C00F8018D
:10E278000C030C03F801000300030C03F801000071
:10E288000000000000000000000000000000000086
:10E2980000000000000000000000F807F807F80779
:10E2A800000000004000E000F001F80340004000DA
:10E2B8004000400040004000F803F001E00040004A
:10E2C800F803000000004000E000F001F8034000FF
:10E2D8004000400040004000400040004000400036
:10E2E80000000000000040004000400040004000E6
:10E2F8004000400040004000F803F001E00040000A
:10E308000000000000000000000000008000800104
:10E318008003FC07800380018000000000000000EB
:10E328000000000000000000000000002000300095
:10E338003800FC0738003000200000000000000012
:10E3480000000000000000000000000000000000C5
:10E358000000000002000200020002000200FE07A6
:10E368000000000000000000000000001001180379
:10E378001C07FE0F1C071803100100000000000016
:10E388000000000000000000000000000000400045
:10E39800E000F001F803FC07FE0F00000000000099
:10E3A8000000000000000000000000000000FE0F58
:10E3B800FC07F803F001E000400000000000000046
:10E3C8000000000000000000000000000000000045
:10E3D8000000000000000000000000000000000035
:10E3E8000000000060006000F000F000F000F000A5
:10E3F800F000600060006000000000006000600045
:10E4080000000000000000009801980198019801A0
:10E4180000000000000000000000000000000000F4
:10E42800000000000000600660066006FC0F300374
:10E43800300398019801FE03CC00CC00CC0000000A
:10E448000000000060006000F801FC036C006C0034
:10E45800FC01F80360036003FC03F801600060003E
:10E46800000000000000000000081C0C1C0E1C0727
:10E478008003C001E000700038001C070E07060783
:10E48800000000000000E000B00198019801D800E9
:10E49800700078007C00CC06CC038C01DC03780685
:10E4A8000000000070007000700060006000300024
:10E4B8000000000000000000000000000000000054
:10E4C80000000000C0016000700030003800380013
:10E4D8003800380038003800300070006000C00193
:10E4E8000000000038006000E000C000C001C0016A
:10E4F800C001C001C001C001C000E00060003800D8
:10E50800000000000000000000006C036C03F8012C
:10E51800F000FC03F000F8016C036C03000000003D
:10E528000000000000000000000000006000600023
:10E538006000FC03FC036000600060000000000055
:10E5480000000000000000000000000000000000C3
:10E558000000000000000000000070007000700063
:10E568006000300000000000000000000000000013
:10E578000000FC03FC030000000000000000000095
:10E588000000000000000000000000000000000083
:10E598000000000000000000000070007000700023
:10E5A8000000000000000008000C000E00078003B7
:10E5B800C001E000700038001C000E0006000000DA
:10E5C80000000000F001FC070C06060C060C060C07
:10E5D800060C060C060C060C060C0C06FC07F001D3
:10E5E80000000000C000E000F800F800C000C00013
:10E5F800C000C000C000C000C000C000F807F80795
:10E6080000000000F803FC070E0E060C060E0007BB
:10E618008003C001E000700038001C00FE0FFE0FF0
:10E6280000000000F803FC070E0E060C000C000E9C
:10E63800F007F0030006000C060C0E0EFC07F803AA
:10E64800000000008003C003E003700338031C03CC
:10E658000E030603FE0FFE0F000300030003000372
:10E6680000000000FE0FFE0F060006000600FE0375
:10E67800FC07000E000C000C060C0E0EFC07F8033D
:10E6880000000000C003E003700038001C000C000C
:10E69800FE03FE070E0E060C060C0E0EFC07F80312
:10E6A80000000000FE0FFE0F000600060003000336
:10E6B80080018001C000C0006000600030003000B0
:10E6C80000000000F001F8031C070C060C061C07EC
:10E6D800F803FC070E0E060C060C0E0EFC07F803DA
:10E6E80000000000F803FC070E0E060C060C0E0EC8
:10E6F800FC0FF80F000600078003C001F80078003F
:10E708000000000000000000000000007000700021
:10E718007000000000000000700070007000000031
:10E728000000000000000000000000007000700001
:10E7380070000000000000007000700070006000B1
:10E748006000300000038003C001E0007000380062
:10E758001C001C0038007000E000C00180030003AA
:10E768000000000000000000000000000000FC079E
:10E77800FC0700000000FC07FC0700000000000088
:10E78800000000000C001C0038007000E000C00110
:10E7980080038003C001E000700038001C000C00FA
:10E7A80000000000F801FC030E07060606078003B8
:10E7B800C001E000600060006000000060006000D0
:10E7C80000000000F803FC070C06E60DF60DB60D78
:10E7D800B60DB60DB60DF607E6030E00FC03F00302
:10E7E8000000000060006000F000F000F0009801F8
:10E7F800980198010C03FC03FC03060606060606AE
:10E8080000000000FE00FE018603060306038603DF
:10E81800FE01FE030607060606060607FE03FE01BE
:10E8280000000000F001F8031C070C0606000600B3
:10E8380006000600060006000C061C07F803F00197
:10E8480000000000FE00FE01860306030606060619
:10E85800060606060606060606038603FE01FE00F1
:10E8680000000000FE07FE0706000600060006007E
:10E87800FE01FE010600060006000600FE07FE0770
:10E8880000000000FE07FE0706000600060006005E
:10E89800FE01FE010600060006000600060006004E
:10E8A80000000000F003F8071C060C000600060034
:10E8B800C607C607060606060C061C06F807F00774
:10E8C80000000000060606060606060606060606F8
:10E8D800FE07FE07060606060606060606060606DE
:10E8E80000000000F801F8016000600060006000AE
:10E8F800600060006000600060006000F801F801DE
:10E9080000000000000600060006000600060006DB
:10E91800000600060006060606060E03FC03F801BC
:10E9280000000000060606078603C601E60076001A
:10E938003E003E007600E600C6018603060706068E
:10E94800000000000600060006000600060006009B
:10E95800060006000600060006000600FE07FE0781
:10E968000000000006060E070E079E079E07F60623
:10E97800F60666066606060606060606060606067F
:10E988000000000006060E060E061E0636063606AF
:10E9980066066606C606C60686070607060706064C
:10E9A80000000000F000F8019C030C0306060606B0
:10E9B80006060606060606060C039C03F801F00088
:10E9C80000000000FE01FE0306070606060606060E
:10E9D8000607FE03FE010600060006000600060004
:10E9E80000000000F000F8019C030C030606060670
:10E9F800060606060606C606CC039C03F807F006BC
:10EA080000000000FE01FE030607060606060606CD
:10EA18000607FE03FE01E600C60186030607060692
:10EA280000000000F801FC030E07060606000E00B1
:10EA3800FC01F8030007000606060E07FC03F801B0
:10EA480000000000FC03FC03600060006000600040
:10EA580060006000600060006000600060006000AE
:10EA68000000000006060606060606060606060656
:10EA7800060606060606060606060C03FC03F8014B
:10EA8800000000000606060606060C030C030C032D
:10EA9800980198019801F000F000F0006000600013
:10EAA8000000000006060606060606060606060616
:10EAB800060666066606F6069E070E070E07060693
:10EAC80000000000060606060C030C039801F0007F
:10EAD80060006000F00098010C030C0306060606AF
:10EAE80000000000060606060C030C0398019801B6
:10EAF800F000F000600060006000600060006000EE
:10EB080000000000FE07FE07000300038001C000AC
:10EB180060006000300018000C000C00FE07FE07C3
:10EB280000000000F801F80118001800180018008B
:10EB3800180018001800180018001800F801F8014B
:10EB4800000000000000020006000E001C00380053
:10EB58007000E000C00180030007000E000C0000F8
:10EB680000000000F801F8018001800180018001A7
:10EB7800800180018001800180018001F801F80195
:10EB8800000000004000E000F001B8031C070E0E72
:10EB9800060C00000000000000000000000000005B
:10EBA800000000000000000000000000000000005D
:10EBB800000000000000000000000000000000004D
:10EBC800FE0FFE0F0000E000E000E00060006000C3
:10EBD800C00000000000000000000000000000006D
:10EBE8000000000000000000000000000000F80322
:10EBF800FC070006F807FC0706060606FE07FC07E2
:10EC08000000000006000600060006000600F601E7
:10EC1800FE030E070606060606060607FE03FE01A5
:10EC28000000000000000000000000000000F801E3
:10EC3800FC030E060600060006000E06FC03F8019B
:10EC48000000000000060006000600060006F806A0
:10EC5800FC078E070606060606060E06FC07F807DA
:10EC68000000000000000000000000000000F801A3
:10EC7800FC030E06FE07FE0306000E00FC03F80167
:10EC880000000000E001F00138001800180018002A
:10EC9800FE00FE00180018001800180018001800E0
:10ECA8000000000000000000000000000000F8075D
:10ECB800FC070E0606060E07FC07F8060006000706
:10ECC800FC03FC0106000600060006000600F6002C
:10ECD800FE018E0306030603060306030603060366
:10ECE80000000000000000006000600000007000EC
:10ECF800700060006000600060006000F801F801CA
:10ED08000000000000000000800180010000C00138
:10ED1800C00180018001800180018001800198018B
:10ED2800F801F0000C000C000C000C000C008C0129
:10ED3800CC01EC007C007C00EC00CC018C030C03C3
:10ED4800000000007000700060006000600060005B
:10ED5800600060006000600060006000F801F80179
:10ED680000000000000000000000000000009A0100
:10ED7800FE03FE07660666066606660666066606FD
:10ED88000000000000000000000000000000FC017E
:10ED9800FC030C070C060C060C060C060C060C06ED
:10EDA8000000000000000000000000000000F80162
:10EDB800FC030E070606060606060E07FC03F80106
:10EDC8000000000000000000000000000000FE013C
:10EDD800FE030607060606060E07FE03F6010600F2
:10EDE8000600060000000000000000000000F80710
:10EDF800FC070E06060606060E07FC07F8060006C0
:10EE08000006000600000000000000000000EC03FF
:10EE1800FC071C060C000C000C000C000C000C007D
:10EE28000000000000000000000000000000FC00DE
:10EE3800FE010600FE00FC0180018001FE01FC00CD
:10EE48000000000000001800180018001800FE005C
:10EE5800FE0018001800180018001800F801F0014A
:10EE6800000000000000000000000000000006068E
:10EE7800060606060606060606060E07FC07F80638
:10EE8800000000000000000000000000000006066E
:10EE980006060C030C0398019801F000F0006000CE
:10EEA80000000000000000000000000000006606EE
:10EEB8006606660666066606F606FC039C030801F7
:10EEC8000000000000000000000000000000060331
:10EED8008E03DC01F8007000F800DC018E030603E5
:10EEE80000000000000000000000000000000C030B
:10EEF8000C0398019801F000F000600060003000F9
:10EF08003000180000000000000000000000FE03B0
:10EF1800FE01C0006000300018000C00FE03FE0374
:10EF280000000000C003E003700030003000300033
:10EF380038001C0038003000300030007000E0035A
:10EF4800C0030000600060006000600060006000B6
:10EF580060006000600060006000600060006000A9
:10EF6800000000003C007C00E000C000C000C000C1
:10EF7800C0018003C001C000C000C000E0007C00E8
:10EF88003C0000000000000038066C03C6010000C9
:10EF98000000000000000000000000000000000069
:10EFA8000000000000000000000000006000F00009
:10EFB80098010C0306060606FE07FE07000000007F
:10EFC800000000001101440411014404110144042B
:10EFD80011014404110144041101440411014404C1
:10EFE80011014404AA0A5505AA0A5505AA0A550595
:10EFF800AA0A5505AA0A5505AA0A5505AA0A5505D1
:10F00800AA0A5505EE0EBB0BEE0EBB0BEE0EBB0BA4
:10F01800EE0EBB0BEE0EBB0BEE0EBB0BEE0EBB0BE0
:10F02800EE0EBB0B600060006000600060006000D6
:10F0380060006000600060006000600060006000C8
:10F0480060006000600060006000600060006000B8
:10F0580060007F007F00600060006000600060006A
:10F068006000600060006000600060006000600098
:10F078007F007F0060007F007F006000600060000C
:10F08800600060006C006C006C006C006C006C0030
:10F098006C006F006F006C006C006C006C006C0002
:10F0A8006C006C0000000000000000000000000080
:10F0B80000007F007F006C006C006C006C006C002E
:10F0C8006C006C0000000000000000000000000060
:10F0D8007F007F0060007F007F00600060006000AC
:10F0E800600060006C006C006C006C006C006C00D0
:10F0F8006F006F0060006F006F006C006C006C00A8
:10F108006C006C006C006C006C006C006C006C0097
:10F118006C006C006C006C006C006C006C006C0087
:10F128006C006C00000000000000000000000000FF
:10F138007F007F0060006F006F006C006C006C0047
:10F148006C006C006C006C006C006C006C006C0057
:10F158006F006F0060007F007F000000000000006B
:10F16800000000006C006C006C006C006C006C000F
:10F178006C007F007F00000000000000000000001D
:10F188000000000060006000600060006000600037
:10F198007F007F0060007F007F000000000000000B
:10F1A8000000000000000000000000000000000057
:10F1B80000007F007F006000600060006000600069
:10F1C8006000600060006000600060006000600037
:10F1D8006000E00FE00F00000000000000000000E9
:10F1E80000000000600060006000600060006000D7
:10F1F8006000FF0FFF0F000000000000000000008B
:10F2080000000000000000000000000000000000F6
:10F218000000FF0FFF0F60006000600060006000EA
:10F2280060006000600060006000600060006000D6
:10F238006000E00FE00F60006000600060006000A8
:10F2480060006000000000000000000000000000F6
:10F258000000FF0FFF0F000000000000000000008A
:10F268000000000060006000600060006000600056
:10F278006000FF0FFF0F600060006000600060002A
:10F288006000600060006000600060006000600076
:10F29800E00FE00F6000E00FE00F6000600060002A
:10F2A800600060006C006C006C006C006C006C000E
:10F2B8006C00EC0FEC0F6C006C006C006C006C00C8
:10F2C8006C006C006C006C006C006C006C006C00D6
:10F2D800EC0FEC0F0C00FC0FFC0F0000000000000E
:10F2E8000000000000000000000000000000000016
:10F2F800FC0FFC0F0C00EC0FEC0F6C006C006C00AA
:10F308006C006C006C006C006C006C006C006C0095
:10F31800EF0FEF0F0000FF0FFF0F000000000000CD
:10F3280000000000000000000000000000000000D5
:10F33800FF0FFF0F0000EF0FEF0F6C006C006C0069
:10F348006C006C006C006C006C006C006C006C0055
:10F35800EC0FEC0F0C00EC0FEC0F6C006C006C0069
:10F368006C006C00000000000000000000000000BD
:10F37800FF0FFF0F0000FF0FFF0F0000000000004D
:10F38800000000006C006C006C006C006C006C00ED
:10F39800EF0FEF0F0000EF0FEF0F6C006C006C0029
:10F3A8006C006C006000600060006000600060003D
:10F3B800FF0FFF0F0000FF0FFF0F0000000000000D
:10F3C800000000006C006C006C006C006C006C00AD
:10F3D8006C00FF0FFF0F000000000000000000009D
:10F3E8000000000000000000000000000000000015
:10F3F800FF0FFF0F0000FF0FFF0F600060006000AD
:10F408006000600000000000000000000000000034
:10F418000000FF0FFF0F6C006C006C006C006C00AC
:10F428006C006C006C006C006C006C006C006C0074
:10F438006C00FC0FFC0F0000000000000000000042
:10F448000000000060006000600060006000600074
:10F45800E00FE00F6000E00FE00F00000000000088
:10F468000000000000000000000000000000000094
:10F47800E00FE00F6000E00FE00F60006000600048
:10F4880060006000000000000000000000000000B4
:10F498000000FC0FFC0F6C006C006C006C006C0032
:10F4A8006C006C006C006C006C006C006C006C00F4
:10F4B8006C00EF0FEF0F6C006C006C006C006C00C0
:10F4C8006C006C00980198010000FE07FE0706001A
:10F4D8000600FE01FE01060006000600FE07FE0704
:10F4E80000000000600060006000600060006000D4
:10F4F800FF0FFF0F0000FF0FFF0F600060006000AC
:10F5080060006000600060006000600060006000F3
:10F5180060007F007F000000000000000000000085
:10F5280000000000000000000000000000000000D3
:10F538000000E00FE00F6000600060006000600005
:10F5480060006000FF0FFF0FFF0FFF0FFF0FFF0F9F
:10F55800FF0FFF0FFF0FFF0FFF0FFF0FFF0FFF0F33
:10F56800FF0FFF0F00000000000000000000000077
:10F5780000000000FF0FFF0FFF0FFF0FFF0FFF0F2F
:10F58800FF0FFF0F3F003F003F003F003F003F00DD
:10F598003F003F003F003F003F003F003F003F006B
:10F5A8003F003F00C00FC00FC00FC00FC00FC00FFB
:10F5B800C00FC00FC00FC00FC00FC00FC00FC00FCB
:10F5C800C00FC00FFF0FFF0FFF0FFF0FFF0FFF0F41
:10F5D800FF0FFF0F00000000000000000000000007
:10F5E800000000000000000000001803A404440408
:10F5F8000404040408021001A000400000000000F8
:10F608000000000000000000C00320041C08FE0FDA
:10F61800FE0FFE0FFE0FFC07F803000000000000BD
:10F628000000000000000000C00320041C08FE0FBA
:10F638000208020802080404F803000000000000A1
:10F6480000000000000000000000C000A000A000B2
:10F65800A000900000000000000000000000000072
:10F66800000000000000C000A000A000A000900062
:10F678000000FE07000090009000E000800080007D
:10F6880000000000000000000000980160000C036A
:10F698000C0398019801F000F00060006000300051
:10F6A80030001800F000F80198019801F801F00006
:10F6B8000000000000000000000000000000000042
:10F6C8000000000000000000980198010000F80107
:10F6D800FC030E06FE07FE0706000600FC03F80101
:10F6E8000000000000000000000000000000F00022
:10F6F800F801F801F801F801F0000000000000002E
:10F7080000000000000000000000000000000000F1
:10F718004000E000E00040000000000000000000A1
:10F72800000000000000C00FC00FC000C000C000F3
:10F73800C000C000C400CC00D800F000E000C00049
:10F7480000000000C300C706C70FC709CF0FCB06CC
:10F75800CB00DB00D30FF30FE300E300E300C300AB
:10F768000000000000000606F606FC030E07060669
:10F778000606060606060E07FC03F6060606000041
:10F78800000000000000000000000000F000F00091
:10F79800F000F000F000F0000000000000000000A1
:10F7A8000000000000000000000000000000000051
:10F7B8000000000000000000000000000000000041
:10F7C80000000000F007F8071C060C0606060606EF
:10F7D80006060606FE07FE070606060606060606CF
:10F7E80000000000FE07FE070600060006000600EF
:10F7F800FE01FE030607060606060607FE03FE01CF
:10F8080000000000FE00FE018603060306038603CF
:10F81800FE01FE030607060606060607FE03FE01AE
:10F8280000000000FE07FE070600060006000600AE
:10F838000600060006000600060006000600060090
:10F8480000000000F007F8071C060C06060606066E
:10F85800060606060606060606060606FF0FFF0F3C
:10F86800030C030CFE07FE07060006000600060050
:10F87800FE01FE010600060006000600FE07FE0760
:10F88800000000006108630C630C670666066E03DF
:10F89800FC03FC036E076606670E630C630C6108C5
:10F8A80000000000F803FC070E0E060C000C000E0A
:10F8B800F007F0030006000C060C0E0EFC07F80318
:10F8C800000000000606060706078607C606C606E5
:10F8D80066066606360636061E060E060E06060678
:10F8E800000000004606660726078607C606C60605
:10F8F80066066606360636061E060E060E06060658
:10F9080000000000060606078603C601E60076002A
:10F918003E003E007600E600C6018603060706069E
:10F9280000000000F007F8071C060C06060606068D
:10F93800060606060606060606060606060606065F
:10F948000000000006060E070E079E079E07F60633
:10F95800F60666066606060606060606060606068F
:10F968000000000006060606060606060606060647
:10F97800FE07FE070606060606060606060606062D
:10F9880000000000F000F8019C030C0306060606C0
:10F9980006060606060606060C039C03F801F00098
:10F9A80000000000FE07FE07060606060606060615
:10F9B80006060606060606060606060606060606DF
:10F9C80000000000FE01FE030607060606060606FE
:10F9D8000607FE03FE0106000600060006000600F4
:10F9E80000000000F001F8031C070C0606000600E2
:10F9F80006000600060006000C061C07F803F001C6
:10FA080000000000FC03FC03600060006000600070
:10FA180060006000600060006000600060006000DE
:10FA28000000000006060606060606060606060686
:10FA3800FE07FC070006000600060603FE03FC019D
:10FA48000000000060006000FC03FE076606660612
:10FA5800660666066606FE07FC0360006000600036
:10FA680000000000060606060C030C039801F000CF
:10FA780060006000F00098010C030C0306060606FF
:10FA88000000000006030603060306030603060338
:10FA9800060306030603060306030603FE07FE071E
:10FAA80000060006060606060606060606060606FA
:10FAB800FE07FC0700060006000600060006000612
:10FAC80000000000660666066606660666066606A6
:10FAD800660666066606660666066606FE07FE078C
:10FAE8000000000066066606660666066606660686
:10FAF800660666066606660666066606FE0FFE0F5C
:10FB0800000C000C1F001F001B001B001800F80150
:10FB1800F80318071806180618061807F803F80156
:10FB280000000000060606060606060606063E064D
:10FB38007E06E606C606C606C606E6067E063E0635
:10FB48000000000006000600060006000600FE0190
:10FB5800FE0306070606060606060607FE03FE015E
:10FB680000000000F800FC018E03060300060006F2
:10FB7800F007F0070006000606038E03FC01F800F4
:10FB880000000000C301E303730733061B0C1B0CC2
:10FB98001F0C1F0C1B0C1B0C33067307E303C3015C
:10FBA80000000000F807FC070E0606060606060613
:10FBB8000E06FC07F807700638061C060E06060631
:10FBC8000000000000000000000000000000F80332
:10FBD800FC070006F807FC0706060606FE07FC07F2
:10FBE80000000000000000000002FC03FE01060007
:10FBF800F601FE030E07060606060607FE03FC01CD
:10FC08000000000000000000000000000000FC01EF
:10FC1800FC030C030C03FC010C030C03FC03FC01A8
:10FC28000000000000000000000000000000FC03CD
:10FC3800FC030C000C000C000C000C000C000C0069
:10FC48000000000000000000000000000000F003B9
:10FC5800F8030C030C030C030C030C03FE07FE074C
:10FC68000606060600000000000000000000F8017B
:10FC7800FC030E06FE07FE0306000E00FC03F80157
:10FC88000000000000000000000000000000630CFD
:10FC9800670E6E07FC03FC036C036606670E630CB5
:10FCA8000000000000000000000000000000F0005C
:10FCB800F8010C030003E00100030C03F801F00055
:10FCC80000000000000000000000000000000C061A
:10FCD8000C060C078C07CC066C063C061C060C06AA
:10FCE80000000000000000008000C00040000C067A
:10FCF8000C060C078C07CC066C063C061C060C068A
:10FD080000000000000000000000000000008C015E
:10FD1800CC01EC007C007C00EC00CC018C030C03D3
:10FD28000000000000000000000000000000F003D8
:10FD3800F8030C030C030C030C030C030C030C0357
:10FD480000000000000000000000000000000E0796
:10FD58009E079E07F60666060606060606060606B9
:10FD680000000000000000000000000000000C0679
:10FD78000C060C060C06FC07FC070C060C060C0609
:10FD88000000000000000000000000000000F80172
:10FD9800FC030E070606060606060E07FC03F80116
:10FDA8000000000000000000000000000000FC0748
:10FDB800FC070C060C060C060C060C060C060C06BA
:10FDC8000000000000000000000000000000FE012C
:10FDD800FE030607060606060E07FE03F6010600E2
:10FDE8000600060000000000000000000000F80106
:10FDF800FC030E060600060006000E06FC03F801CA
:10FE08000000000000000000000000000000FC03EB
:10FE1800FC0360006000600060006000600060003B
:10FE280000000000000000000000000000000C03BB
:10FE38000C0398019801F000F000600060003000A9
:10FE48003000180000000000000000000000600002
:10FE5800FC03FE076606660666066606FE07FC03E2
:10FE680060006000000000000000000000000603C1
:10FE78008E03DC01F8007000F800DC018E03060335
:10FE880000000000000000000000000000000C035B
:10FE98000C030C030C030C030C030C03FC07FC07FA
:10FEA80000060006000000000000000000000C032F
:10FEB8000C030C030C03FC03F8030003000300030A
:10FEC80000000000000000000000000000006606BE
:10FED800660666066606660666066606FE07FE0788
:10FEE800000000000000000000000000000066069E
:10FEF800660666066606660666066606FE0FFE0F58
:10FF0800000C000C000000000000000000003E0093
:10FF18003E003600F003F00730063006F007F00325
:10FF280000000000000000000000000000000606BD
:10FF3800060606067E06FE06C606C606FE067E06F9
:10FF480000000000000000000000000000000C009D
:10FF58000C000C00FC01FC030C030C03FC03FC016B
:10FF68000000000000000000000000000000F80091
:10FF7800FC010603E003E00300038603FC01F8002C
:10FF88000000000000000000000000000000C601A2
:10FF9800E60376073E063E0636067607E603C60102
:10FFA8000000000000000000000000000000F8034E
:10FFB800FC030C030C03F803700338031C030C0345
:10FFC800000000000000000000000000A568010813
:10FFD800A96801089D670108A1670108A5670108CC
:10FFE80099680108A96701080000000000000000E6
:08FFF8001C2236222A221C0003
:020000040803EF
:100000001C3E2A3E223E1C0000143E3E3E1C0800C0
:1000100000081C3E3E1C0800081C1C083E3E080050
:1000200000081C3E3E081C000000000C0C000000F4
:100030003F3F3F33333F3F3F0000000000000000E0
:1000400000000000000000000038302C12120C00EC
:100050001C22221C081C08000000000000000000F8
:10006000302C342C34360600002A1C361C2A0000A2
:10007000040C1C3C1C0C040010181C1E1C18100046
:10008000081C3E083E1C080014141414140014002C
:100090003C2A2A2C282828001C220C1418221C0078
:1000A00000001E1E1E1E0000081C3E083E1C081CF0
:1000B000081C3E0808080800080808083E1C08003C
:1000C0000008183E1808000000080C3E0C0800004C
:1000D0000000000202023E000014143E141400004E
:1000E00008081C1C3E3E00003E3E1C1C0808000088
:1000F0000000000000000000081C1C0808000800A8
:10010000363612000000000000143E14143E1400A5
:10011000041C020C100E08002626100804323200BF
:10012000040A0A042A122C000C0C0400000000002F
:10013000080404040404080004080808080804006B
:1001400000141C3E1C1400000008083E08080000B3
:1001500000000000000C0C040000003E0000000045
:1001600000000000000C0C00002010080402000039
:100170001C22322A26221C00080C080808081C0031
:100180001C22201804023E001C22201C20221C00DD
:10019000101814123E1010003E02021E20221C00F5
:1001A0001804021E22221C003E2010080404040031
:1001B0001C22221C22221C001C22223C20100C008B
:1001C00000000C0C000C0C0000000C0C000C0C04CB
:1001D000100804020408100000003E00003E000069
:1001E00004081020100804001C2220180800080031
:1001F0001C223A2A3A021C001C2222223E22220001
:100200001E22221E22221E001C22020202221C008A
:100210001E22222222221E003E02021E02023E0056
:100220003E02021E020202001C22023A22223C006E
:100230002222223E222222001C08080808081C0054
:100240002020202022221C0022120A060A1222004C
:100250000202020202023E0022362A22222222004A
:1002600022262A32222222001C22222222221C00A2
:100270001E22221E020202001C2222222A122C000E
:100280001E22221E122222001C22021C20221C00DE
:100290003E080808080808002222222222221C0008
:1002A000222222222214080022222A2A2A2A140088
:1002B00022221408142222002222221408080800F4
:1002C0001E10080402021E001C04040404041C0086
:1002D00000020408102000001C10101010101C0058
:1002E00008142200000000000000000000003F0091
:1002F0000C0C08000000000000001C203C223C0008
:1003000002021E2222221E0000001C2202221C00C9
:1003100020203C2222223C0000001C221E021C0045
:100320001804041E0404040000003C22223C201C8B
:1003300002020E1212121200080008080808180023
:10034000100018101010120C0202120A060A1200F5
:1003500008080808080818000000162A2A222200A7
:1003600000000E121212120000001C2222221C0099
:1003700000001E2222221E0200003C2222223C20DB
:1003800000001A2404040E0000001C021C201C00A3
:1003900000041E040414080000001212121A1400B3
:1003A0000000222222140800000022222A3E14000B
:1003B000000012120C12120000001212121C080689
:1003C00000001E100C021E0018040406040418008D
:1003D00008080800080808000C10103010100C0065
:1003E000140A000000000000081C3622223E000013
:1003F00000000000000000000000000000000000FD
:100400000C0C0400000000000000000000000000D0
:10041000363612000000000000000C0C000C0C002E
:100420000808083F08080808083F083F08080808A7
:1004300000000000000000002626100804323200F0
:100440000000000000000000100804020408100072
:10045000000000000000000000000000000000009C
:10046000000000000000000000000000000000008C
:1004700000000000000000000C0C04000000000060
:100480000C0C0400000000003636120000000000D2
:1004900036361200000000000000000C0C000000C6
:1004A0000000003E000000000000003E00000000D0
:1004B00000000000000000003E08080808080800CE
:1004C00000000000000000000408102010080400D4
:1004D000000000000000000000000000000000001C
:1004E000000000000000000000000000000000000C
:1004F00000000000000000002A2A223C20221C00EC
:100500000C001212121C080600000000000000007F
:1005100000331E331E330000000000000000000006
:1005200008080808080808081C220C1418221C00D7
:10053000143E021E02023E0000001C2202221C0089
:100540001C22020E02221C001008040204081000E3
:100550000000000F080808080000003E000000002E
:100560001E22221E122222002208080808081C004F
:100570000C12120C000000000008083E08080000E1
:10058000000000000000000000000000000000006B
:100590000000000000000000000022223C2020009B
:1005A0003C2A2A2C28282800000000040000000013
:1005B00014001C221E021C00393B0B0D3D090900D2
:1005C00000001C220E221C00040810201008040049
:1005D000000000000000000000000000000000001B
:1005E00000000000000000001400080808081800BF
:1005F0001C2222223E2222003E02021E22221E0035
:100600001E22221E22221E003E02020202020200BE
:100610001C121212123F21003E02021E02023E0074
:100620002A2A2A1C2A2A2A000E11100E10110E0046
:10063000222222322A2622002A2A22322A26220096
:1006400022120A060A122200382424242424260016
:1006500022362A22222222002222223E2222220086
:100660001C22222222221C003E222222222222009E
:100670001E22221E020202001C22020202221C0072
:100680003E080808080808002222223C20221C00FC
:100690001C2A2A2A1C0808002222140814222200DC
:1006A0001212121212123E202222223C202020007E
:1006B0002A2A2A2A2A2A3E002A2A2A2A2A2A3E20A6
:1006C0000705041C24241C002222222E32322E0074
:1006D0000202021E22221E001C22203820221C00A0
:1006E000122A2A2E2A2A12003C22223C24222200EC
:1006F00000001C203C223C00201C021E22221C0068
:1007000000001E221E221E0000001E120202020015
:1007100000001C12123F210000001C221E021C00BF
:1007200000002A2A1C2A2A0000001C2218221C0071
:10073000000022322A262200001822322A26220015
:100740000000120A060A120000001C121212110008
:10075000000022362A222200000022223E2222000D
:1007600000001C2222221C0000003E222222220025
:1007700000001E2222221E0200001C2202221C0057
:1007800000003E080808080000001212121C0806AB
:1007900000001C2A2A1C0800000012120C12120071
:1007A0000000121212123E20000022223C202000E3
:1007B00000002A2A2A2A3E0000002A2A2A2A3E204D
:1007C000000007051C241C00000022222E322E00EF
:1007D000000002021E221E0000001C2238221C0003
:1007E0000000122A2E2A120000003C223C24220083
:1007F00000000000000000001D69010821690108D7
:100800009D670108A1670108A56701080D69010836
:10081000A9670108000000000000000000000000BF
:10082000007EC381A581BD99C37E0000007EFFFFCD
:10083000DBFFC3E7FF7E0000000022777F7F7F3E63
:100840001C08000000081C3E7F7F3E1C08000000C2
:1008500000183C3CFFE7E718187E000000183C7EBB
:10086000FFFF7E18187E0000000000003C7E7E3CEA
:1008700000000000FFFFFFFFC38181C3FFFFFFFFF8
:100880000000000000000000000000000000000068
:100890000000000000000000007C705C4E1F33333D
:1008A000331E0000003C6666663C187E1818000087
:1008B00000000000000000000000000000FEC6FE76
:1008C000C6C6C6E6E7670300000018DB7EE7E77EE2
:1008D000DB180000000103071F7F1F070301000052
:1008E000004060707C7F7C706040000000183C7E9F
:1008F0001818187E3C1800000066666666660000E0
:100900006666000000FEDBDBDBDED8D8D8D800004E
:10091000007EC60C3C66663C30637E0000003C3CBA
:100920003C3C3C3C3C3C000000183C7E1818187EC7
:100930003C187E0000183C7E181818181818000083
:10094000001818181818187E3C180000000000182D
:10095000307F3018000000000000000C067F060CFD
:1009600000000000000000000303037F00000000FF
:100970000000002466FF6624000000000000080854
:100980001C1C3E3E7F7F000000007F7F3E3E1C1C03
:100990000808000000000000000000000000000047
:1009A000000C1E1E1E0C0C000C0C0000006666667F
:1009B00024000000000000000036367F3636367F07
:1009C000363600000C0C3E03031E30301F0C0C00AA
:1009D0000000002333180C0633310000000E1B1BEF
:1009E0000E5F7B333B6E0000000C0C0C0600000019
:1009F000000000000030180C0606060C183000003D
:100A000000060C18303030180C060000000000669C
:100A10003CFF3C660000000000000018187E18181B
:100A20000000000000000000000000001C1C060088
:100A300000000000007F0000000000000000000037
:100A4000000000001C1C00000000406030180C0674
:100A500003010000003E636B6B6B6B6B633E000039
:100A600000080C0F0C0C0C0C0C3F0000001E333364
:100A700030180C06333F0000001E3330301C30307D
:100A8000331E00000030383C36337F3030780000B1
:100A9000003F0303031F3030331E0000001C060319
:100AA000031F3333331E0000007F63636030180C74
:100AB0000C0C0000001E3333371E3B33331E000086
:100AC000001E3333333E18180C0E00000000001CCB
:100AD0001C00001C1C0000000000001C1C00001C6E
:100AE0001C180C000030180C0603060C183000000F
:100AF000000000007E007E000000000000060C18D0
:100B0000306030180C060000001E3330180C0C004A
:100B10000C0C0000003E63637B7B7B03033E000004
:100B2000000C1E3333333F3333330000003F66661F
:100B3000663E6666663F0000003C6663030303632F
:100B4000663C0000001F366666666666361F00005B
:100B5000007F4606263E2606467F0000007F66464A
:100B6000263E2606060F0000003C666303037363FF
:100B7000667C000000333333333F333333330000BC
:100B8000001E0C0C0C0C0C0C0C1E000000783030FD
:100B900030303333331E000000676636361E36367B
:100BA00066670000000F060606064666667F0000C0
:100BB0000063777F7F6B6363636300000063636739
:100BC0006F7F7B7363630000001C36636363636342
:100BD000361C0000003F6666663E0606060F0000F3
:100BE000001C36636363737B3E307800003F6666AB
:100BF000663E366666670000001E3333030E183308
:100C0000331E0000003F2D0C0C0C0C0C0C1E0000C1
:100C10000033333333333333331E00000033333385
:100C2000333333331E0C000000636363636B6B3636
:100C300036360000003333331E0C1E3333330000CE
:100C400000333333331E0C0C0C1E0000007F73196D
:100C5000180C0646637F0000003C0C0C0C0C0C0CBE
:100C60000C3C000000000103060C1830604000003E
:100C7000003C303030303030303C0000081C3663EF
:100C80000000000000000000000000000000000064
:100C90000000FF000C0C1800000000000000000025
:100CA000000000001E303E33336E000000070606D1
:100CB0003E666666663B0000000000001E330303CC
:100CC000331E0000003830303E333333336E0000C3
:100CD000000000001E333F03331E0000001C3606D8
:100CE000061F0606060F0000000000006E333333B7
:100CF0003E30331E00070606366E666666670000E5
:100D0000001818001E181818187E00000030300057
:100D10003C3030303033331E0007060666361E3650
:100D200066670000001E181818181818187E0000B2
:100D3000000000003F6B6B6B6B6300000000000065
:100D40001F33333333330000000000001E333333CE
:100D5000331E0000000000003B666666663E060F1C
:100D6000000000006E333333333E30780000000063
:100D700037766E06060F0000000000001E330618CE
:100D8000331E0000000004063F060606361C000065
:100D90000000000033333333336E000000000000E6
:100DA000333333331E0C00000000000063636B6BB1
:100DB000363600000000000063361C1C366300005D
:100DC00000000000666666663C30180F00000000F8
:100DD0003F311806233F000000380C0C0603060CB8
:100DE0000C380000001818181800181818180000FF
:100DF00000070C0C1830180C0C07000000CE5B73B9
:100E00000000000000000000000000081C366363C2
:100E10007F00000000000000000000000000000053
:100E2000000000000000000000000000000C0C0C9E
:100E300006000000000000000000000000000000AC
:100E4000000000000066666624000000000000004C
:100E50000000001C1C00001C1C00000018181818C2
:100E600018FF18181818181818181818FF0000FF7D
:100E70001818181800000000000000000000000012
:100E80000000002333180C0633310000000000007E
:100E900000000000000000000030180C0603060CE3
:100EA00018300000000000000000000000000000FA
:100EB0000000000000000000000000000000000032
:100EC0000000000000000000000000000000000022
:100ED0000000000000000000000000000000000012
:100EE000000C0C0C0600000000000000000C0C0CB4
:100EF0000600000000000000006666662400000096
:100F0000000000000066666624000000000000008B
:100F1000000000003C7E7E3C00000000000000005D
:100F2000007F00000000000000000000007F0000C3
:100F300000000000000000000000000000000000B1
:100F4000003F2D0C0C0C0C0C0C1E000000000000CF
:100F5000000000000000000000060C18306030188F
:100F60000C0600000000000000000000000000006F
:100F70000000000000000000000000000000000071
:100F80000000000000000000000000000000000061
:100F90000000000000000000000000000000000051
:100FA0001800666666667C60663C000000001800FB
:100FB000666666663C30180F000000000000000006
:100FC000000000000000663C243C660000000000B9
:100FD00000000000000000000000000018181818B1
:100FE0001818181818181818007EC60C3C66663CAD
:100FF00030637E00367F4606263E2606467F00008A
:10100000000000001E330303331E0000003C666333
:10101000030F0363663C00000030180C0603060C47
:101020001830000000000000001F181818181818C9
:1010300000000000007F000000000000003F666626
:10104000663E36666667000033330C0C0C0C0C0CE5
:101050000C1E0000003C6666663C000000000000BC
:1010600000000018187E18180000000000000000A2
:101070000000000000000000000000000000000070
:101080000000000000000000000000000000000060
:10109000000000003333333E3030000000FEDBDB65
:1010A000DBDED8D8D8D8000000000000001800000F
:1010B00000000000001212001E333F03331E000028
:1010C00000737333377F7B3333330000000000003D
:1010D0001E330F03331E000000060C18306030185A
:1010E0000C060000000000000000000000000000EE
:1010F00000000000000000000000000000000000F0
:1011000000000000000000000066660018181818B3
:10111000183C0000000C1E3333333F3333330000E0
:10112000007F46063E666666663F0000003F6666D4
:10113000663E6666663F0000007F46460606060677
:10114000060F0000007C66666666666666FFC30082
:10115000007F4606263E2606467F00000099DB5AA1
:101160007E3C7E5ADB990000003C6662603860621B
:10117000663C0000006363737B7F6F6763630000FE
:10118000186B6F737B7F6F67636300000067663661
:10119000361E36366667000000787C6666666666D0
:1011A000666300000063777F7F6B636363630000A7
:1011B00000636363637F636363630000001C3663E3
:1011C00063636363361C0000007F63636363636370
:1011D00063630000003F6666663E0606060F000079
:1011E000003C666303030363663C0000007E5A18FC
:1011F00018181818183C00000066666666667C6061
:10120000663C000000187EDBDBDBDB7E181800008C
:10121000003333331E0C1E333333000000333333BB
:1012200033333333337F60000063636363637E6013
:1012300060600000006B6B6B6B6B6B6B6B7F000017
:10124000006B6B6B6B6B6B6B6BFFC0000007070673
:10125000063E6666663E000000636363636F7B7BE9
:101260007B6F000000000303033F6363633F0000E4
:10127000001E336360786063331E00000073DBDBA5
:10128000DFDFDBDBDB73000000FC6666667C6C6620
:1012900066E70000000000001E303E33336E0000A1
:1012A000000000203E031F33331E0000000000003A
:1012B0001F331F33331F0000000000003F030303F0
:1012C00003030000000000003E363636367F630020
:1012D000000000001E333F03331E0000000000002A
:1012E000496B3E3E6B490000000000001E311C307F
:1012F000311E00000000000033333B3F3733000055
:101300000010180833333B3F373300000000000063
:10131000331B0F1B1333000000000000383C343631
:10132000323300000000000063776B6B63630000E2
:101330000000000033333F3333330000000000006F
:101340001E333333331E0000000000003F333333BD
:1013500033330000000000001F333333331F030317
:10136000000000001E330303331E000000000000D5
:101370003F0C0C0C0C0C000000000000666666665A
:101380007C60663C000000083E6B6B6B3E0808000A
:101390000000000063361C1C3663000000000000E3
:1013A00033333333337F6000000000003333333E88
:1013B00030300000000000006B6B6B6B6B7F000037
:1013C000000000006B6B6B6B6BFFC0000000000047
:1013D00007073E66663E00000000000063636F7B07
:1013E0007B6F00000000000003031F33331F000069
:1013F000000000001E333C30331E000000000000DF
:101400003B6F6F6F6F3B0000000000003E33333EC8
:101410003633000000000000000000009169010860
:10142000956901089D670108A1670108A567010882
:1014300085690108A967010800000000000000009C
:101440007E81A581BD99817E7EFFDBFFC3E7FF7EA4
:10145000367F7F7F3E1C0800081C3E7F3E1C080034
:101460001C3E1C7F7F6B081C08081C3E7F3E081C2E
:101470000000183C3C180000FFFFE7C3C3E7FFFF74
:10148000000000000000000000000000000000005C
:10149000F0E0F0BE3333331E3C6666663C187E18BF
:1014A0000000000000000000FEC6FEC6C6E667039E
:1014B000995A3CE7E73C5A9901071F7F1F07010033
:1014C00040707C7F7C704000183C7E18187E3C1871
:1014D0006666666666006600FEDBDBDED8D8D8008E
:1014E0007EC31E33331E311F00003C3C3C3C0000D9
:1014F000183C7E187E3C18FF183C7E1818181800FF
:10150000181818187E3C18000018307F301800009A
:10151000000C067F060C000000000303037F0000A0
:10152000002466FF6624000000183C7EFFFF0000D8
:1015300000FFFF7E3C1800000000000000000000DB
:101540000C1E1E0C0C000C0036363600000000008D
:1015500036367F367F3636000C3E031E301F0C00B9
:10156000006333180C6663001C361C6E3B336E0040
:101570000606030000000000180C0606060C180002
:10158000060C1818180C060000663CFF3C660000AC
:10159000000C0C3F0C0C000000000000000E0C06BC
:1015A0000000003F0000000000000000000C0C00E4
:1015B0006030180C060301001E333B3F37331E001A
:1015C0000C0F0C0C0C0C3F001E33301C06333F007C
:1015D0001E33301C30331E00383C36337F30300031
:1015E0003F031F3030331E001C06031F33331E0021
:1015F0003F3330180C0606001E33331E33331E00F3
:101600001E33333E30180E0000000C0C000C0C0092
:1016100000000C0C000E0C06180C0603060C18003B
:1016200000003F003F000000060C1830180C0600B8
:101630001E3330180C000C003E637B7B7B031E00C6
:101640000C1E33333F3333003F66663E66663F0011
:101650003C66030303663C003F36666666363F0021
:101660007F46161E16467F007F46161E16060F0082
:101670003C66030373667C003333333F33333300FC
:101680001E0C0C0C0C0C1E007830303033331E0056
:101690006766361E366667000F06060646667F00DA
:1016A00063777F6B6363630063676F7B7363630060
:1016B0001C36636363361C003F66663E06060F00F9
:1016C0001E3333333B1E38003F66663E1E366700CE
:1016D0001E33071C38331E003F2D0C0C0C0C1E0053
:1016E0003333333333333F0033333333331E0C0060
:1016F0006363636B7F7763006363361C36636300E9
:101700003333331E0C0C1E007F33190C46637F00ED
:101710001E06060606061E0003060C183060400072
:101720001E18181818181E00081C36630000000048
:10173000000000000000FF000C0C1800000000007A
:1017400000001E303E336E0007063E6666663D00B2
:1017500000001E3303331E003830303E33336E003A
:1017600000001E333F031E001C36060F06060F0046
:1017700000006E33333E301F0706366E6666670024
:101780000C000E0C0C0C1E0018001E1818181B0E56
:10179000070666361E3667000E0C0C0C0C0C1E007D
:1017A0000000377F6B63630000001F333333330067
:1017B00000001E3333331E0000003B66663E060FFA
:1017C00000006E33333E307800001B3636060F00C3
:1017D00000003E031E301F00080C3E0C0C2C1800AD
:1017E0000000333333336E0000003333331E0C00FC
:1017F000000063636B7F3600000063361C366300B5
:1018000000003333333E301F00003F190C263F00E9
:10181000FF818181818181FFFF81BDBDBDBD81FFD0
:10182000FF20707CFEFE7C0007000040FF400000AF
:1018300000E1FDFFFD31100000C1E3FF3F000000AB
:10184000F0080402E1C1E1C10F1021719F8F8F8761
:10185000C1E1FDF1DA0C08F0878F8F8F4F20100F58
:1018600000000C0C000C0C0018181818FF181818A1
:101870001818FF18FF1818180000000000000000DA
:10188000006333180C6663000000000000000000D5
:10189000180C0603060C18000000000000000000F1
:1018A0000000000000000000000000000000000038
:1018B0000000000000000000000000000000000028
:1018C00006060300000000000606030000000000FA
:1018D00036363600000000003636360000000000C4
:1018E0000000183C3C1800000000003F0000000011
:1018F0000000003F000000000000000000000000A9
:101900003F2D0C0C0C0C1E0000000000000000001D
:10191000060C1830180C0600000000000000000043
:1019200000000000000000000000000000000000B7
:1019300000000000000000000000000000000000A7
:101940000863637E60633E006B6B6363637E603E2F
:10195000000000000000000000633E63633E63007F
:1019600000000000000000001818181818181818B7
:101970007EC31E33331E311F367F461E06467F0050
:1019800000001E3303331E003C66031F03663C0049
:10199000180C0603060C1800000000001F18181889
:1019A0000000003F000000003F66663E1E366700F4
:1019B000330C0C0C0C0C1E001C36361C00000000F6
:1019C000000C0C3F0C0C00000000000000000000A8
:1019D0000000000000000000000000000000000007
:1019E000000063637E606000FEDBDBDED8D8D800D9
:1019F000000000001800000033001E333F031E00EB
:101A00007133377F3B33330000003E630F633E008A
:101A1000060C1830180C0600000000000000000042
:101A200000000000000000000000000000000000B6
:101A300033000E0C0C0C1E007C6663637F63630036
:101A40007F66063E66663F003F66663E66663F000E
:101A50007F66060606060F00786C66666666FFC33C
:101A60007F46161E16467F006B6B3E1C3E6B6B005E
:101A70001E33301C30331E006363737B6F6763005B
:101A80006B63737B6F6763006766361E366667003D
:101A9000786E66666666630063777F6B6363630078
:101AA0006363637F636363001C36636363361C0098
:101AB0007F636363636363003F66663E06060F00F1
:101AC0003C66030303663C003F2D0C0C0C0C1E000F
:101AD0006363637E60633E003E6B6B6B3E081C007D
:101AE0006363361C366363003333333333337F60D1
:101AF0006363637E606060006B6B6B6B6B6B7F001E
:101B00006B6B6B6B6B6BFFC00F0F0D3C6C6C3C0019
:101B10006363636F7B7B6F000F06063E66663E0065
:101B20001E33607C60331E003B6B6B6F6B6B3B0046
:101B30007E63637E7C66630000001E303E336E0071
:101B4000603E033E63633E0000003F663E663F002A
:101B500000007F6606060F0000003C3636367F63C5
:101B600000001E333F031E0000006B3E1C3E6B0056
:101B700000003E6338633E00000063737B6F6700C4
:101B8000086363737B6F6700000067361E3667006B
:101B900000007C66666667000000637F7F6B630001
:101BA000000063637F63630000001E3333331E0055
:101BB00000007F636363630000003F66663E060FBC
:101BC00000001E3303331E0000007E5A18183C002C
:101BD00000006363637E603E00003E6B6B3E081C4A
:101BE000000063361C3663000000333333337F60FC
:101BF000000063637E60600000006B6B6B6B7F00B6
:101C000000006B6B6B6BFFC000000F0D3C6C3C0069
:101C1000000063636F7B6F0000000F063E663E00AE
:101C200000003E6378633E0000003B6B6F6B3B003F
:101C300000007E637E66630000000000000000007C
:101C4000056A0108236A0108F9690108FF690108AA
:101C5000076A0108196A0108002728290000000006
:101C600000000000B16A0108C96A01083F6A010862
:101C7000316A0108456A0108576A01086B6A010860
:101C8000ED6A0108236B0108C96B0108156C010896
:101C9000616C0108BB6C01085D6A0108376A0108C4
:101CA0003B6A010800000000000000005B6D0108B5
:101CB000EF6D0108256D0108156D01085D6D0108C6
:101CC0001B6D0108876D01082B6D0108CD6D0108A2
:101CD000DF6D0108002B2C2D00000000000000002B
:101CE000056E01083B6F0108076E01080D6E0108C3
:101CF000596F01087F6F01089F6F0108BD6F0108D0
:101D0000DF6F0108FB6F0108136E010817700108EF
:101D1000696E0108DD6E0108216E01084B6E010835
:101D2000FD6D0108016E01080000000000000000C8
:101D30008B700108D9700108157101088D700108B8
:101D4000A170010819710108317001082B70010898
:101D5000B77001087970010800000000963007771D
:101D60002C610EEEBA51099919C46D078FF46A708F
:101D700035A563E9A395649E3288DB0EA4B8DC79AF
:101D80001EE9D5E088D9D2972B4CB609BD7CB17E2F
:101D9000072DB8E7911DBF906410B71DF220B06AFF
:101DA0004871B9F3DE41BE847DD4DA1AEBE4DD6D0F
:101DB00051B5D4F4C785D38356986C13C0A86B640F
:101DC0007AF962FDECC9658A4F5C0114D96C06632F
:101DD000633D0FFAF50D088DC8206E3B5E10694C0F
:101DE000E44160D5727167A2D1E4033C47D4044B4F
:101DF000FD850DD26BB50AA5FAA8B5356C98B2422F
:101E0000D6C9BBDB40F9BCACE36CD832755CDF45AE
:101E1000CF0DD6DC593DD1ABAC30D9263A00DE51DE
:101E20008051D7C81661D0BFB5F4B42123C4B356CE
:101E30009995BACF0FA5BDB89EB802280888055F4E
:101E4000B2D90CC624E90BB1877C6F2F114C6858AE
:101E5000AB1D61C13D2D66B69041DC760671DB019C
:101E6000BC20D2982A10D5EF8985B1711FB5B6066E
:101E7000A5E4BF9F33D4B8E8A2C9077834F9000FAE
:101E80008EA8099618980EE1BB0D6A7F2D3D6D084E
:101E9000976C6491015C63E6F4516B6B62616C1C3E
:101EA000D83065854E0062F2ED95066C7BA5011B6E
:101EB000C1F4088257C40FF5C6D9B06550E9B7120E
:101EC000EAB8BE8B7C88B9FCDF1DDD62492DDA15CE
:101ED000F37CD38C654CD4FB5861B24DCE51B53AEE
:101EE0007400BCA3E230BBD441A5DF4AD795D83DEE
:101EF0006DC4D1A4FBF4D6D36AE96943FCD96E342E
:101F0000468867ADD0B860DA732D0444E51D03330D
:101F10005F4C0AAAC97C0DDD3C710550AA4102271D
:101F200010100BBE86200CC925B56857B3856F20ED
:101F300009D466B99FE461CE0EF9DE5E98C9D9294D
:101F40002298D0B0B4A8D7C7173DB359810DB42E8D
:101F50003B5CBDB7AD6CBAC02083B8EDB6B3BF9AD9
:101F60000CE2B6039AD2B1743947D5EAAF77D29D65
:101F70001526DB048316DC73120B63E3843B649445
:101F80003E6A6D0DA85A6A7A0BCF0EE49DFF099345
:101F900027AE000AB19E077D44930FF0D2A30887B5
:101FA00068F2011EFEC206695D5762F7CB67658065
:101FB00071366C19E7066B6E761BD4FEE02BD38965
:101FC0005A7ADA10CC4ADD676FDFB9F9F9EFBE8EC5
:101FD00043BEB717D58EB060E8A3D6D67E93D1A105
:101FE000C4C2D83852F2DF4FF167BBD16757BCA6E5
:101FF000DD06B53F4B36B248DA2B0DD84C1B0AAF85
:10200000F64A0336607A0441C3EF60DF55DF67A804
:10201000EF8E6E3179BE69468CB361CB1A8366BC94
:10202000A0D26F2536E2685295770CCC03470BBBE4
:10203000B91602222F260555BE3BBAC5280BBDB2E4
:10204000925AB42B046AB35CA7FFD7C231CFD0B584
:102050008B9ED92C1DAEDE5BB0C2649B26F263EC76
:102060009CA36A750A936D02A906099C3F360EEB84
:102070008567077213570005824ABF95147AB8E244
:10208000AE2BB17B381BB60C9B8ED2920DBED5E524
:10209000B7EFDC7C21DFDB0BD4D2D38642E2D4F174
:1020A000F8B3DD686E83DA1FCD16BE815B26B9F604
:1020B000E177B06F7747B718E65A0888706A0FFF64
:1020C000CA3B06665C0B0111FF9E658F69AE62F824
:1020D000D3FF6B6145CF6C1678E20AA0EED20DD724
:1020E0005483044EC2B30339612667A7F71660D044
:1020F0004D476949DB776E3E4A6AD1AEDC5AD6D984
:10210000660BDF40F03BD83753AEBCA9C59EBBDEA3
:102110007FCFB247E9FFB5301CF2BDBD8AC2BACA53
:102120003093B353A6A3B4240536D0BA9306D7CDC3
:102130002957DE54BF67D9232E7A66B3B84A61C4E3
:10214000021B685D942B6F2A37BE0BB4A18E0CC3A3
:102150001BDF055A8DEF022D00000000000000007B
:1021600055150008E17A0108157B01082F7B01084D
:10217000F3140008F9140008FF140008C57C0108D6
:10218000297B0108000000000000000085170008FE
:10219000B5170008056601087F6601089F660108FB
:1021A000236601083D66010811670108677D010883
:1021B0006D7D010831820108B12D0008B72D00089E
:1021C000BD2D0008C32D0008C92D0008CF2D000823
:1021D000D52D0008D92D00085166010800061016FB
:1021E0000006101601030507090E10121416181C1C
:1021F0001E435545414141414345454549494941B2
:10220000414592924F4F4F5555594F554F9C4F9EB8
:102210009F41494F55A5A5A6A7A8A9AAABACADAEAD
:10222000AFB0B1B2B3B4414141B8B9BABBBCBDBEA5
:10223000BFC0C1C2C3C4C54141C8C9CACBCCCDCE41
:10224000CFD1D145454549494949D9DADBDCDD499A
:10225000DF4FE14F4F4F4FE6E8E85555555959EEDE
:10226000EFF0F1F2F3F4F5F6F7F8F9FAFBFCFDFE06
:10227000FF007D1D0100632C001E9601A01E5A0167
:10228000001F0806101F0606201F0806301F08063C
:10229000401F0606511F0700591F521F5B1F541F86
:1022A0005D1F561F5F1F601F0806701F0E00BA1FBC
:1022B000BB1FC81FC91FCA1FCB1FDA1FDB1FF81F98
:1022C000F91FEA1FEB1FFA1FFB1F801F0806901F54
:1022D0000806A01F0806B01F0400B81FB91FB21FD0
:1022E000BC1FCC1F0100C31FD01F0206E01F020647
:1022F000E51F0100EC1FF21F0100FC1F4E21010031
:10230000322170211002842101008321D0241A057A
:10231000302C2F04602C0201672C0601752C020161
:10232000802C6401002D260841FF1A030000610083
:102330001A03E0001703F8000703FF00010078010B
:102340000001300132010601390110014A012E015C
:102350007901060180014D00430281018201820161
:102360008401840186018701870189018A018B012B
:102370008B018D018E018F019001910191019301DB
:102380009401F60196019701980198013D029B0185
:102390009C019D0120029F01A001A001A201A201B8
:1023A000A401A401A601A701A701A901AA01AB01EB
:1023B000AC01AC01AE01AF01AF01B101B201B3019B
:1023C000B301B501B501B701B801B801BA01BB014C
:1023D000BC01BC01BE01F701C001C101C201C301C2
:1023E000C401C501C401C701C801C701CA01CB01AD
:1023F000CA01CD011001DD0101008E01DE011201D3
:10240000F3010300F101F401F401F80128012202B3
:1024100012013A020900652C3B023B023D02662C88
:102420003F0240024102410246020A0153024000BB
:1024300081018601550289018A0158028F015A02E1
:1024400090015C025D025E025F0293016102620222
:1024500094016402650266026702970196016A02AE
:10246000622C6C026D026E029C01700271029D0171
:10247000730274029F0176027702780279027A026F
:102480007B027C02642C7E027F02A6018102820212
:10249000A9018402850286028702AE014402B101CD
:1024A000B20145028D028E028F0290029102B701A5
:1024B0007B030300FD03FE03FF03AC03040086035C
:1024C000880389038A03B1031103C2030200A30333
:1024D000A303C4030803CC0303008C038E038F0300
:1024E000D8031801F2030A00F903F303F403F50318
:1024F000F603F703F703F903FA03FA0330042003A2
:1025000050041007600422018A043601C1040E0140
:10251000CF040100C004D00444016105260400007A
:10252000C700FC00E900E200E400E000E500E7008D
:10253000EA00EB00E800EF00EE00EC00C400C5008C
:10254000C900E600C600F400F600F200FB00F90046
:10255000FF00D600DC00F800A300D800D7009201ED
:10256000E100ED00F300FA00F100D100AA00BA008A
:10257000BF00AE00AC00BD00BC00A100AB00BB00C2
:1025800091259225932502252425C100C200C00073
:10259000A9006325512557255D25A200A50010251A
:1025A000142534252C251C2500253C25E300C300DB
:1025B0005A25542569256625602550256C25A400DB
:1025C000F000D000CA00CB00C8003101CD00CE0021
:1025D000CF0018250C2588258425A600CC00802551
:1025E000D300DF00D400D200F500D500B500FE0016
:1025F000DE00DA00DB00D900FD00DD00AF00B40032
:10260000AD00B1001720BE00B600A700F700B8006B
:10261000B000A800B700B900B300B200A025A00028
:10262000C53B0208A53B0208453B0208E53A020803
:102630006D3A0208000000000102030400000000DF
:102640000000000001020304060708090000000062
:1026500059F3F8C21F6EA501000000000000F03F12
:102660000000000000000080182D4454FB210940A8
:10267000182D4454FB2109C0182D4454FB21E9BFF7
:10268000D221337F7CD90240D221337F7CD902C052
:10269000FB21F93FFB2109407CD91240FB21194065
:1026A0007A6A1F407CD92240BBFD2540FB2129408E
:1026B0003A462C407A6A2F405C4731407CD9324000
:1026C0009C6B3440BBFD3540DB8F3740FB213940EC
:1026D0001BB43A403A463C405AD83D407A6A3F40A3
:1026E0004C7E40405C4741406C1042407CD94240A7
:1026F0008CA243409C6B4440AC344540BBFD4540FC
:10270000CBC64640DB8F4740EB584840FB21494051
:1027100083F9A200444E6E00FC291500D157270012
:10272000DD34F50062DBC0003C9995004190430028
:102730006351FE00BBDEAB00B761C5003A6E2400FA
:10274000D24D42004906E00009EA2E001C92D10059
:10275000EB1DFE0029B11C00E83EA700F535820004
:1027600044BB2E009CE98400B4267000417E5F00CB
:10277000D6913900538339009CF439008B5F840073
:1027800028F9BD00F81F3B00DEFF97000F980500F9
:10279000112FEF000A5A8B006D1F6D00CF7E36009F
:1027A00009CB2700464FB7009E663F002DEA5F0029
:1027B000BA277500E5EBC7003D7BF100F73907004C
:1027C00092528A00FB6BEA001FB15F00085D8D002A
:1027D000300356007BFC4600F0AB6B0020BCCF0002
:1027E00036F49A00E3A91D005E619100081BE60023
:1027F00085996500A0145F008D40680080D8FF00B7
:1028000027734D0006063100CA561500C9A873008B
:102810007BE260006B8CC000E2652F227F2B7A3C4C
:10282000075C143326A6813CBDCBF07A8807703C48
:10283000075C143326A6913C4FBB610567ACDD3FB6
:10284000182D4454FB21E93F9BF681D20B73EF3FD7
:10285000182D4454FB21F93F00000040FB21F93FB3
:10286000000000002D44743E000000809846F83CB3
:102870000000006051CC783B00000080831BF039E1
:102880000000004020257A38000000802282E336D4
:10289000000000001DF36935020000000300000085
:1028A000040000000600000000202020202020203E
:1028B00020202828282828202020202020202020F0
:1028C0002020202020202020208810101010101000
:1028D000101010101010101010040404040404044C
:1028E00004040410101010101010414141414141E6
:1028F00001010101010101010101010101010101C8
:1029000001010101101010101010424242424242D7
:102910000202020202020202020202020202020297
:10292000020202021010101020000000000000003F
:102930000000000000000000000000000000000097
:102940000000000000000000000000000000000087
:102950000000000000000000000000000000000077
:102960000000000000000000000000000000000067
:102970000000000000000000000000000000000057
:102980000000000000000000000000000000000047
:102990000000000000000000000000000000000037
:0C29A0000000000000000000000000002B
:0829AC0034D8FC7F010000009B
:1029B400C5010008AD120008898C00080D740108D7
:0C29C400A1010008C114000819740108EA
:1029D0002800270020000000509D020818B50208BA
:1029E00000000000280028002000000068A3020862
:1029F00018B50208000000000000000101000101FC
:102A000002000201030003010400040105000501A6
:102A1000060006010100000010000000090243004A
:102A2000020100C032090400000102020100052475
:102A300000100105240100010424020205240600FF
:102A4000010705820308001009040100020A0000C2
:102A50000007050102400000070581024000000058
:102A6000ADE801084DE801085DE70108000000003D
:102A7000E9E50108F9E60108C1E6010800000000E7
:102A8000000000000000000079E601082DE60108C2
:102A900075E6010821E601080A0600020000004070
:102AA00001000000AAAAAAAA010000000024F40064
:102AB000CD440208A9440208AD440208B544020806
:102AC000B14402081A0300000000000000000000EA
:102AD00000000000000000000000000000000000F6
:102AE000040309041201000202020040830440575B
:102AF00000020102030100005D4702086947020865
:102B0000DD470208F5470208A14702080D48020800
:102B1000254802080000000003000000B0F8012072
:102B20005401002000000000B0F8012018F9012035
:102B300080F90120000000000000000000000000FB
:102B40000000000000000000000000000000000085
:102B50000000000000000000000000000000000075
:102B60000000000000000000000000000000000065
:042B7000F1F9012056
:040000050802483D68
:00000001FF
